hamming_distance,strict_threshold_match,split_pair,class_name,path_a,path_b,leaf_id_a,leaf_id_b,involves_unmapped_leaf
2,True,test--train,Corn_(maize)___Northern_Leaf_Blight,train\Corn_(maize)___Northern_Leaf_Blight\83327a8d-9bfd-49d6-9fc9-bc065a379bce___RS_NLB 4044 copy 2.jpg,train\Corn_(maize)___Northern_Leaf_Blight\b7ec2193-2a49-43b9-9962-7a13d472e668___RS_NLB 4044.JPG,,,True
2,True,test--train,Peach___Bacterial_spot,train\Peach___Bacterial_spot\4fd4fd59-b5ad-4ff5-9c3b-3d5c74a23361___Rut._Bact.S 0767.JPG,train\Peach___Bacterial_spot\50e07867-1835-4031-9752-b5c62bb94f12___Rut._Bact.S 1277.JPG,Peach___Bacterial_spot:::5.0,Peach___Bacterial_spot:::90.0,False
2,True,test--train,Tomato___Septoria_leaf_spot,train\Tomato___Septoria_leaf_spot\a11dad0c-2ed0-4d57-bd0b-0b19a0d7f17c___Matt.S_CG 2622.JPG,train\Tomato___Septoria_leaf_spot\17e3282e-f327-4245-95b1-a4fee7b33838___Matt.S_CG 2619.JPG,Tomato___Septoria_leaf_spot:::88.0,Tomato___Septoria_leaf_spot:::87.0,False
2,True,test--train,Tomato___Tomato_Yellow_Leaf_Curl_Virus,val\Tomato___Tomato_Yellow_Leaf_Curl_Virus\fcdfc17c-1a1b-48df-8612-740f3a50fcbd___UF.GRC_YLCV_Lab 01892.JPG,train\Tomato___Tomato_Yellow_Leaf_Curl_Virus\1240c7a7-a64a-4659-8849-5451c205208d___UF.GRC_YLCV_Lab 01888.JPG,,,True
3,True,test--train,Orange___Haunglongbing_(Citrus_greening),train\Orange___Haunglongbing_(Citrus_greening)\bfc23629-c9cd-4c81-b6b0-d11f07dbc204___CREC_HLB 7824.JPG,train\Orange___Haunglongbing_(Citrus_greening)\26680011-8f2c-4099-b7ff-574a349d1146___CREC_HLB 7242.JPG,Orange___Haunglongbing_(Citrus_greening):::OCT_815.0,Orange___Haunglongbing_(Citrus_greening):::OCT_671.0,False
3,True,test--train,Tomato___Tomato_Yellow_Leaf_Curl_Virus,train\Tomato___Tomato_Yellow_Leaf_Curl_Virus\46476c84-3651-4706-af74-ccda9fb43719___UF.GRC_YLCV_Lab 08496.JPG,train\Tomato___Tomato_Yellow_Leaf_Curl_Virus\c91b0581-41e8-48a5-9807-842ee3ba12ef___UF.GRC_YLCV_Lab 08495.JPG,,,True
3,True,test--train,Tomato___Tomato_Yellow_Leaf_Curl_Virus,train\Tomato___Tomato_Yellow_Leaf_Curl_Virus\7c215f7a-4aaf-4461-a727-7e4777daa562___UF.GRC_YLCV_Lab 01624.JPG,train\Tomato___Tomato_Yellow_Leaf_Curl_Virus\2ed63cde-c59e-45df-a38b-ee87197908bb___UF.GRC_YLCV_Lab 01623.JPG,,,True
3,True,test--validation,Tomato___Late_blight,train\Tomato___Late_blight\cebd5337-bb61-4454-93da-bba4169f0802___GHLB2 Leaf 145.JPG,train\Tomato___Late_blight\16e4a1f9-21c2-4c1a-bdbc-1336da74ba2c___GHLB2 Leaf 145.3.JPG,,,True
3,True,train--validation,Corn_(maize)___healthy,val\Corn_(maize)___healthy\f73f38b8-0938-44f2-a229-6baa3114fe40___R.S_HL 0630 copy 3.jpg,train\Corn_(maize)___healthy\d2eeaaf5-97f6-4fc0-a2b5-09e98e483648___R.S_HL 0630 copy.jpg,,,True
3,True,train--validation,Tomato___Late_blight,train\Tomato___Late_blight\bf0b58c2-1d95-4f37-80ea-1bcd82e9c59b___GHLB2 Leaf 145.4.JPG,train\Tomato___Late_blight\16e4a1f9-21c2-4c1a-bdbc-1336da74ba2c___GHLB2 Leaf 145.3.JPG,,,True
3,True,train--validation,Tomato___Tomato_Yellow_Leaf_Curl_Virus,val\Tomato___Tomato_Yellow_Leaf_Curl_Virus\1d7ce115-b719-4236-948f-5640817b43c3___UF.GRC_YLCV_Lab 02829.JPG,val\Tomato___Tomato_Yellow_Leaf_Curl_Virus\8d6df373-91b8-4ae8-b358-e9d57a6f3d54___UF.GRC_YLCV_Lab 02828.JPG,,,True
3,True,train--validation,Tomato___healthy,train\Tomato___healthy\16c1b712-2c55-4a8d-899f-cc0e725d4835___GH_HL Leaf 314.JPG,train\Tomato___healthy\264a08a7-74a4-4492-aff1-8a3ab8b35c46___GH_HL Leaf 314.1.JPG,,,True
4,True,test--train,Corn_(maize)___Northern_Leaf_Blight,train\Corn_(maize)___Northern_Leaf_Blight\9943cc83-f708-487b-b45e-a9ac23ee3973___RS_NLB 4045.JPG,train\Corn_(maize)___Northern_Leaf_Blight\3513a96e-7db5-4a2b-9dd8-79847c92e75b___RS_NLB 4045 copy 2.jpg,,,True
4,True,test--train,Grape___Esca_(Black_Measles),train\Grape___Esca_(Black_Measles)\ffc0847a-e88d-4332-8c7c-4b63ba65a471___FAM_B.Msls 1130.JPG,train\Grape___Esca_(Black_Measles)\49c6ee9e-8bc4-4187-82db-b9caba8bb168___FAM_B.Msls 1134.JPG,Grape___Esca_(Black_Measles):::77.0,Grape___Esca_(Black_Measles):::78.0,False
4,True,test--train,Grape___Leaf_blight_(Isariopsis_Leaf_Spot),train\Grape___Leaf_blight_(Isariopsis_Leaf_Spot)\c08c3e56-4192-40a6-9b51-8733e642dafa___FAM_L.Blight 1422.JPG,train\Grape___Leaf_blight_(Isariopsis_Leaf_Spot)\9be77817-23c5-469e-8363-eb1d115f9bb0___FAM_L.Blight 1470.JPG,Grape___Leaf_blight_(Isariopsis_Leaf_Spot):::28.0,Grape___Leaf_blight_(Isariopsis_Leaf_Spot):::40.0,False
4,True,test--train,Grape___healthy,train\Grape___healthy\94ff1dad-4284-4b83-ae37-988cc12c2006___Mt.N.V_HL 8939.JPG,train\Grape___healthy\dcf0b467-3d86-49b9-991e-00f5b82465c7___Mt.N.V_HL 8935.JPG,,,True
4,True,test--train,Orange___Haunglongbing_(Citrus_greening),train\Orange___Haunglongbing_(Citrus_greening)\11281e98-333a-4252-9e79-be353024a033___CREC_HLB 4776.JPG,train\Orange___Haunglongbing_(Citrus_greening)\67c00966-9be7-4fea-a944-9e936837e3de___CREC_HLB 4766.JPG,Orange___Haunglongbing_(Citrus_greening):::OCT_226.0,Orange___Haunglongbing_(Citrus_greening):::OCT_224.0,False
4,True,test--train,Orange___Haunglongbing_(Citrus_greening),train\Orange___Haunglongbing_(Citrus_greening)\7dc7d750-5166-4466-8d19-1065d6d53966___CREC_HLB 4859.JPG,val\Orange___Haunglongbing_(Citrus_greening)\f9f6905b-f565-4c06-ac24-bcf49604a07a___CREC_HLB 4567.JPG,Orange___Haunglongbing_(Citrus_greening):::OCT_247.0,Orange___Haunglongbing_(Citrus_greening):::OCT_175.0,False
4,True,test--train,Orange___Haunglongbing_(Citrus_greening),val\Orange___Haunglongbing_(Citrus_greening)\634f2182-7b79-4cd4-8272-316e26c2a855___CREC_HLB 4160.JPG,train\Orange___Haunglongbing_(Citrus_greening)\ba8af517-ae00-474e-b6a7-9b5031419cf4___CREC_HLB 4220.JPG,Orange___Haunglongbing_(Citrus_greening):::OCT_74.0,Orange___Haunglongbing_(Citrus_greening):::OCT_89.0,False
4,True,test--train,Peach___Bacterial_spot,train\Peach___Bacterial_spot\4fd4fd59-b5ad-4ff5-9c3b-3d5c74a23361___Rut._Bact.S 0767.JPG,train\Peach___Bacterial_spot\a7b3c4d8-c94c-4cac-901b-fb6c9624e7a3___Rut._Bact.S 0970.JPG,Peach___Bacterial_spot:::5.0,Peach___Bacterial_spot:::39.0,False
4,True,test--train,Peach___Bacterial_spot,train\Peach___Bacterial_spot\a2524d53-667b-49d1-bda8-8515143b1293___Rutg._Bact.S 2300.JPG,train\Peach___Bacterial_spot\bd21eadc-29b3-41a2-8754-5c561d3aff4a___Rut._Bact.S 1448.JPG,Peach___Bacterial_spot:::322.0,Peach___Bacterial_spot:::118.0,False
4,True,test--train,Peach___healthy,train\Peach___healthy\aecb767a-7f12-4e1d-b411-6cc558777243___Rutg._HL 3573.JPG,train\Peach___healthy\efa00530-b592-46d4-827a-1eb1a7498608___Rutg._HL 3619.JPG,Peach___healthy:::30.0,Peach___healthy:::37.0,False
4,True,test--train,Soybean___healthy,val\Soybean___healthy\1920024b-9501-4176-bbca-456a07697894___RS_HL 3489.JPG,train\Soybean___healthy\2f99080a-2e4d-4d11-b658-8f60f64931cb___RS_HL 7161.JPG,Soybean___healthy:::86.0,Soybean___healthy:::476.0,False
4,True,test--train,Tomato___Spider_mites Two-spotted_spider_mite,train\Tomato___Spider_mites Two-spotted_spider_mite\fa0f71aa-5583-4376-ab17-a755cf065aaf___Com.G_SpM_FL 1520.JPG,train\Tomato___Spider_mites Two-spotted_spider_mite\d83e3292-0be8-43b9-8215-4705a452a08a___Com.G_SpM_FL 1642.JPG,Tomato___Spider_mites Two-spotted_spider_mite:::97.0,Tomato___Spider_mites Two-spotted_spider_mite:::127.0,False
4,True,test--train,Tomato___Spider_mites Two-spotted_spider_mite,train\Tomato___Spider_mites Two-spotted_spider_mite\fa0f71aa-5583-4376-ab17-a755cf065aaf___Com.G_SpM_FL 1520.JPG,train\Tomato___Spider_mites Two-spotted_spider_mite\fd71ebe5-4ce6-4b19-b71e-cb66b034c123___Com.G_SpM_FL 1282.JPG,Tomato___Spider_mites Two-spotted_spider_mite:::97.0,Tomato___Spider_mites Two-spotted_spider_mite:::38.0,False
4,True,test--train,Tomato___Tomato_Yellow_Leaf_Curl_Virus,train\Tomato___Tomato_Yellow_Leaf_Curl_Virus\08f78a80-46f5-45a6-937c-4d05d61c08c2___UF.GRC_YLCV_Lab 01895.JPG,train\Tomato___Tomato_Yellow_Leaf_Curl_Virus\1240c7a7-a64a-4659-8849-5451c205208d___UF.GRC_YLCV_Lab 01888.JPG,,,True
4,True,test--train,Tomato___Tomato_Yellow_Leaf_Curl_Virus,train\Tomato___Tomato_Yellow_Leaf_Curl_Virus\3809d16d-8e37-4acc-a22b-8089903525e1___UF.GRC_YLCV_Lab 02457.JPG,train\Tomato___Tomato_Yellow_Leaf_Curl_Virus\def16316-85f6-44e8-98fc-e48820caf2d9___UF.GRC_YLCV_Lab 02471.JPG,,,True
4,True,test--train,Tomato___Tomato_Yellow_Leaf_Curl_Virus,train\Tomato___Tomato_Yellow_Leaf_Curl_Virus\5741aac8-276f-4654-afc7-ebb939c3d4b8___UF.GRC_YLCV_Lab 02665.JPG,train\Tomato___Tomato_Yellow_Leaf_Curl_Virus\ea824bff-58c4-402e-936c-70bc49912701___UF.GRC_YLCV_Lab 02667.JPG,,,True
4,True,test--train,Tomato___Tomato_Yellow_Leaf_Curl_Virus,train\Tomato___Tomato_Yellow_Leaf_Curl_Virus\89f4ab7d-764f-4df5-b244-51c50ce68836___UF.GRC_YLCV_Lab 01460.JPG,train\Tomato___Tomato_Yellow_Leaf_Curl_Virus\a193e214-3a19-410d-8467-63eafff67aea___UF.GRC_YLCV_Lab 01457.JPG,,,True
4,True,test--train,Tomato___Tomato_Yellow_Leaf_Curl_Virus,train\Tomato___Tomato_Yellow_Leaf_Curl_Virus\b379ab04-3780-4283-b388-2a038b773d79___UF.GRC_YLCV_Lab 01389.JPG,train\Tomato___Tomato_Yellow_Leaf_Curl_Virus\19ead445-c37c-4a22-b3fb-02510e66b553___UF.GRC_YLCV_Lab 01388.JPG,,,True
4,True,test--train,Tomato___Tomato_Yellow_Leaf_Curl_Virus,val\Tomato___Tomato_Yellow_Leaf_Curl_Virus\180ef991-3ed2-41d8-93b6-c1791d745669___UF.GRC_YLCV_Lab 01678.JPG,train\Tomato___Tomato_Yellow_Leaf_Curl_Virus\f390848d-e427-4c8e-8e93-0772e9f91fc8___UF.GRC_YLCV_Lab 01668.JPG,,,True
4,True,test--train,Tomato___healthy,val\Tomato___healthy\8d4a3b2d-bcef-4861-a0a0-c3cb0a1990ce___GH_HL Leaf 204.JPG,train\Tomato___healthy\973c9431-f521-462d-82fa-442196087ca8___GH_HL Leaf 204.1.JPG,,,True
4,True,test--validation,Orange___Haunglongbing_(Citrus_greening),train\Orange___Haunglongbing_(Citrus_greening)\43a17ced-e9e8-459d-9bc3-65e8fafa75c0___CREC_HLB 3935.JPG,train\Orange___Haunglongbing_(Citrus_greening)\e5e2cdea-35bb-4833-a48a-88bfdf0e9ab0___CREC_HLB 7571.JPG,Orange___Haunglongbing_(Citrus_greening):::OCT_18.0,Orange___Haunglongbing_(Citrus_greening):::OCT_752.0,False
4,True,test--validation,Orange___Haunglongbing_(Citrus_greening),train\Orange___Haunglongbing_(Citrus_greening)\58bafe86-441f-4cba-a6e7-5dd2cdec7ebf___UF.Citrus_HLB_Lab 1749.JPG,val\Orange___Haunglongbing_(Citrus_greening)\f3f03566-1426-45b3-a65d-020f82dabf9a___UF.Citrus_HLB_Lab 1533.JPG,Orange___Haunglongbing_(Citrus_greening):::110.0,Orange___Haunglongbing_(Citrus_greening):::96.0,False
4,True,test--validation,Peach___Bacterial_spot,train\Peach___Bacterial_spot\09e1e0ed-2535-496e-885d-a51999b51820___Rut._Bact.S 0988.JPG,train\Peach___Bacterial_spot\ece1262c-6f66-4c46-bc59-7d2db3b27273___Rutg._Bact.S 2384.JPG,Peach___Bacterial_spot:::42.0,Peach___Bacterial_spot:::331.0,False
4,True,train--validation,Blueberry___healthy,train\Blueberry___healthy\a0fef3ff-ee9a-4e33-a5e2-7c09e93a727d___RS_HL 4948.JPG,val\Blueberry___healthy\8373d4c7-1978-4ec0-ab79-fccfefba9917___RS_HL 0313.JPG,Blueberry___healthy:::119.0,Blueberry___healthy:::1.0,False
4,True,train--validation,Peach___Bacterial_spot,train\Peach___Bacterial_spot\640a41e4-32af-417b-8055-00012097725f___Rut._Bact.S 0856.JPG,train\Peach___Bacterial_spot\a2f81059-9171-41d2-acca-ef3d02d81438___Rut._Bact.S 1209.JPG,Peach___Bacterial_spot:::20.0,Peach___Bacterial_spot:::79.0,False
4,True,train--validation,Tomato___Late_blight,train\Tomato___Late_blight\7f533ee8-1d72-486e-b2a6-b5ef2ac7cc88___GHLB2 Leaf 8837.JPG,train\Tomato___Late_blight\2159d0f7-09ef-46ad-ad49-749e8ce1becc___GHLB2 Leaf 8836.JPG,,,True
4,True,train--validation,Tomato___Tomato_Yellow_Leaf_Curl_Virus,train\Tomato___Tomato_Yellow_Leaf_Curl_Virus\906f8e46-f387-4d39-9d7d-08df032222e0___UF.GRC_YLCV_Lab 02498.JPG,train\Tomato___Tomato_Yellow_Leaf_Curl_Virus\fa16f530-1e23-4a86-acb1-1ff53dd49e37___UF.GRC_YLCV_Lab 02499.JPG,,,True
5,False,test--train,Blueberry___healthy,train\Blueberry___healthy\17f38da5-9764-456e-9c16-436ec1d69041___RS_HL 0590.JPG,train\Blueberry___healthy\3eaddffc-ef51-4751-98d9-5ddb823d0a3f___RS_HL 4880.JPG,Blueberry___healthy:::38.0,Blueberry___healthy:::113.0,False
5,False,test--train,Blueberry___healthy,train\Blueberry___healthy\1fcae89c-5c2b-421e-b176-d99d1db62147___RS_HL 5271.JPG,train\Blueberry___healthy\16919066-e552-4c24-801a-52765e15c411___RS_HL 5212.JPG,Blueberry___healthy:::144.0,Blueberry___healthy:::139.0,False
5,False,test--train,Blueberry___healthy,train\Blueberry___healthy\276eefe5-2742-4610-9d6a-7d22083d10b1___RS_HL 5285.JPG,train\Blueberry___healthy\8660d440-2f8a-4822-8a7a-af4a38f31f68___RS_HL 5210.JPG,Blueberry___healthy:::144.0,Blueberry___healthy:::139.0,False
5,False,test--train,Blueberry___healthy,val\Blueberry___healthy\fe4de3f6-ef8e-4e3f-b180-f8dd1c3d54cc___RS_HL 0591.JPG,train\Blueberry___healthy\3eaddffc-ef51-4751-98d9-5ddb823d0a3f___RS_HL 4880.JPG,Blueberry___healthy:::38.0,Blueberry___healthy:::113.0,False
5,False,test--train,Cherry_(including_sour)___healthy,train\Cherry_(including_sour)___healthy\0ce4ee15-d59b-4212-ab2a-8b6a07f3634f___JR_HL 9707.JPG,train\Cherry_(including_sour)___healthy\40dce93a-7697-4c0d-b37d-e3147c7ece78___JR_HL 9464.JPG,Cherry_(including_sour)___healthy:::77.0,Cherry_(including_sour)___healthy:::45.0,False
5,False,test--train,Cherry_(including_sour)___healthy,train\Cherry_(including_sour)___healthy\0ce4ee15-d59b-4212-ab2a-8b6a07f3634f___JR_HL 9707.JPG,train\Cherry_(including_sour)___healthy\90546341-6ac6-434c-8cb4-ec2e1a0e515e___JR_HL 9448.JPG,Cherry_(including_sour)___healthy:::77.0,Cherry_(including_sour)___healthy:::43.0,False
5,False,test--train,Cherry_(including_sour)___healthy,val\Cherry_(including_sour)___healthy\0bfa6184-b84f-4d8e-9910-74abd315009a___JR_HL 9480.JPG,train\Cherry_(including_sour)___healthy\aac1e835-defb-45dd-b439-986ad949f684___JR_HL 9442.JPG,Cherry_(including_sour)___healthy:::47.0,Cherry_(including_sour)___healthy:::42.0,False
5,False,test--train,Corn_(maize)___Common_rust_,train\Corn_(maize)___Common_rust_\RS_Rust 2601.JPG,train\Corn_(maize)___Common_rust_\RS_Rust 2681.JPG,,,True
5,False,test--train,Grape___Black_rot,train\Grape___Black_rot\b055115b-4eb8-4126-9db9-94d48b97fa30___FAM_B.Rot 3620.JPG,val\Grape___Black_rot\a729f8d8-c001-490e-a057-bd6083b00ed6___FAM_B.Rot 3106.JPG,Grape___Black_rot:::267.0,Grape___Black_rot:::139.0,False
5,False,test--train,Grape___Esca_(Black_Measles),train\Grape___Esca_(Black_Measles)\2ce9e0cd-d0d9-4def-a65d-a65cbfacc99c___FAM_B.Msls 4044.JPG,train\Grape___Esca_(Black_Measles)\745199f2-8c97-4889-b8c7-48fc4959546d___FAM_B.Msls 0984.JPG,Grape___Esca_(Black_Measles):::234.0,Grape___Esca_(Black_Measles):::41.0,False
5,False,test--train,Grape___Esca_(Black_Measles),train\Grape___Esca_(Black_Measles)\82be01ff-9e82-428c-b623-95df7ed11f77___FAM_B.Msls 1880.JPG,val\Grape___Esca_(Black_Measles)\d0f85383-4cd9-4562-9978-206cbbf7d22a___FAM_B.Msls 1876.JPG,Grape___Esca_(Black_Measles):::171.0,Grape___Esca_(Black_Measles):::170.0,False
5,False,test--train,Orange___Haunglongbing_(Citrus_greening),train\Orange___Haunglongbing_(Citrus_greening)\02fc11bb-9218-4431-b8f7-c581354cd42b___CREC_HLB 3944.JPG,train\Orange___Haunglongbing_(Citrus_greening)\b56bbe7e-eb08-4e89-a644-cbbbc2d236d2___CREC_HLB 4108.JPG,Orange___Haunglongbing_(Citrus_greening):::OCT_20.0,Orange___Haunglongbing_(Citrus_greening):::OCT_61.0,False
5,False,test--train,Orange___Haunglongbing_(Citrus_greening),train\Orange___Haunglongbing_(Citrus_greening)\02fc11bb-9218-4431-b8f7-c581354cd42b___CREC_HLB 3944.JPG,train\Orange___Haunglongbing_(Citrus_greening)\e662be4c-5ad3-48c8-a250-310a4726a0b7___CREC_HLB 5581.JPG,Orange___Haunglongbing_(Citrus_greening):::OCT_20.0,Orange___Haunglongbing_(Citrus_greening):::OCT_427.0,False
5,False,test--train,Orange___Haunglongbing_(Citrus_greening),train\Orange___Haunglongbing_(Citrus_greening)\0473880a-569c-48e8-942b-18e257dd517f___CREC_HLB 7770.JPG,train\Orange___Haunglongbing_(Citrus_greening)\dc1601b5-e642-4517-bad8-6d62504fb39b___CREC_HLB 7277.JPG,Orange___Haunglongbing_(Citrus_greening):::OCT_801.0,Orange___Haunglongbing_(Citrus_greening):::OCT_680.0,False
5,False,test--train,Orange___Haunglongbing_(Citrus_greening),train\Orange___Haunglongbing_(Citrus_greening)\2710c8f8-deb3-4182-a1d4-824d9e8192b0___CREC_HLB 5398.JPG,train\Orange___Haunglongbing_(Citrus_greening)\9f5baea2-2e3d-477a-9f71-533564199551___CREC_HLB 7436.JPG,Orange___Haunglongbing_(Citrus_greening):::OCT_381.0,Orange___Haunglongbing_(Citrus_greening):::OCT_719.0,False
5,False,test--train,Orange___Haunglongbing_(Citrus_greening),train\Orange___Haunglongbing_(Citrus_greening)\43a17ced-e9e8-459d-9bc3-65e8fafa75c0___CREC_HLB 3935.JPG,train\Orange___Haunglongbing_(Citrus_greening)\b63f931e-8dad-462a-afa7-fcbca4ce958a___CREC_HLB 4002.JPG,Orange___Haunglongbing_(Citrus_greening):::OCT_18.0,Orange___Haunglongbing_(Citrus_greening):::OCT_34.0,False
5,False,test--train,Orange___Haunglongbing_(Citrus_greening),train\Orange___Haunglongbing_(Citrus_greening)\43a17ced-e9e8-459d-9bc3-65e8fafa75c0___CREC_HLB 3935.JPG,train\Orange___Haunglongbing_(Citrus_greening)\f0ade6d4-9a61-4f49-8b6f-b97bfa8d3005___CREC_HLB 3999.JPG,Orange___Haunglongbing_(Citrus_greening):::OCT_18.0,Orange___Haunglongbing_(Citrus_greening):::OCT_34.0,False
5,False,test--train,Orange___Haunglongbing_(Citrus_greening),train\Orange___Haunglongbing_(Citrus_greening)\64992a88-4df8-49c0-a953-a27347d414a2___CREC_HLB 4050.JPG,val\Orange___Haunglongbing_(Citrus_greening)\45c0bc4d-7407-4303-8b50-c2ca9d0a8f7c___CREC_HLB 3904.JPG,Orange___Haunglongbing_(Citrus_greening):::OCT_46.0,Orange___Haunglongbing_(Citrus_greening):::OCT_10.0,False
5,False,test--train,Orange___Haunglongbing_(Citrus_greening),train\Orange___Haunglongbing_(Citrus_greening)\941a6300-ea46-4a3f-b437-9a534950ef72___CREC_HLB 4299.JPG,train\Orange___Haunglongbing_(Citrus_greening)\7a20cef7-8a79-47e1-a594-91feb5026c2b___CREC_HLB 4771.JPG,Orange___Haunglongbing_(Citrus_greening):::OCT_109.0,Orange___Haunglongbing_(Citrus_greening):::OCT_225.0,False
5,False,test--train,Orange___Haunglongbing_(Citrus_greening),train\Orange___Haunglongbing_(Citrus_greening)\f47a374c-049a-4ecf-bc55-4bb1d8740c60___CREC_HLB 4161.JPG,train\Orange___Haunglongbing_(Citrus_greening)\1a17402a-fff5-49a7-aa74-a615afc2e38c___CREC_HLB 4221.JPG,Orange___Haunglongbing_(Citrus_greening):::OCT_74.0,Orange___Haunglongbing_(Citrus_greening):::OCT_89.0,False
5,False,test--train,Orange___Haunglongbing_(Citrus_greening),train\Orange___Haunglongbing_(Citrus_greening)\f79d8094-4b75-48f6-8c9b-a3fd671931ee___CREC_HLB 3966.JPG,train\Orange___Haunglongbing_(Citrus_greening)\5033d61f-02be-42c5-9ef6-1c5a9605818d___CREC_HLB 4477.JPG,Orange___Haunglongbing_(Citrus_greening):::OCT_25.0,Orange___Haunglongbing_(Citrus_greening):::OCT_152.0,False
5,False,test--train,Orange___Haunglongbing_(Citrus_greening),val\Orange___Haunglongbing_(Citrus_greening)\f070d737-e9f9-4282-84d2-e97b96077033___UF.Citrus_HLB_Lab 9945.JPG,train\Orange___Haunglongbing_(Citrus_greening)\0fb822ff-0c01-4f1e-badd-e9fc0d2c76c8___UF.Citrus_HLB_Lab 0426.JPG,Orange___Haunglongbing_(Citrus_greening):::143.0,Orange___Haunglongbing_(Citrus_greening):::31.0,False
5,False,test--train,Peach___Bacterial_spot,train\Peach___Bacterial_spot\485e0319-4f79-4504-b3eb-8c3f2dcc0c3e___Rut._Bact.S 0750.JPG,train\Peach___Bacterial_spot\d9dc64d7-43ff-40d9-93ff-fcec68cfc25f___Rut._Bact.S 0771.JPG,Peach___Bacterial_spot:::2.0,Peach___Bacterial_spot:::6.0,False
5,False,test--train,Peach___Bacterial_spot,train\Peach___Bacterial_spot\4fd4fd59-b5ad-4ff5-9c3b-3d5c74a23361___Rut._Bact.S 0767.JPG,train\Peach___Bacterial_spot\44881fe3-0d2a-449f-a8a5-e721d6213295___Rut._Bact.S 1275.JPG,Peach___Bacterial_spot:::5.0,Peach___Bacterial_spot:::90.0,False
5,False,test--train,Peach___Bacterial_spot,train\Peach___Bacterial_spot\6e8fcc4e-ec8c-4e20-97c6-f974fcb9c502___Rutg._Bact.S 2035.JPG,train\Peach___Bacterial_spot\a401561d-e4f3-453b-a4eb-21aa0ff12811___Rutg._Bact.S 2205.JPG,Peach___Bacterial_spot:::291.0,Peach___Bacterial_spot:::311.0,False
5,False,test--train,Peach___Bacterial_spot,train\Peach___Bacterial_spot\767e3ee3-996b-48f9-b587-0b19e0eb3569___Rut._Bact.S 1451.JPG,train\Peach___Bacterial_spot\291f3f11-bfc6-4ad6-8c69-c2de933f6f7b___Rut._Bact.S 1460.JPG,Peach___Bacterial_spot:::119.0,Peach___Bacterial_spot:::120.0,False
5,False,test--train,Peach___Bacterial_spot,train\Peach___Bacterial_spot\98183a48-add3-4b6f-b771-dde3b5150c42___Rut._Bact.S 1238.JPG,train\Peach___Bacterial_spot\1ce95fc0-f6dc-4097-baf3-9a0ae9a187a7___Rut._Bact.S 1546.JPG,Peach___Bacterial_spot:::84.0,Peach___Bacterial_spot:::135.0,False
5,False,test--train,Peach___Bacterial_spot,train\Peach___Bacterial_spot\a2524d53-667b-49d1-bda8-8515143b1293___Rutg._Bact.S 2300.JPG,val\Peach___Bacterial_spot\31aaac25-f85e-42d3-ae30-46e6f5dc76a6___Rutg._Bact.S 1944.JPG,Peach___Bacterial_spot:::322.0,Peach___Bacterial_spot:::281.0,False
5,False,test--train,Peach___Bacterial_spot,train\Peach___Bacterial_spot\b2db309a-d37e-4093-a825-c119d3248c86___Rut._Bact.S 0785.JPG,train\Peach___Bacterial_spot\d9dc64d7-43ff-40d9-93ff-fcec68cfc25f___Rut._Bact.S 0771.JPG,Peach___Bacterial_spot:::8.0,Peach___Bacterial_spot:::6.0,False
5,False,test--train,Peach___Bacterial_spot,train\Peach___Bacterial_spot\b5592aa4-64fa-4d90-a772-df29748c3c99___Rut._Bact.S 1262.JPG,train\Peach___Bacterial_spot\e4edaeb8-c428-443b-aaaf-c317942a1be6___Rut._Bact.S 1045.JPG,Peach___Bacterial_spot:::88.0,Peach___Bacterial_spot:::51.0,False
5,False,test--train,Peach___Bacterial_spot,val\Peach___Bacterial_spot\468388a5-ddd5-42e3-8e19-27cc95675f78___Rut._Bact.S 1376.JPG,train\Peach___Bacterial_spot\32631f9d-5d1b-4e76-a662-adaf51a5c262___Rut._Bact.S 0745.JPG,Peach___Bacterial_spot:::106.0,Peach___Bacterial_spot:::1.0,False
5,False,test--train,Soybean___healthy,train\Soybean___healthy\2b05349b-e677-4184-9adf-136139174877___RS_HL 3736.JPG,train\Soybean___healthy\cc08e799-035e-4c08-b753-92e3863493e1___RS_HL 5526.JPG,Soybean___healthy:::110.0,Soybean___healthy:::315.0,False
5,False,test--train,Soybean___healthy,train\Soybean___healthy\35fe60e3-6cfc-4b9d-adba-c8a5732f627b___RS_HL 5324.JPG,train\Soybean___healthy\61fb21f5-d1fb-44e5-9a99-2a83b74c8c5a___RS_HL 6879.JPG,Soybean___healthy:::293.0,Soybean___healthy:::453.0,False
5,False,test--train,Soybean___healthy,train\Soybean___healthy\3f427423-b671-4c82-bc5b-ea1dda5014aa___RS_HL 5071.JPG,train\Soybean___healthy\d41726df-07b2-4588-b384-a855ea15ed83___RS_HL 3918.JPG,Soybean___healthy:::263.0,Soybean___healthy:::130.0,False
5,False,test--train,Soybean___healthy,train\Soybean___healthy\45b0bcf9-1f53-4414-9cb2-d54c519cabe3___RS_HL 5902.JPG,val\Soybean___healthy\7b2bb24b-70fc-40fe-92f1-993a2484727b___RS_HL 5839.JPG,Soybean___healthy:::371.0,Soybean___healthy:::368.0,False
5,False,test--train,Soybean___healthy,train\Soybean___healthy\477d1d19-3148-4166-b1b7-67ac1ad5aa2c___RS_HL 6372.JPG,train\Soybean___healthy\1bc8190f-f190-425b-8d15-5ec58c2991fc___RS_HL 6904.JPG,Soybean___healthy:::409.0,Soybean___healthy:::455.0,False
5,False,test--train,Soybean___healthy,train\Soybean___healthy\58340050-1669-4284-ab1a-dd8f77383d25___RS_HL 5211.JPG,val\Soybean___healthy\8e1d33cf-3bfc-4d9c-8768-8e0e82de2934___RS_HL 5165.JPG,Soybean___healthy:::279.0,Soybean___healthy:::274.0,False
5,False,test--train,Soybean___healthy,train\Soybean___healthy\8c01ceab-28ce-4b5c-bb2e-c779217d525f___RS_HL 3688.JPG,train\Soybean___healthy\b2f0f3c4-ade2-4ed0-a7fe-ebd963ad97a8___RS_HL 3866.JPG,Soybean___healthy:::104.0,Soybean___healthy:::124.0,False
5,False,test--train,Soybean___healthy,train\Soybean___healthy\bf504b90-74d7-4ee9-ba07-dc184b1308ec___RS_HL 5261.JPG,train\Soybean___healthy\206b64a5-d47f-4ef9-ac4e-b9bf8932c075___RS_HL 5098.JPG,Soybean___healthy:::285.0,Soybean___healthy:::266.0,False
5,False,test--train,Soybean___healthy,train\Soybean___healthy\dfdb9d31-68a9-4ca0-92e9-cdfe615831fd___RS_HL 5914.JPG,val\Soybean___healthy\7b2bb24b-70fc-40fe-92f1-993a2484727b___RS_HL 5839.JPG,Soybean___healthy:::371.0,Soybean___healthy:::368.0,False
5,False,test--train,Soybean___healthy,train\Soybean___healthy\e14821dc-642e-4e93-ac9b-a79de4a011ea___RS_HL 7010.JPG,train\Soybean___healthy\fb7e29e1-7b58-496e-9f33-e0e48411a95b___RS_HL 6791.JPG,Soybean___healthy:::463.0,Soybean___healthy:::447.0,False
5,False,test--train,Soybean___healthy,train\Soybean___healthy\e9daa68b-bb9d-4bfd-8e97-fd0f39e94939___RS_HL 4837.JPG,val\Soybean___healthy\95bf2338-1340-47c0-8327-458953933f89___RS_HL 7211.JPG,Soybean___healthy:::238.0,Soybean___healthy:::480.0,False
5,False,test--train,Soybean___healthy,train\Soybean___healthy\f0ff50ed-8dd1-4b17-903c-9d7840b054cb___RS_HL 3490.JPG,train\Soybean___healthy\e3857933-e537-4a7d-8bcc-bdcc9bcad188___RS_HL 4564.JPG,Soybean___healthy:::86.0,Soybean___healthy:::208.0,False
5,False,test--train,Soybean___healthy,train\Soybean___healthy\fa3719b4-87d2-46db-9166-9869eaf1bb6f___RS_HL 3448.JPG,val\Soybean___healthy\7f232e47-92fb-46fd-976e-867571498501___RS_HL 4385.JPG,Soybean___healthy:::82.0,Soybean___healthy:::188.0,False
5,False,test--train,Soybean___healthy,val\Soybean___healthy\195a459a-908a-44df-b0c2-8d1842e5882b___RS_HL 5475.JPG,train\Soybean___healthy\fbd3c90b-6714-4bb4-8aad-a21f681dbd10___RS_HL 3732.JPG,Soybean___healthy:::310.0,Soybean___healthy:::109.0,False
5,False,test--train,Soybean___healthy,val\Soybean___healthy\348b7a27-4f5f-4153-96e5-086fa43f0ae3___RS_HL 4041.JPG,train\Soybean___healthy\12bdeb55-f1c1-459e-a151-e470212afdb7___RS_HL 3400.JPG,Soybean___healthy:::144.0,Soybean___healthy:::77.0,False
5,False,test--train,Tomato___Bacterial_spot,train\Tomato___Bacterial_spot\25a52867-003f-4390-a80d-03c63c038e9a___UF.GRC_BS_Lab Leaf 0341.JPG,train\Tomato___Bacterial_spot\f1cc12b3-3116-4b31-81fc-6383303f84ae___UF.GRC_BS_Lab Leaf 0352.JPG,Tomato___Bacterial_spot:::454.0,Tomato___Bacterial_spot:::455.0,False
5,False,test--train,Tomato___Bacterial_spot,train\Tomato___Bacterial_spot\67da0ec7-c06a-4d27-af36-17b4a1630830___GCREC_Bact.Sp 5619.JPG,val\Tomato___Bacterial_spot\2d135819-8bf4-4d5a-a503-c184ed800d0c___GCREC_Bact.Sp 6015.JPG,Tomato___Bacterial_spot:::248.0,Tomato___Bacterial_spot:::346.0,False
5,False,test--train,Tomato___Bacterial_spot,train\Tomato___Bacterial_spot\855bbef5-e9fc-4c0c-b3cc-d9321fa9596e___GCREC_Bact.Sp 5947.JPG,train\Tomato___Bacterial_spot\d78cf219-53eb-4269-830d-e1822caa8fdd___GCREC_Bact.Sp 5755.JPG,Tomato___Bacterial_spot:::329.0,Tomato___Bacterial_spot:::282.0,False
5,False,test--train,Tomato___Late_blight,train\Tomato___Late_blight\e2f784ec-10de-4556-8dea-47c9d2c4e791___GHLB2 Leaf 147.2.JPG,val\Tomato___Late_blight\65576adf-cef4-4f1a-8b7c-881e8729bdbf___GHLB2 Leaf 147.JPG,,,True
5,False,test--train,Tomato___Late_blight,train\Tomato___Late_blight\e980207c-6e67-4caf-8973-7128ca2a1c12___GHLB2 Leaf 8876.JPG,train\Tomato___Late_blight\0db85707-41f9-42df-ba3b-842d14f00a68___GHLB2 Leaf 8909.JPG,,,True
5,False,test--train,Tomato___Late_blight,val\Tomato___Late_blight\8130621c-8ff8-4fd9-bd54-765491adc31f___GHLB2 Leaf 8822.JPG,train\Tomato___Late_blight\b4aa6858-29d7-4ff7-9225-e5f003ce8566___GHLB2 Leaf 8856.JPG,,,True
5,False,test--train,Tomato___Spider_mites Two-spotted_spider_mite,train\Tomato___Spider_mites Two-spotted_spider_mite\81694ba2-5158-48aa-8b54-80ab5cae801c___Com.G_SpM_FL 9308.JPG,train\Tomato___Spider_mites Two-spotted_spider_mite\4daec425-746f-4816-8bd2-dec04d3292ad___Com.G_SpM_FL 9438.JPG,Tomato___Spider_mites Two-spotted_spider_mite:::333.0,Tomato___Spider_mites Two-spotted_spider_mite:::365.0,False
5,False,test--train,Tomato___Tomato_Yellow_Leaf_Curl_Virus,train\Tomato___Tomato_Yellow_Leaf_Curl_Virus\06718520-1ddc-40e0-ada1-37910bc41e36___UF.GRC_YLCV_Lab 01534.JPG,train\Tomato___Tomato_Yellow_Leaf_Curl_Virus\e5777f61-ddb7-4acb-bd53-0ca82ba5ab52___UF.GRC_YLCV_Lab 01536.JPG,,,True
5,False,test--train,Tomato___Tomato_Yellow_Leaf_Curl_Virus,train\Tomato___Tomato_Yellow_Leaf_Curl_Virus\0b0791c1-7f59-4e84-a59c-ec2fb1934d00___YLCV_GCREC 2804.JPG,train\Tomato___Tomato_Yellow_Leaf_Curl_Virus\58fdcd9d-1c01-4689-88a3-e307ef358f34___YLCV_GCREC 2852.JPG,Tomato___Tomato_Yellow_Leaf_Curl_Virus:::227.0,Tomato___Tomato_Yellow_Leaf_Curl_Virus:::239.0,False
5,False,test--train,Tomato___Tomato_Yellow_Leaf_Curl_Virus,train\Tomato___Tomato_Yellow_Leaf_Curl_Virus\5f2cfdd5-f41d-47b4-99ea-520a20c2e9b6___UF.GRC_YLCV_Lab 01491.JPG,train\Tomato___Tomato_Yellow_Leaf_Curl_Virus\d0631a5a-5206-4544-96eb-eddcf6d9be5a___UF.GRC_YLCV_Lab 01490.JPG,,,True
5,False,test--train,Tomato___Tomato_Yellow_Leaf_Curl_Virus,train\Tomato___Tomato_Yellow_Leaf_Curl_Virus\7c215f7a-4aaf-4461-a727-7e4777daa562___UF.GRC_YLCV_Lab 01624.JPG,train\Tomato___Tomato_Yellow_Leaf_Curl_Virus\c2e89c8f-a64a-4396-aec9-da55a1a6f98d___UF.GRC_YLCV_Lab 01631.JPG,,,True
5,False,test--train,Tomato___Tomato_Yellow_Leaf_Curl_Virus,train\Tomato___Tomato_Yellow_Leaf_Curl_Virus\c3818768-459d-489f-a415-89bb66f8111a___YLCV_GCREC 2239.JPG,train\Tomato___Tomato_Yellow_Leaf_Curl_Virus\22c0cc7e-1468-4c3c-9069-384017441735___YLCV_GCREC 5441.JPG,Tomato___Tomato_Yellow_Leaf_Curl_Virus:::86.0,Tomato___Tomato_Yellow_Leaf_Curl_Virus:::343.0,False
5,False,test--train,Tomato___Tomato_Yellow_Leaf_Curl_Virus,train\Tomato___Tomato_Yellow_Leaf_Curl_Virus\daa12c06-0ef9-4749-83b7-729c840d35a7___UF.GRC_YLCV_Lab 02800.JPG,train\Tomato___Tomato_Yellow_Leaf_Curl_Virus\d0a48fe1-d49b-4931-8d3f-ae2a6b28733f___UF.GRC_YLCV_Lab 02807.JPG,,,True
5,False,test--train,Tomato___Tomato_Yellow_Leaf_Curl_Virus,train\Tomato___Tomato_Yellow_Leaf_Curl_Virus\f17082e1-7ca3-443e-bc0e-e1b8133d9acd___UF.GRC_YLCV_Lab 02835.JPG,val\Tomato___Tomato_Yellow_Leaf_Curl_Virus\e7c80ace-56b0-4579-bec9-8fc7c0682fec___UF.GRC_YLCV_Lab 02834.JPG,,,True
5,False,test--train,Tomato___Tomato_Yellow_Leaf_Curl_Virus,val\Tomato___Tomato_Yellow_Leaf_Curl_Virus\c7328a1e-ca49-4576-b106-0efe6a5409a6___UF.GRC_YLCV_Lab 02617.JPG,val\Tomato___Tomato_Yellow_Leaf_Curl_Virus\a27029a9-c2c5-4e04-b25e-ef96524d6c35___UF.GRC_YLCV_Lab 02618.JPG,,,True
5,False,test--train,Tomato___healthy,train\Tomato___healthy\d442075f-73bb-47a0-9545-9b36bca9300b___GH_HL Leaf 210.JPG,train\Tomato___healthy\ca4e96c1-9bf0-49fb-804f-c895905c0584___GH_HL Leaf 210.2.JPG,,,True
5,False,test--validation,Orange___Haunglongbing_(Citrus_greening),train\Orange___Haunglongbing_(Citrus_greening)\43a17ced-e9e8-459d-9bc3-65e8fafa75c0___CREC_HLB 3935.JPG,train\Orange___Haunglongbing_(Citrus_greening)\fdcf6e05-d8af-4762-b869-cc54b59aa0d8___CREC_HLB 6697.JPG,Orange___Haunglongbing_(Citrus_greening):::OCT_18.0,Orange___Haunglongbing_(Citrus_greening):::OCT_535.0,False
5,False,test--validation,Orange___Haunglongbing_(Citrus_greening),train\Orange___Haunglongbing_(Citrus_greening)\4aec599c-51a0-4bb7-9c78-dce9678ba254___CREC_HLB 7333.JPG,train\Orange___Haunglongbing_(Citrus_greening)\d05e61f3-b394-487f-8551-48e4b7c558f6___CREC_HLB 5716.JPG,Orange___Haunglongbing_(Citrus_greening):::OCT_694.0,Orange___Haunglongbing_(Citrus_greening):::OCT_460.0,False
5,False,test--validation,Peach___Bacterial_spot,train\Peach___Bacterial_spot\b80f4d3e-e0a5-4e81-b50d-8728c8228b00___Rut._Bact.S 0782.JPG,train\Peach___Bacterial_spot\053914f3-00a3-4436-9edc-1daba6750d22___Rut._Bact.S 0827.JPG,Peach___Bacterial_spot:::8.0,Peach___Bacterial_spot:::15.0,False
5,False,test--validation,Peach___healthy,val\Peach___healthy\15fa9ad3-5775-47e7-a8eb-4218000625c9___Rutg._HL 3605.JPG,train\Peach___healthy\02e47796-808b-449e-bbba-f6e0262fa589___Rutg._HL 3714.JPG,Peach___healthy:::35.0,Peach___healthy:::52.0,False
5,False,test--validation,Soybean___healthy,train\Soybean___healthy\ebb1f20c-f605-4abc-a703-4faf0670b011___RS_HL 6720.JPG,train\Soybean___healthy\c5a3b010-1df1-4950-938e-8fe62eaf9767___RS_HL 6689.JPG,Soybean___healthy:::441.0,Soybean___healthy:::437.0,False
5,False,test--validation,Tomato___Late_blight,train\Tomato___Late_blight\04540250-4926-47a6-9240-e047a04befc5___GHLB2 Leaf 9019.JPG,train\Tomato___Late_blight\fd26b445-5839-4337-858c-a91dfdd812cc___GHLB2 Leaf 8743.JPG,,,True
5,False,train--validation,Apple___healthy,train\Apple___healthy\f797f26c-c6c4-42b7-af20-69e9c7d8bb35___RS_HL 7737.JPG,train\Apple___healthy\f52ac76d-ad63-4561-911a-4b5245d4e91a___RS_HL 6133.JPG,Apple___healthy:::195.0,Apple___healthy:::82.0,False
5,False,train--validation,Corn_(maize)___Common_rust_,train\Corn_(maize)___Common_rust_\RS_Rust 1855.JPG,val\Corn_(maize)___Common_rust_\RS_Rust 2749.JPG,,,True
5,False,train--validation,Corn_(maize)___Common_rust_,train\Corn_(maize)___Common_rust_\RS_Rust 2501.JPG,train\Corn_(maize)___Common_rust_\RS_Rust 2439.JPG,,,True
5,False,train--validation,Corn_(maize)___Common_rust_,train\Corn_(maize)___Common_rust_\RS_Rust 2759.JPG,train\Corn_(maize)___Common_rust_\RS_Rust 1594.JPG,,,True
5,False,train--validation,Grape___Leaf_blight_(Isariopsis_Leaf_Spot),train\Grape___Leaf_blight_(Isariopsis_Leaf_Spot)\97119aac-1404-4dc7-9f2f-fd1fb1622fbf___FAM_L.Blight 1500.JPG,val\Grape___Leaf_blight_(Isariopsis_Leaf_Spot)\8e6b80f3-8faa-4703-8d62-73669c62f19b___FAM_L.Blight 1484.JPG,Grape___Leaf_blight_(Isariopsis_Leaf_Spot):::47.0,Grape___Leaf_blight_(Isariopsis_Leaf_Spot):::43.0,False
5,False,train--validation,Grape___Leaf_blight_(Isariopsis_Leaf_Spot),train\Grape___Leaf_blight_(Isariopsis_Leaf_Spot)\98b2e250-b92d-4b45-a7d6-9a5f54570f31___FAM_L.Blight 1525.JPG,train\Grape___Leaf_blight_(Isariopsis_Leaf_Spot)\effe2ed2-5133-4d25-ae1e-7ad8cc37d4f1___FAM_L.Blight 1482.JPG,Grape___Leaf_blight_(Isariopsis_Leaf_Spot):::53.0,Grape___Leaf_blight_(Isariopsis_Leaf_Spot):::43.0,False
5,False,train--validation,Orange___Haunglongbing_(Citrus_greening),train\Orange___Haunglongbing_(Citrus_greening)\1acd61a0-cded-4377-aaf1-eb4bbdf4b66f___CREC_HLB 6855.JPG,train\Orange___Haunglongbing_(Citrus_greening)\d6a39e36-a586-435f-874d-6802e2289c50___CREC_HLB 6928.JPG,Orange___Haunglongbing_(Citrus_greening):::OCT_575.0,Orange___Haunglongbing_(Citrus_greening):::OCT_593.0,False
5,False,train--validation,Orange___Haunglongbing_(Citrus_greening),train\Orange___Haunglongbing_(Citrus_greening)\7ff17bb9-66bc-4bbe-b599-63eb4bcc8982___CREC_HLB 5355.JPG,train\Orange___Haunglongbing_(Citrus_greening)\fdcf6e05-d8af-4762-b869-cc54b59aa0d8___CREC_HLB 6697.JPG,Orange___Haunglongbing_(Citrus_greening):::OCT_371.0,Orange___Haunglongbing_(Citrus_greening):::OCT_535.0,False
5,False,train--validation,Orange___Haunglongbing_(Citrus_greening),train\Orange___Haunglongbing_(Citrus_greening)\8d7c884e-7f80-4bb9-94b5-2b0eac642a41___CREC_HLB 4443.JPG,val\Orange___Haunglongbing_(Citrus_greening)\92012192-1af1-45f9-92ec-797cae6768cc___CREC_HLB 4664.JPG,Orange___Haunglongbing_(Citrus_greening):::OCT_144.0,Orange___Haunglongbing_(Citrus_greening):::OCT_199.0,False
5,False,train--validation,Orange___Haunglongbing_(Citrus_greening),train\Orange___Haunglongbing_(Citrus_greening)\f0ade6d4-9a61-4f49-8b6f-b97bfa8d3005___CREC_HLB 3999.JPG,train\Orange___Haunglongbing_(Citrus_greening)\e5e2cdea-35bb-4833-a48a-88bfdf0e9ab0___CREC_HLB 7571.JPG,Orange___Haunglongbing_(Citrus_greening):::OCT_34.0,Orange___Haunglongbing_(Citrus_greening):::OCT_752.0,False
5,False,train--validation,Peach___Bacterial_spot,train\Peach___Bacterial_spot\291f3f11-bfc6-4ad6-8c69-c2de933f6f7b___Rut._Bact.S 1460.JPG,train\Peach___Bacterial_spot\6efc9fea-0aac-45d8-b9c8-3f8707e41ad0___Rutg._Bact.S 2214.JPG,Peach___Bacterial_spot:::120.0,Peach___Bacterial_spot:::312.0,False
5,False,train--validation,Peach___Bacterial_spot,train\Peach___Bacterial_spot\cb890a0b-cc6a-47fe-879b-22b81f756d2b___Rut._Bact.S 1287.JPG,train\Peach___Bacterial_spot\49b26419-a2c2-422b-a468-79c74746707b___Rut._Bact.S 0921.JPG,Peach___Bacterial_spot:::92.0,Peach___Bacterial_spot:::31.0,False
5,False,train--validation,"Pepper,_bell___Bacterial_spot","val\Pepper,_bell___Bacterial_spot\3294ec88-cc8d-4e3a-af08-f2f9d7f4a73b___JR_B.Spot 3196.JPG","train\Pepper,_bell___Bacterial_spot\b8c7fc71-e9f0-4246-9a64-f535eba91fa4___JR_B.Spot 3302.JPG","Pepper,_bell___Bacterial_spot:::JR_8.0","Pepper,_bell___Bacterial_spot:::JR_18.0",False
5,False,train--validation,"Pepper,_bell___healthy","train\Pepper,_bell___healthy\10b46a95-02c6-4a1c-98e5-904b3e3e7e0d___JR_HL 7679.JPG","train\Pepper,_bell___healthy\883f2bb3-25d0-4c28-bcf0-f092fdcd4a0d___JR_HL 7685.JPG","Pepper,_bell___healthy:::43.0","Pepper,_bell___healthy:::44.0",False
5,False,train--validation,Soybean___healthy,train\Soybean___healthy\51803b98-fc3c-4489-bd51-37975915bbb5___RS_HL 4408.JPG,train\Soybean___healthy\51937dcc-7647-4226-a7aa-a4121cf514d6___RS_HL 7399.JPG,Soybean___healthy:::191.0,Soybean___healthy:::496.0,False
5,False,train--validation,Soybean___healthy,train\Soybean___healthy\5c3bc918-fdf2-4f25-8044-852c9991b40f___RS_HL 5685 1.JPG,train\Soybean___healthy\308b75e8-49e7-4168-9796-9c49875cc403___RS_HL 6214.JPG,Soybean___healthy:::345.0,Soybean___healthy:::395.0,False
5,False,train--validation,Soybean___healthy,train\Soybean___healthy\69e7c833-37a8-4813-bd84-523f7d0fd9dd___RS_HL 3645.JPG,train\Soybean___healthy\34a2004e-00b9-45f6-b80f-e308862537f1___RS_HL 4644.JPG,Soybean___healthy:::100.0,Soybean___healthy:::217.0,False
5,False,train--validation,Soybean___healthy,train\Soybean___healthy\7fe99f3e-79cd-417c-8e66-7e5aad5f420e___RS_HL 6268.JPG,train\Soybean___healthy\0e53b7ea-a396-4f3f-bdba-8907985d832d___RS_HL 5703 1.JPG,Soybean___healthy:::399.0,Soybean___healthy:::348.0,False
5,False,train--validation,Soybean___healthy,train\Soybean___healthy\df60e2b2-bb4c-402b-b058-38d829cd19ee___RS_HL 3545.JPG,train\Soybean___healthy\6bdffb57-e4c9-49c0-9072-3177c70dde25___RS_HL 3941.JPG,Soybean___healthy:::92.0,Soybean___healthy:::133.0,False
5,False,train--validation,Soybean___healthy,val\Soybean___healthy\d49c4697-8288-471d-ab62-2eb52b82863a___RS_HL 6146.JPG,train\Soybean___healthy\c5a3b010-1df1-4950-938e-8fe62eaf9767___RS_HL 6689.JPG,Soybean___healthy:::390.0,Soybean___healthy:::437.0,False
5,False,train--validation,Soybean___healthy,val\Soybean___healthy\f7420dcd-b038-4427-a3dc-76619ad1ce3c___RS_HL 3390.JPG,train\Soybean___healthy\c072aed5-b91b-4d4d-a7b4-9ae81591ef08___RS_HL 4493.JPG,Soybean___healthy:::76.0,Soybean___healthy:::200.0,False
5,False,train--validation,Tomato___Bacterial_spot,train\Tomato___Bacterial_spot\166a69a7-cae0-4e6e-ac75-bc207a5335f4___GCREC_Bact.Sp 5705.JPG,val\Tomato___Bacterial_spot\3256b07a-4561-45b8-b3d5-9422c0241c00___GCREC_Bact.Sp 3054.JPG,Tomato___Bacterial_spot:::269.0,Tomato___Bacterial_spot:::28.0,False
5,False,train--validation,Tomato___Tomato_Yellow_Leaf_Curl_Virus,train\Tomato___Tomato_Yellow_Leaf_Curl_Virus\86089870-b24b-4509-abc3-f6c50fd07e49___UF.GRC_YLCV_Lab 01677.JPG,train\Tomato___Tomato_Yellow_Leaf_Curl_Virus\a6d9fce3-02d6-464c-bf8e-795b78dcc7e7___UF.GRC_YLCV_Lab 01667.JPG,,,True
5,False,train--validation,Tomato___Tomato_Yellow_Leaf_Curl_Virus,train\Tomato___Tomato_Yellow_Leaf_Curl_Virus\f591877b-3f56-491c-b522-8a192a92e78e___UF.GRC_YLCV_Lab 02503.JPG,train\Tomato___Tomato_Yellow_Leaf_Curl_Virus\fa16f530-1e23-4a86-acb1-1ff53dd49e37___UF.GRC_YLCV_Lab 02499.JPG,,,True
6,False,test--train,Blueberry___healthy,train\Blueberry___healthy\45249be0-22cd-4358-bea9-41f36735f3dd___RS_HL 2387.JPG,train\Blueberry___healthy\522e604b-e43f-4b09-8a08-84f67175b6ac___RS_HL 2532.JPG,Blueberry___healthy:::78.0,Blueberry___healthy:::94.0,False
6,False,test--train,Blueberry___healthy,train\Blueberry___healthy\5cce3429-f31d-4f51-a71a-c155769ac53c___RS_HL 5278.JPG,train\Blueberry___healthy\a0fef3ff-ee9a-4e33-a5e2-7c09e93a727d___RS_HL 4948.JPG,Blueberry___healthy:::144.0,Blueberry___healthy:::119.0,False
6,False,test--train,Blueberry___healthy,train\Blueberry___healthy\7f54d169-a76d-4977-8331-2a9793c1662b___RS_HL 0503.JPG,train\Blueberry___healthy\132f87df-7c5f-46c9-9ede-864ec865fd6d___RS_HL 2528.JPG,Blueberry___healthy:::25.0,Blueberry___healthy:::94.0,False
6,False,test--train,Blueberry___healthy,train\Blueberry___healthy\8d3146d7-3808-4124-957c-a82e5bf0cf62___RS_HL 0490.JPG,train\Blueberry___healthy\fde9f795-d7d7-4e8a-8b2b-33b02aea220b___RS_HL 0453.JPG,Blueberry___healthy:::24.0,Blueberry___healthy:::19.0,False
6,False,test--train,Blueberry___healthy,train\Blueberry___healthy\a6168276-7998-41a4-b839-28ea3dda4505___RS_HL 2350.JPG,train\Blueberry___healthy\e64efdd0-97e8-486c-923f-04b140f7e168___RS_HL 2497.JPG,Blueberry___healthy:::74.0,Blueberry___healthy:::90.0,False
6,False,test--train,Blueberry___healthy,train\Blueberry___healthy\b4e9643f-c810-40d5-8005-6f4a137b65ca___RS_HL 5509.JPG,train\Blueberry___healthy\102e8eb8-0170-454b-bbcf-75b0e0871296___RS_HL 5148.JPG,Blueberry___healthy:::159.0,Blueberry___healthy:::136.0,False
6,False,test--train,Blueberry___healthy,train\Blueberry___healthy\bf71f73c-77ad-4795-9126-3c02b6f76752___RS_HL 2685.JPG,train\Blueberry___healthy\772177a1-1944-4360-a639-766c30840fd8___RS_HL 2677.JPG,Blueberry___healthy:::112.0,Blueberry___healthy:::111.0,False
6,False,test--train,Cherry_(including_sour)___healthy,train\Cherry_(including_sour)___healthy\0ce4ee15-d59b-4212-ab2a-8b6a07f3634f___JR_HL 9707.JPG,train\Cherry_(including_sour)___healthy\2e448d58-33df-45bd-bb11-8cc091f21f06___JR_HL 9537.JPG,Cherry_(including_sour)___healthy:::77.0,Cherry_(including_sour)___healthy:::55.0,False
6,False,test--train,Cherry_(including_sour)___healthy,train\Cherry_(including_sour)___healthy\0ce4ee15-d59b-4212-ab2a-8b6a07f3634f___JR_HL 9707.JPG,train\Cherry_(including_sour)___healthy\ac32e22a-5841-4531-8d5a-84f8c5288f4a___JR_HL 9845.JPG,Cherry_(including_sour)___healthy:::77.0,Cherry_(including_sour)___healthy:::97.0,False
6,False,test--train,Cherry_(including_sour)___healthy,train\Cherry_(including_sour)___healthy\1d153987-66bc-45bd-aa65-78dfbd5a6a53___JR_HL 9626.JPG,train\Cherry_(including_sour)___healthy\90546341-6ac6-434c-8cb4-ec2e1a0e515e___JR_HL 9448.JPG,Cherry_(including_sour)___healthy:::68.0,Cherry_(including_sour)___healthy:::43.0,False
6,False,test--train,Cherry_(including_sour)___healthy,train\Cherry_(including_sour)___healthy\39d6a038-a6f1-4bff-934c-dabb4496e691___JR_HL 4008.JPG,train\Cherry_(including_sour)___healthy\bfed28c4-5ef8-4a35-b826-612875cc6b86___JR_HL 4099.JPG,Cherry_(including_sour)___healthy:::8.0,Cherry_(including_sour)___healthy:::17.0,False
6,False,test--train,Cherry_(including_sour)___healthy,train\Cherry_(including_sour)___healthy\83b7e714-c245-47ae-819d-9ab8dc1b170f___JR_HL 9477.JPG,val\Cherry_(including_sour)___healthy\76b825a4-aae0-4a88-b7b1-f65e66befffe___JR_HL 9719.JPG,Cherry_(including_sour)___healthy:::47.0,Cherry_(including_sour)___healthy:::79.0,False
6,False,test--train,Cherry_(including_sour)___healthy,train\Cherry_(including_sour)___healthy\a5f27f47-9b56-4c1c-941a-12e2525496cb___JR_HL 9771.JPG,val\Cherry_(including_sour)___healthy\04585023-ef52-4b9d-9763-50318773c5d7___JR_HL 9791.JPG,Cherry_(including_sour)___healthy:::86.0,Cherry_(including_sour)___healthy:::89.0,False
6,False,test--train,Cherry_(including_sour)___healthy,train\Cherry_(including_sour)___healthy\e4f9ab10-b650-42bb-abcb-e5577ffcc1fe___JR_HL 9629.JPG,val\Cherry_(including_sour)___healthy\9d22266e-c5f3-4e5f-9c18-93ad8cf76f1c___JR_HL 9588.JPG,Cherry_(including_sour)___healthy:::68.0,Cherry_(including_sour)___healthy:::62.0,False
6,False,test--train,Corn_(maize)___Cercospora_leaf_spot Gray_leaf_spot,val\Corn_(maize)___Cercospora_leaf_spot Gray_leaf_spot\e10b0d3a-440b-46cd-a7f4-351196dcd1df___RS_GLSp 4323.JPG,train\Corn_(maize)___Cercospora_leaf_spot Gray_leaf_spot\3dc975e5-3570-4dbd-b163-a6f2947fc35f___RS_GLSp 4376.JPG,,,True
6,False,test--train,Corn_(maize)___Common_rust_,train\Corn_(maize)___Common_rust_\RS_Rust 2465.JPG,train\Corn_(maize)___Common_rust_\RS_Rust 2658.JPG,,,True
6,False,test--train,Corn_(maize)___Common_rust_,train\Corn_(maize)___Common_rust_\RS_Rust 2532.JPG,val\Corn_(maize)___Common_rust_\RS_Rust 2689.JPG,,,True
6,False,test--train,Corn_(maize)___healthy,train\Corn_(maize)___healthy\31ed2f01-16d4-4b0f-8e51-d2b3bf960921___R.S_HL 7987 copy.jpg,val\Corn_(maize)___healthy\466155e6-ef86-4024-9c0a-de7ca09a1d07___R.S_HL 7986 copy.jpg,,,True
6,False,test--train,Corn_(maize)___healthy,train\Corn_(maize)___healthy\8254e846-2b6a-47bd-87a0-23a1b435eb20___R.S_HL 0599.JPG,train\Corn_(maize)___healthy\64150a14-e8fa-4301-a7ba-52ca7d592b4a___R.S_HL 0599 copy 3.jpg,,,True
6,False,test--train,Grape___Black_rot,train\Grape___Black_rot\b15f50bc-64db-428b-a65c-786befec714e___FAM_B.Rot 0369.JPG,train\Grape___Black_rot\48b865b5-e7c6-45f1-994a-b2b1adc2cff5___FAM_B.Rot 3379.JPG,Grape___Black_rot:::12.0,Grape___Black_rot:::207.0,False
6,False,test--train,Grape___Esca_(Black_Measles),train\Grape___Esca_(Black_Measles)\17c6b47a-d03e-4b80-9a35-0db97d82357d___FAM_B.Msls 4204.JPG,val\Grape___Esca_(Black_Measles)\2e14a527-e8b7-4c3f-935e-231ba12a5f99___FAM_B.Msls 4180.JPG,Grape___Esca_(Black_Measles):::274.0,Grape___Esca_(Black_Measles):::268.0,False
6,False,test--train,Grape___Esca_(Black_Measles),train\Grape___Esca_(Black_Measles)\da2ded91-338e-47db-a640-269590ea2b8b___FAM_B.Msls 1127.JPG,train\Grape___Esca_(Black_Measles)\b5ab4545-ec88-40d1-9616-483d50bb2f3d___FAM_B.Msls 0841.JPG,Grape___Esca_(Black_Measles):::77.0,Grape___Esca_(Black_Measles):::6.0,False
6,False,test--train,Grape___Esca_(Black_Measles),train\Grape___Esca_(Black_Measles)\efa70f4a-3f15-4ad0-b454-004af02d38a2___FAM_B.Msls 4252.JPG,train\Grape___Esca_(Black_Measles)\eb5f46e5-0ba9-4197-87cd-505907a56e08___FAM_B.Msls 1247.JPG,Grape___Esca_(Black_Measles):::286.0,Grape___Esca_(Black_Measles):::107.0,False
6,False,test--train,Grape___Esca_(Black_Measles),train\Grape___Esca_(Black_Measles)\ffc0847a-e88d-4332-8c7c-4b63ba65a471___FAM_B.Msls 1130.JPG,train\Grape___Esca_(Black_Measles)\2850cff3-e262-49b1-af09-051e76e19fa8___FAM_B.Msls 1336.JPG,Grape___Esca_(Black_Measles):::77.0,Grape___Esca_(Black_Measles):::129.0,False
6,False,test--train,Grape___Esca_(Black_Measles),val\Grape___Esca_(Black_Measles)\e4bedd05-5a16-4e64-8645-270831e82db0___FAM_B.Msls 0885.JPG,train\Grape___Esca_(Black_Measles)\49c6ee9e-8bc4-4187-82db-b9caba8bb168___FAM_B.Msls 1134.JPG,Grape___Esca_(Black_Measles):::17.0,Grape___Esca_(Black_Measles):::78.0,False
6,False,test--train,Grape___Leaf_blight_(Isariopsis_Leaf_Spot),train\Grape___Leaf_blight_(Isariopsis_Leaf_Spot)\3d9d9b23-b74c-4c57-9b7f-ca864e105799___FAM_L.Blight 1401.JPG,train\Grape___Leaf_blight_(Isariopsis_Leaf_Spot)\2632746e-bfbd-4e25-bad1-16e66e6bedfb___FAM_L.Blight 1381.JPG,Grape___Leaf_blight_(Isariopsis_Leaf_Spot):::23.0,Grape___Leaf_blight_(Isariopsis_Leaf_Spot):::18.0,False
6,False,test--train,Grape___Leaf_blight_(Isariopsis_Leaf_Spot),train\Grape___Leaf_blight_(Isariopsis_Leaf_Spot)\c08c3e56-4192-40a6-9b51-8733e642dafa___FAM_L.Blight 1422.JPG,train\Grape___Leaf_blight_(Isariopsis_Leaf_Spot)\20f4f346-c804-4459-af12-d9e89c35a716___FAM_L.Blight 1426.JPG,Grape___Leaf_blight_(Isariopsis_Leaf_Spot):::28.0,Grape___Leaf_blight_(Isariopsis_Leaf_Spot):::29.0,False
6,False,test--train,Grape___Leaf_blight_(Isariopsis_Leaf_Spot),train\Grape___Leaf_blight_(Isariopsis_Leaf_Spot)\c18f547f-c7df-48fa-88af-b5aa4b584a68___FAM_L.Blight 4702.JPG,train\Grape___Leaf_blight_(Isariopsis_Leaf_Spot)\9be77817-23c5-469e-8363-eb1d115f9bb0___FAM_L.Blight 1470.JPG,Grape___Leaf_blight_(Isariopsis_Leaf_Spot):::195.0,Grape___Leaf_blight_(Isariopsis_Leaf_Spot):::40.0,False
6,False,test--train,Orange___Haunglongbing_(Citrus_greening),train\Orange___Haunglongbing_(Citrus_greening)\02fc11bb-9218-4431-b8f7-c581354cd42b___CREC_HLB 3944.JPG,train\Orange___Haunglongbing_(Citrus_greening)\ac52213f-6cf5-48a3-94dc-3fffb01b38d4___CREC_HLB 4678.JPG,Orange___Haunglongbing_(Citrus_greening):::OCT_20.0,Orange___Haunglongbing_(Citrus_greening):::OCT_203.0,False
6,False,test--train,Orange___Haunglongbing_(Citrus_greening),train\Orange___Haunglongbing_(Citrus_greening)\0a1643d9-675e-42b1-8368-98a3a6f06a40___CREC_HLB 5617.JPG,train\Orange___Haunglongbing_(Citrus_greening)\a713582b-e693-47b6-b683-5f68ab89983d___CREC_HLB 5219.JPG,Orange___Haunglongbing_(Citrus_greening):::OCT_436.0,Orange___Haunglongbing_(Citrus_greening):::OCT_337.0,False
6,False,test--train,Orange___Haunglongbing_(Citrus_greening),train\Orange___Haunglongbing_(Citrus_greening)\14497970-89de-40cc-ac45-c140ba6cda85___CREC_HLB 3884.JPG,train\Orange___Haunglongbing_(Citrus_greening)\820b548a-858e-4cc6-867c-c6eb78ad9257___CREC_HLB 5651.JPG,Orange___Haunglongbing_(Citrus_greening):::OCT_5.0,Orange___Haunglongbing_(Citrus_greening):::OCT_444.0,False
6,False,test--train,Orange___Haunglongbing_(Citrus_greening),train\Orange___Haunglongbing_(Citrus_greening)\227fd7eb-d4e2-4b3e-9482-e2d9e552ffa0___CREC_HLB 4861.JPG,val\Orange___Haunglongbing_(Citrus_greening)\683780ea-0667-4801-b963-36ad79fdf4d4___CREC_HLB 5008.JPG,Orange___Haunglongbing_(Citrus_greening):::OCT_247.0,Orange___Haunglongbing_(Citrus_greening):::OCT_284.0,False
6,False,test--train,Orange___Haunglongbing_(Citrus_greening),train\Orange___Haunglongbing_(Citrus_greening)\43a17ced-e9e8-459d-9bc3-65e8fafa75c0___CREC_HLB 3935.JPG,train\Orange___Haunglongbing_(Citrus_greening)\7ff17bb9-66bc-4bbe-b599-63eb4bcc8982___CREC_HLB 5355.JPG,Orange___Haunglongbing_(Citrus_greening):::OCT_18.0,Orange___Haunglongbing_(Citrus_greening):::OCT_371.0,False
6,False,test--train,Orange___Haunglongbing_(Citrus_greening),train\Orange___Haunglongbing_(Citrus_greening)\43a17ced-e9e8-459d-9bc3-65e8fafa75c0___CREC_HLB 3935.JPG,train\Orange___Haunglongbing_(Citrus_greening)\a601a68e-9991-4767-b35d-34645b9834e3___CREC_HLB 4569.JPG,Orange___Haunglongbing_(Citrus_greening):::OCT_18.0,Orange___Haunglongbing_(Citrus_greening):::OCT_175.0,False
6,False,test--train,Orange___Haunglongbing_(Citrus_greening),train\Orange___Haunglongbing_(Citrus_greening)\44674755-6335-41bc-9f7d-b2b51feb63f8___CREC_HLB 5004.JPG,train\Orange___Haunglongbing_(Citrus_greening)\77c5c532-cd3b-4a15-9dd5-a1b775deb9f0___CREC_HLB 4964.JPG,Orange___Haunglongbing_(Citrus_greening):::OCT_283.0,Orange___Haunglongbing_(Citrus_greening):::OCT_273.0,False
6,False,test--train,Orange___Haunglongbing_(Citrus_greening),train\Orange___Haunglongbing_(Citrus_greening)\479a6859-24d6-46cb-b2f0-617df06caaef___CREC_HLB 5096.JPG,train\Orange___Haunglongbing_(Citrus_greening)\7cd1b122-6c28-483d-8be8-59c5704baf8e___CREC_HLB 5192.JPG,Orange___Haunglongbing_(Citrus_greening):::OCT_306.0,Orange___Haunglongbing_(Citrus_greening):::OCT_330.0,False
6,False,test--train,Orange___Haunglongbing_(Citrus_greening),train\Orange___Haunglongbing_(Citrus_greening)\479a6859-24d6-46cb-b2f0-617df06caaef___CREC_HLB 5096.JPG,train\Orange___Haunglongbing_(Citrus_greening)\ca18cb23-ea97-47c0-abbd-922be1600be6___CREC_HLB 5160.JPG,Orange___Haunglongbing_(Citrus_greening):::OCT_306.0,Orange___Haunglongbing_(Citrus_greening):::OCT_322.0,False
6,False,test--train,Orange___Haunglongbing_(Citrus_greening),train\Orange___Haunglongbing_(Citrus_greening)\4d0bd573-393a-4356-9be9-c979a69f2f6c___CREC_HLB 5616.JPG,train\Orange___Haunglongbing_(Citrus_greening)\3ad0df92-a18e-4312-90e8-36aefe141668___CREC_HLB 5378.JPG,Orange___Haunglongbing_(Citrus_greening):::OCT_435.0,Orange___Haunglongbing_(Citrus_greening):::OCT_376.0,False
6,False,test--train,Orange___Haunglongbing_(Citrus_greening),train\Orange___Haunglongbing_(Citrus_greening)\5a92b602-60bb-4b14-9d08-b10c4fbe8d27___CREC_HLB 4192.JPG,train\Orange___Haunglongbing_(Citrus_greening)\7e956a3d-8903-45a8-8889-f23f716ab0fd___CREC_HLB 6956.JPG,Orange___Haunglongbing_(Citrus_greening):::OCT_82.0,Orange___Haunglongbing_(Citrus_greening):::OCT_600.0,False
6,False,test--train,Orange___Haunglongbing_(Citrus_greening),train\Orange___Haunglongbing_(Citrus_greening)\64d58f99-dafd-419f-a257-884558bf3f4d___UF.Citrus_HLB_Lab 0723.JPG,val\Orange___Haunglongbing_(Citrus_greening)\ae6208b2-1ffd-4596-96c3-b476b6fd78ab___UF.Citrus_HLB_Lab 1728.JPG,Orange___Haunglongbing_(Citrus_greening):::46.0,Orange___Haunglongbing_(Citrus_greening):::108.0,False
6,False,test--train,Orange___Haunglongbing_(Citrus_greening),train\Orange___Haunglongbing_(Citrus_greening)\7787814e-7442-4b65-912d-27b5f8567aab___CREC_HLB 7087.JPG,train\Orange___Haunglongbing_(Citrus_greening)\b861cb0f-3d26-4dfa-9796-1306037a458b___CREC_HLB 5307.JPG,Orange___Haunglongbing_(Citrus_greening):::OCT_633.0,Orange___Haunglongbing_(Citrus_greening):::OCT_359.0,False
6,False,test--train,Orange___Haunglongbing_(Citrus_greening),train\Orange___Haunglongbing_(Citrus_greening)\83d170e2-360f-4e53-a03c-aab57ee4a443___CREC_HLB 3938.JPG,train\Orange___Haunglongbing_(Citrus_greening)\f8d0ccbd-8092-4bff-af6f-32d12ee602e7___CREC_HLB 3910.JPG,Orange___Haunglongbing_(Citrus_greening):::OCT_18.0,Orange___Haunglongbing_(Citrus_greening):::OCT_11.0,False
6,False,test--train,Orange___Haunglongbing_(Citrus_greening),train\Orange___Haunglongbing_(Citrus_greening)\850e8f31-466f-4ce3-9c43-0a3705c6b365___CREC_HLB 4784.JPG,val\Orange___Haunglongbing_(Citrus_greening)\fd2ca3b4-1119-4a3c-b1cb-65937af15ebe___CREC_HLB 3874.JPG,Orange___Haunglongbing_(Citrus_greening):::OCT_228.0,Orange___Haunglongbing_(Citrus_greening):::OCT_2.0,False
6,False,test--train,Orange___Haunglongbing_(Citrus_greening),train\Orange___Haunglongbing_(Citrus_greening)\89db5341-7c93-4bed-9431-624d296cd33f___CREC_HLB 4944.JPG,val\Orange___Haunglongbing_(Citrus_greening)\683780ea-0667-4801-b963-36ad79fdf4d4___CREC_HLB 5008.JPG,Orange___Haunglongbing_(Citrus_greening):::OCT_268.0,Orange___Haunglongbing_(Citrus_greening):::OCT_284.0,False
6,False,test--train,Orange___Haunglongbing_(Citrus_greening),train\Orange___Haunglongbing_(Citrus_greening)\94600a0a-3466-4157-9db8-c338f02521b1___CREC_HLB 4943.JPG,train\Orange___Haunglongbing_(Citrus_greening)\ba8af517-ae00-474e-b6a7-9b5031419cf4___CREC_HLB 4220.JPG,Orange___Haunglongbing_(Citrus_greening):::OCT_268.0,Orange___Haunglongbing_(Citrus_greening):::OCT_89.0,False
6,False,test--train,Orange___Haunglongbing_(Citrus_greening),train\Orange___Haunglongbing_(Citrus_greening)\94600a0a-3466-4157-9db8-c338f02521b1___CREC_HLB 4943.JPG,val\Orange___Haunglongbing_(Citrus_greening)\45c0bc4d-7407-4303-8b50-c2ca9d0a8f7c___CREC_HLB 3904.JPG,Orange___Haunglongbing_(Citrus_greening):::OCT_268.0,Orange___Haunglongbing_(Citrus_greening):::OCT_10.0,False
6,False,test--train,Orange___Haunglongbing_(Citrus_greening),train\Orange___Haunglongbing_(Citrus_greening)\ab5e7d17-3100-48f5-8d2a-c614fdcf44a9___UF.Citrus_HLB_Lab 0317.JPG,train\Orange___Haunglongbing_(Citrus_greening)\faa843e5-ee11-4741-80b1-5c46e4143ccc___UF.Citrus_HLB_Lab 1340.JPG,Orange___Haunglongbing_(Citrus_greening):::25.0,Orange___Haunglongbing_(Citrus_greening):::85.0,False
6,False,test--train,Orange___Haunglongbing_(Citrus_greening),train\Orange___Haunglongbing_(Citrus_greening)\c20aef97-9340-441f-9737-c48aa7081788___UF.Citrus_HLB_Lab 9750.JPG,val\Orange___Haunglongbing_(Citrus_greening)\603c3f3d-4857-4a65-b5dd-db5b6197af28___UF.Citrus_HLB_Lab 0118.JPG,Orange___Haunglongbing_(Citrus_greening):::123.0,Orange___Haunglongbing_(Citrus_greening):::13.0,False
6,False,test--train,Orange___Haunglongbing_(Citrus_greening),train\Orange___Haunglongbing_(Citrus_greening)\cb67da3b-8201-4a82-8e48-729c401ab4a0___CREC_HLB 4782.JPG,train\Orange___Haunglongbing_(Citrus_greening)\03d15889-0ce7-4324-b788-e5ec2336f3e9___CREC_HLB 4863.JPG,Orange___Haunglongbing_(Citrus_greening):::OCT_228.0,Orange___Haunglongbing_(Citrus_greening):::OCT_248.0,False
6,False,test--train,Orange___Haunglongbing_(Citrus_greening),train\Orange___Haunglongbing_(Citrus_greening)\f792a9c9-cada-4565-8021-d9e9ddfc4eea___CREC_HLB 4155.JPG,train\Orange___Haunglongbing_(Citrus_greening)\5269f00e-dd73-40c0-9596-fe2c81f21a94___CREC_HLB 4432.JPG,Orange___Haunglongbing_(Citrus_greening):::OCT_73.0,Orange___Haunglongbing_(Citrus_greening):::OCT_141.0,False
6,False,test--train,Orange___Haunglongbing_(Citrus_greening),train\Orange___Haunglongbing_(Citrus_greening)\f79d8094-4b75-48f6-8c9b-a3fd671931ee___CREC_HLB 3966.JPG,train\Orange___Haunglongbing_(Citrus_greening)\ee9dd3ab-b5ef-482d-a970-afb3ca0767d1___CREC_HLB 6974.JPG,Orange___Haunglongbing_(Citrus_greening):::OCT_25.0,Orange___Haunglongbing_(Citrus_greening):::OCT_604.0,False
6,False,test--train,Orange___Haunglongbing_(Citrus_greening),val\Orange___Haunglongbing_(Citrus_greening)\65ca92d9-3636-4f74-bc6d-ad3086b70aa7___CREC_HLB 4851.JPG,train\Orange___Haunglongbing_(Citrus_greening)\57546099-9d43-46ed-907a-8ac0d76d9e71___CREC_HLB 4120.JPG,Orange___Haunglongbing_(Citrus_greening):::OCT_245.0,Orange___Haunglongbing_(Citrus_greening):::OCT_64.0,False
6,False,test--train,Orange___Haunglongbing_(Citrus_greening),val\Orange___Haunglongbing_(Citrus_greening)\77175c6e-61c3-4f06-88cf-c68cc2f06a69___CREC_HLB 4303.JPG,train\Orange___Haunglongbing_(Citrus_greening)\445d75f1-5c8c-4580-ba8c-3c1c2c516a93___CREC_HLB 5231.JPG,Orange___Haunglongbing_(Citrus_greening):::OCT_109.0,Orange___Haunglongbing_(Citrus_greening):::OCT_340.0,False
6,False,test--train,Orange___Haunglongbing_(Citrus_greening),val\Orange___Haunglongbing_(Citrus_greening)\f070d737-e9f9-4282-84d2-e97b96077033___UF.Citrus_HLB_Lab 9945.JPG,train\Orange___Haunglongbing_(Citrus_greening)\bb35f7ee-6623-4501-8b77-fc0521217538___UF.Citrus_HLB_Lab 9878.JPG,Orange___Haunglongbing_(Citrus_greening):::143.0,Orange___Haunglongbing_(Citrus_greening):::136.0,False
6,False,test--train,Peach___Bacterial_spot,train\Peach___Bacterial_spot\1058fda1-5402-4b47-b711-27c4adddf10f___Rut._Bact.S 1310.JPG,val\Peach___Bacterial_spot\74f7f83a-0995-4c1d-badc-6f2441d87772___Rut._Bact.S 1322.JPG,Peach___Bacterial_spot:::96.0,Peach___Bacterial_spot:::98.0,False
6,False,test--train,Peach___Bacterial_spot,train\Peach___Bacterial_spot\13b8de5f-f2ed-4c2e-a408-ba786894b640___Rut._Bact.S 0902.JPG,val\Peach___Bacterial_spot\9baa6168-f8f0-4940-83e0-256ec3363fd2___Rut._Bact.S 0854.JPG,Peach___Bacterial_spot:::28.0,Peach___Bacterial_spot:::20.0,False
6,False,test--train,Peach___Bacterial_spot,train\Peach___Bacterial_spot\44bc270e-a7d4-456a-8fae-d75ba2ec6244___Rut._Bact.S 1296.JPG,val\Peach___Bacterial_spot\543187bc-cb00-4093-8d3c-bd23b52cda3c___Rut._Bact.S 1140.JPG,Peach___Bacterial_spot:::93.0,Peach___Bacterial_spot:::67.0,False
6,False,test--train,Peach___Bacterial_spot,train\Peach___Bacterial_spot\47b300c9-3740-4bb4-87d9-3488ce6a093b___Rutg._Bact.S 2302.JPG,train\Peach___Bacterial_spot\e785d770-55ee-4c53-b8cf-4ec12949fd83___Rut._Bact.S 3447.JPG,Peach___Bacterial_spot:::322.0,Peach___Bacterial_spot:::159.0,False
6,False,test--train,Peach___Bacterial_spot,train\Peach___Bacterial_spot\485e0319-4f79-4504-b3eb-8c3f2dcc0c3e___Rut._Bact.S 0750.JPG,train\Peach___Bacterial_spot\a8564d6e-bc7f-466d-bccc-d8196821686e___Rut._Bact.S 0759.JPG,Peach___Bacterial_spot:::2.0,Peach___Bacterial_spot:::4.0,False
6,False,test--train,Peach___Bacterial_spot,train\Peach___Bacterial_spot\525b30f6-6680-4b00-8b78-e0b0ed6be12c___Rutg._Bact.S 1314.JPG,val\Peach___Bacterial_spot\e9afdf82-d64f-438f-b1f0-37800a0f24a1___Rutg._Bact.S 1994.JPG,Peach___Bacterial_spot:::204.0,Peach___Bacterial_spot:::286.0,False
6,False,test--train,Peach___Bacterial_spot,train\Peach___Bacterial_spot\633d70b7-6357-46f7-a4f8-3e924e22ef15___Rut._Bact.S 1161.JPG,train\Peach___Bacterial_spot\3c355f41-a489-401b-af9b-70c2af99c543___Rut._Bact.S 1184.JPG,Peach___Bacterial_spot:::71.0,Peach___Bacterial_spot:::75.0,False
6,False,test--train,Peach___Bacterial_spot,train\Peach___Bacterial_spot\715cc508-e609-4ff4-968b-3953be3b9ace___Rut._Bact.S 0755.JPG,train\Peach___Bacterial_spot\50e07867-1835-4031-9752-b5c62bb94f12___Rut._Bact.S 1277.JPG,Peach___Bacterial_spot:::3.0,Peach___Bacterial_spot:::90.0,False
6,False,test--train,Peach___Bacterial_spot,train\Peach___Bacterial_spot\767e3ee3-996b-48f9-b587-0b19e0eb3569___Rut._Bact.S 1451.JPG,train\Peach___Bacterial_spot\b36a3b42-3b37-4744-9f7a-0546bfd2623f___Rutg._Bact.S 2247.JPG,Peach___Bacterial_spot:::119.0,Peach___Bacterial_spot:::316.0,False
6,False,test--train,Peach___Bacterial_spot,train\Peach___Bacterial_spot\9fda3bc0-49f8-4486-bc9e-93118af2c836___Rut._Bact.S 1329.JPG,train\Peach___Bacterial_spot\32631f9d-5d1b-4e76-a662-adaf51a5c262___Rut._Bact.S 0745.JPG,Peach___Bacterial_spot:::99.0,Peach___Bacterial_spot:::1.0,False
6,False,test--train,Peach___Bacterial_spot,train\Peach___Bacterial_spot\a5ccac77-de3a-406d-8fa8-e73149282638___Rutg._Bact.S 1923.JPG,train\Peach___Bacterial_spot\fbe8fad2-8dff-4bc2-b690-ab60e4d15f5b___Rutg._Bact.S 2064.JPG,Peach___Bacterial_spot:::278.0,Peach___Bacterial_spot:::294.0,False
6,False,test--train,Peach___Bacterial_spot,train\Peach___Bacterial_spot\a65ad4de-647c-430c-9407-88820869600d___Rut._Bact.S 0765.JPG,train\Peach___Bacterial_spot\eace30e6-ac82-420c-891e-a2d19758d309___Rut._Bact.S 1323.JPG,Peach___Bacterial_spot:::5.0,Peach___Bacterial_spot:::98.0,False
6,False,test--train,Peach___Bacterial_spot,train\Peach___Bacterial_spot\aa7b12ce-ac21-49f3-8e73-eca6ece9e9fa___Rut._Bact.S 1164.JPG,train\Peach___Bacterial_spot\8a3977c3-f738-4bff-ac10-0ffd20be5dfa___Rut._Bact.S 1272.JPG,Peach___Bacterial_spot:::71.0,Peach___Bacterial_spot:::89.0,False
6,False,test--train,Peach___Bacterial_spot,train\Peach___Bacterial_spot\b2db309a-d37e-4093-a825-c119d3248c86___Rut._Bact.S 0785.JPG,train\Peach___Bacterial_spot\265e6c18-6d4c-4ea7-8677-da5d2ffe94ee___Rut._Bact.S 0860.JPG,Peach___Bacterial_spot:::8.0,Peach___Bacterial_spot:::21.0,False
6,False,test--train,Peach___Bacterial_spot,train\Peach___Bacterial_spot\c981ad37-f87c-43df-8577-4dc4f32551ff___Rut._Bact.S 0749.JPG,train\Peach___Bacterial_spot\bed4dccc-ce15-4654-bb81-2497644e0c6a___Rut._Bact.S 0802.JPG,Peach___Bacterial_spot:::2.0,Peach___Bacterial_spot:::11.0,False
6,False,test--train,Peach___Bacterial_spot,train\Peach___Bacterial_spot\c981ad37-f87c-43df-8577-4dc4f32551ff___Rut._Bact.S 0749.JPG,train\Peach___Bacterial_spot\fccb7798-709c-4817-99f6-ad003bd87cf0___Rut._Bact.S 0758.JPG,Peach___Bacterial_spot:::2.0,Peach___Bacterial_spot:::4.0,False
6,False,test--train,Peach___Bacterial_spot,train\Peach___Bacterial_spot\c981ad37-f87c-43df-8577-4dc4f32551ff___Rut._Bact.S 0749.JPG,val\Peach___Bacterial_spot\31aaac25-f85e-42d3-ae30-46e6f5dc76a6___Rutg._Bact.S 1944.JPG,Peach___Bacterial_spot:::2.0,Peach___Bacterial_spot:::281.0,False
6,False,test--train,Peach___Bacterial_spot,train\Peach___Bacterial_spot\ee63ad7f-a004-45ea-a6d7-2a859cf9ca03___Rut._Bact.S 1372.JPG,train\Peach___Bacterial_spot\265e6c18-6d4c-4ea7-8677-da5d2ffe94ee___Rut._Bact.S 0860.JPG,Peach___Bacterial_spot:::106.0,Peach___Bacterial_spot:::21.0,False
6,False,test--train,Peach___Bacterial_spot,train\Peach___Bacterial_spot\f03e9033-327b-40f8-aeae-11030b3b6808___Rut._Bact.S 0882.JPG,train\Peach___Bacterial_spot\6626b650-4fd0-485c-b8b6-22dfd2b2e3c0___Rut._Bact.S 1158.JPG,Peach___Bacterial_spot:::25.0,Peach___Bacterial_spot:::70.0,False
6,False,test--train,Peach___Bacterial_spot,train\Peach___Bacterial_spot\ff74cdaf-0674-435f-abe2-70562a96e605___Rut._Bact.S 1314.JPG,train\Peach___Bacterial_spot\bed4dccc-ce15-4654-bb81-2497644e0c6a___Rut._Bact.S 0802.JPG,Peach___Bacterial_spot:::96.0,Peach___Bacterial_spot:::11.0,False
6,False,test--train,Potato___Late_blight,val\Potato___Late_blight\a84f32fc-ec8a-42e9-9f43-9efcf6493199___RS_LB 4884.JPG,train\Potato___Late_blight\fe4bbe61-ddd7-464f-8aa6-e292b8686c70___RS_LB 2902.JPG,Potato___Late_blight:::203.0,Potato___Late_blight:::50.0,False
6,False,test--train,Soybean___healthy,train\Soybean___healthy\056ec80d-2407-4683-87b4-21197c4e493d___RS_HL 4498.JPG,val\Soybean___healthy\dccd93c3-a480-4b27-86ed-03231f19bf09___RS_HL 3533.JPG,Soybean___healthy:::201.0,Soybean___healthy:::90.0,False
6,False,test--train,Soybean___healthy,train\Soybean___healthy\14f1a5c2-eb4a-47be-b20f-d2eed297c3b9___RS_HL 5908.JPG,train\Soybean___healthy\d182480e-7aa5-4be2-9608-e85c5678bf32___RS_HL 5831.JPG,Soybean___healthy:::371.0,Soybean___healthy:::368.0,False
6,False,test--train,Soybean___healthy,train\Soybean___healthy\2b05349b-e677-4184-9adf-136139174877___RS_HL 3736.JPG,train\Soybean___healthy\bf476d8a-b172-4c95-8ac6-d4b494d9003f___RS_HL 3606.JPG,Soybean___healthy:::110.0,Soybean___healthy:::97.0,False
6,False,test--train,Soybean___healthy,train\Soybean___healthy\393781ca-b26e-4105-a5f0-33b3186617f0___RS_HL 2860.JPG,train\Soybean___healthy\3606076b-49b0-41ac-b6f2-ca8cf6db3322___RS_HL 6703.JPG,Soybean___healthy:::20.0,Soybean___healthy:::439.0,False
6,False,test--train,Soybean___healthy,train\Soybean___healthy\42f37e94-d1e1-4324-a909-ab6786d4c011___RS_HL 6378.JPG,val\Soybean___healthy\08132ae0-becf-4283-966c-9ca9fedd7d38___RS_HL 6186.JPG,Soybean___healthy:::409.0,Soybean___healthy:::393.0,False
6,False,test--train,Soybean___healthy,train\Soybean___healthy\50f8fa14-4c23-4168-960c-5533c4a4d35e___RS_HL 3480.JPG,train\Soybean___healthy\46372ce3-f43e-4c59-9815-ccd0700d88b8___RS_HL 3936.JPG,Soybean___healthy:::85.0,Soybean___healthy:::132.0,False
6,False,test--train,Soybean___healthy,train\Soybean___healthy\5456917a-6a97-4951-874c-4f713fd6fb12___RS_HL 6422.JPG,train\Soybean___healthy\56b61490-23dd-49af-848f-c6fc73f5bc2a___RS_HL 7172.JPG,Soybean___healthy:::413.0,Soybean___healthy:::477.0,False
6,False,test--train,Soybean___healthy,train\Soybean___healthy\5c945f78-462f-4610-b416-6aae48ec0b55___RS_HL 3566.JPG,train\Soybean___healthy\8b220614-a58f-4d24-b515-0a0c65330abe___RS_HL 4323.JPG,Soybean___healthy:::94.0,Soybean___healthy:::181.0,False
6,False,test--train,Soybean___healthy,train\Soybean___healthy\5ca7a6be-9083-4400-ab67-9cc243ce3c96___RS_HL 5765 1.JPG,train\Soybean___healthy\271930ec-e6e3-4c8c-b50e-b131d2c61deb___RS_HL 4297.JPG,Soybean___healthy:::359.0,Soybean___healthy:::178.0,False
6,False,test--train,Soybean___healthy,train\Soybean___healthy\8a376f90-087a-415c-985d-7c2968ecfbb8___RS_HL 5767 1.JPG,train\Soybean___healthy\14b118fd-affe-471c-a1cd-ae92b38e69b0___RS_HL 7422.JPG,Soybean___healthy:::359.0,Soybean___healthy:::497.0,False
6,False,test--train,Soybean___healthy,train\Soybean___healthy\8a376f90-087a-415c-985d-7c2968ecfbb8___RS_HL 5767 1.JPG,train\Soybean___healthy\ee894042-534d-4550-bd8a-ae7da8d1c057___RS_HL 6109.JPG,Soybean___healthy:::359.0,Soybean___healthy:::387.0,False
6,False,test--train,Soybean___healthy,train\Soybean___healthy\8a376f90-087a-415c-985d-7c2968ecfbb8___RS_HL 5767 1.JPG,val\Soybean___healthy\752ad666-d684-40ac-8af3-54b330ceb03e___RS_HL 4299.JPG,Soybean___healthy:::359.0,Soybean___healthy:::178.0,False
6,False,test--train,Soybean___healthy,train\Soybean___healthy\8a376f90-087a-415c-985d-7c2968ecfbb8___RS_HL 5767 1.JPG,val\Soybean___healthy\e7d36e15-55ac-4557-b983-d911b18ccf57___RS_HL 6277.JPG,Soybean___healthy:::359.0,Soybean___healthy:::400.0,False
6,False,test--train,Soybean___healthy,train\Soybean___healthy\94d25a32-2d17-4b93-bc4a-e23d09784051___RS_HL 4699.JPG,train\Soybean___healthy\d41726df-07b2-4588-b384-a855ea15ed83___RS_HL 3918.JPG,Soybean___healthy:::223.0,Soybean___healthy:::130.0,False
6,False,test--train,Soybean___healthy,train\Soybean___healthy\9b248f75-6d9e-48c1-a7c4-992fbe92f39d___RS_HL 5037.JPG,train\Soybean___healthy\766bbfbc-8c7d-43fe-a501-099d1ecfcf3b___RS_HL 4785.JPG,Soybean___healthy:::259.0,Soybean___healthy:::232.0,False
6,False,test--train,Soybean___healthy,train\Soybean___healthy\a4c7f295-7567-465e-a148-c86aeef8bd5e___RS_HL 4242.JPG,train\Soybean___healthy\ac93739e-f683-4b24-9ba2-7297eea39937___RS_HL 7418.JPG,Soybean___healthy:::170.0,Soybean___healthy:::497.0,False
6,False,test--train,Soybean___healthy,train\Soybean___healthy\afa5ace9-4b20-4250-83f0-2b2a8bc8d2a8___RS_HL 4230.JPG,val\Soybean___healthy\c8638d81-9a99-4e9c-8f95-4f9462da9541___RS_HL 5668 1.JPG,Soybean___healthy:::168.0,Soybean___healthy:::341.0,False
6,False,test--train,Soybean___healthy,train\Soybean___healthy\cb53611c-b47d-4068-92d5-df11f43e345e___RS_HL 6124.JPG,train\Soybean___healthy\4d317b82-dbae-4376-be92-4b16fe484225___RS_HL 6276.JPG,Soybean___healthy:::389.0,Soybean___healthy:::400.0,False
6,False,test--train,Soybean___healthy,train\Soybean___healthy\cc1586c9-2e49-43e7-84fa-f5ec4ec01c8e___RS_HL 7250.JPG,train\Soybean___healthy\12838a89-baa9-432f-8f0e-c2d1a076e6b9___RS_HL 5179.JPG,Soybean___healthy:::484.0,Soybean___healthy:::276.0,False
6,False,test--train,Soybean___healthy,train\Soybean___healthy\cf618584-36d1-4c0b-86e7-6488da883d50___RS_HL 3475.JPG,train\Soybean___healthy\52af39bc-2259-45c1-8d63-497d1ae3fdde___RS_HL 4831.JPG,Soybean___healthy:::85.0,Soybean___healthy:::237.0,False
6,False,test--train,Soybean___healthy,train\Soybean___healthy\d05b0796-f971-44e1-955b-9196b776d7e3___RS_HL 5771 1.JPG,train\Soybean___healthy\de3e11f3-cb38-45b0-b834-ffbc210418d9___RS_HL 6841.JPG,Soybean___healthy:::359.0,Soybean___healthy:::451.0,False
6,False,test--train,Soybean___healthy,train\Soybean___healthy\d1a5db98-bf65-4d0f-9202-35fc8a06b4ca___RS_HL 6315.JPG,val\Soybean___healthy\e7d36e15-55ac-4557-b983-d911b18ccf57___RS_HL 6277.JPG,Soybean___healthy:::403.0,Soybean___healthy:::400.0,False
6,False,test--train,Soybean___healthy,train\Soybean___healthy\d631065f-c8a5-4603-87e9-b3a3605953f5___RS_HL 3504.JPG,train\Soybean___healthy\cc08e799-035e-4c08-b753-92e3863493e1___RS_HL 5526.JPG,Soybean___healthy:::88.0,Soybean___healthy:::315.0,False
6,False,test--train,Soybean___healthy,train\Soybean___healthy\dfdb9d31-68a9-4ca0-92e9-cdfe615831fd___RS_HL 5914.JPG,val\Soybean___healthy\fee7058e-43c3-404f-a9cc-e23d860cb894___RS_HL 6103.JPG,Soybean___healthy:::371.0,Soybean___healthy:::387.0,False
6,False,test--train,Soybean___healthy,train\Soybean___healthy\e4f3e915-6e2e-4ceb-9cab-37ca1bef4801___RS_HL 3018.JPG,train\Soybean___healthy\dfa3678a-1e60-4e14-a548-71faeb61ebec___RS_HL 4905.JPG,Soybean___healthy:::38.0,Soybean___healthy:::245.0,False
6,False,test--train,Soybean___healthy,train\Soybean___healthy\ee7e94d1-bbff-4410-95d4-9084da3b3e3e___RS_HL 5054.JPG,train\Soybean___healthy\760ac536-6705-47e6-a21c-b7c69868092c___RS_HL 4279.JPG,Soybean___healthy:::261.0,Soybean___healthy:::175.0,False
6,False,test--train,Soybean___healthy,train\Soybean___healthy\eea15c30-1f7c-4d75-b48d-513f72339df4___RS_HL 5292.JPG,train\Soybean___healthy\339b771c-6d53-4bb2-bcc6-06e376a9e2d6___RS_HL 5241.JPG,Soybean___healthy:::289.0,Soybean___healthy:::283.0,False
6,False,test--train,Soybean___healthy,train\Soybean___healthy\f0ff50ed-8dd1-4b17-903c-9d7840b054cb___RS_HL 3490.JPG,train\Soybean___healthy\0edc8acf-0348-406e-a409-6a578ad8c604___RS_HL 3414.JPG,Soybean___healthy:::86.0,Soybean___healthy:::78.0,False
6,False,test--train,Soybean___healthy,train\Soybean___healthy\f3128ad7-73e8-4514-9d80-3cc88e1b7293___RS_HL 3131.JPG,train\Soybean___healthy\703bba52-b678-4bc7-97d0-d69ce80a281f___RS_HL 3529.JPG,Soybean___healthy:::50.0,Soybean___healthy:::90.0,False
6,False,test--train,Soybean___healthy,train\Soybean___healthy\f34a8371-7621-4961-8064-09f157b45539___RS_HL 3737.JPG,train\Soybean___healthy\152ca80d-1249-48ea-b5c2-38bf213e97fd___RS_HL 4387.JPG,Soybean___healthy:::110.0,Soybean___healthy:::188.0,False
6,False,test--train,Soybean___healthy,train\Soybean___healthy\fa51553a-4211-4ad7-bcef-36d2a2ebc407___RS_HL 4843.JPG,train\Soybean___healthy\c9dff7d1-7fd3-493c-b0f5-9b0d871150fd___RS_HL 4205.JPG,Soybean___healthy:::238.0,Soybean___healthy:::165.0,False
6,False,test--train,Soybean___healthy,train\Soybean___healthy\fc44a847-0708-46b8-93f3-61a133d51240___RS_HL 3909.JPG,train\Soybean___healthy\423d88db-3db3-4437-b1b0-91c326431d94___RS_HL 4228.JPG,Soybean___healthy:::129.0,Soybean___healthy:::167.0,False
6,False,test--train,Soybean___healthy,train\Soybean___healthy\fe9abcc5-51b6-4524-bc31-e56e1683df72___RS_HL 7007.JPG,train\Soybean___healthy\32fba72a-e941-4eea-b038-fe06dd732341___RS_HL 6164.JPG,Soybean___healthy:::463.0,Soybean___healthy:::392.0,False
6,False,test--train,Soybean___healthy,val\Soybean___healthy\01b1351b-b2b7-42ab-9d7e-0273118d6027___RS_HL 4822.JPG,val\Soybean___healthy\5a771eed-8089-4983-b714-f4fd566dc5b7___RS_HL 7356.JPG,Soybean___healthy:::236.0,Soybean___healthy:::492.0,False
6,False,test--train,Soybean___healthy,val\Soybean___healthy\1920024b-9501-4176-bbca-456a07697894___RS_HL 3489.JPG,train\Soybean___healthy\e8fb469f-1076-4565-a428-97e11e991127___RS_HL 6849.JPG,Soybean___healthy:::86.0,Soybean___healthy:::451.0,False
6,False,test--train,Soybean___healthy,val\Soybean___healthy\1920024b-9501-4176-bbca-456a07697894___RS_HL 3489.JPG,train\Soybean___healthy\efbb9871-46a4-49d5-b536-49f899784bc5___RS_HL 6848.JPG,Soybean___healthy:::86.0,Soybean___healthy:::451.0,False
6,False,test--train,Soybean___healthy,val\Soybean___healthy\45111462-346e-4065-9079-d44a2d9c19cb___RS_HL 4820.JPG,val\Soybean___healthy\1f9a87cf-8857-47e7-8070-c5a5597cd58f___RS_HL 4720.JPG,Soybean___healthy:::236.0,Soybean___healthy:::226.0,False
6,False,test--train,Soybean___healthy,val\Soybean___healthy\b148716c-c0f5-48bb-a5d8-21ca31ce7611___RS_HL 3684.JPG,val\Soybean___healthy\1af59d6d-d080-4f1e-8550-387686e9af18___RS_HL 3544.JPG,Soybean___healthy:::104.0,Soybean___healthy:::92.0,False
6,False,test--train,Soybean___healthy,val\Soybean___healthy\fd991932-b55f-42a8-8280-44134962f2a0___RS_HL 5958.JPG,val\Soybean___healthy\ec19cdd9-d9a4-46bf-994d-fc5e609a0e84___RS_HL 6036.JPG,Soybean___healthy:::375.0,Soybean___healthy:::381.0,False
6,False,test--train,Soybean___healthy,val\Soybean___healthy\ff050cbf-3f4d-4294-b192-086d0b351c34___RS_HL 5594 1.JPG,val\Soybean___healthy\27a2656d-1dfc-46f0-a4c8-9c706b10e631___RS_HL 4759.JPG,Soybean___healthy:::328.0,Soybean___healthy:::229.0,False
6,False,test--train,Tomato___Bacterial_spot,train\Tomato___Bacterial_spot\1f6a4e82-1d08-48d0-a488-1a787c854484___GCREC_Bact.Sp 5905.JPG,train\Tomato___Bacterial_spot\885c07cf-7443-4cc6-ba15-cc8e75aa7ebe___GCREC_Bact.Sp 6016.JPG,Tomato___Bacterial_spot:::319.0,Tomato___Bacterial_spot:::346.0,False
6,False,test--train,Tomato___Bacterial_spot,train\Tomato___Bacterial_spot\1f6a4e82-1d08-48d0-a488-1a787c854484___GCREC_Bact.Sp 5905.JPG,val\Tomato___Bacterial_spot\c37d3b8a-fecc-488a-ab78-c00f5240283c___GCREC_Bact.Sp 3343.JPG,Tomato___Bacterial_spot:::319.0,Tomato___Bacterial_spot:::100.0,False
6,False,test--train,Tomato___Bacterial_spot,train\Tomato___Bacterial_spot\235073b6-d329-4ebe-9e1d-015108760d6f___GCREC_Bact.Sp 5907.JPG,train\Tomato___Bacterial_spot\409570ee-0708-46a7-a65b-592a682cf3cc___GCREC_Bact.Sp 2986.JPG,Tomato___Bacterial_spot:::319.0,Tomato___Bacterial_spot:::11.0,False
6,False,test--train,Tomato___Bacterial_spot,train\Tomato___Bacterial_spot\268422eb-2e4a-433b-bad2-d5e63a5e765d___GCREC_Bact.Sp 3466.JPG,train\Tomato___Bacterial_spot\767eb77f-de18-4314-a465-4df8d442f468___GCREC_Bact.Sp 5951.JPG,Tomato___Bacterial_spot:::131.0,Tomato___Bacterial_spot:::330.0,False
6,False,test--train,Tomato___Bacterial_spot,train\Tomato___Bacterial_spot\3381632e-1e9b-4141-b6a2-b42c8fd06c87___GCREC_Bact.Sp 6009.JPG,val\Tomato___Bacterial_spot\4cc672a5-b8d1-4f05-b95f-333e72fa6205___GCREC_Bact.Sp 5997.JPG,Tomato___Bacterial_spot:::344.0,Tomato___Bacterial_spot:::341.0,False
6,False,test--train,Tomato___Bacterial_spot,train\Tomato___Bacterial_spot\6d1aae86-2d68-47ea-9f7e-caef44898e0d___GCREC_Bact.Sp 3839.JPG,train\Tomato___Bacterial_spot\bd510221-f461-40d9-a959-1ca05a478fd6___GCREC_Bact.Sp 3331.JPG,Tomato___Bacterial_spot:::223.0,Tomato___Bacterial_spot:::97.0,False
6,False,test--train,Tomato___Bacterial_spot,train\Tomato___Bacterial_spot\855bbef5-e9fc-4c0c-b3cc-d9321fa9596e___GCREC_Bact.Sp 5947.JPG,train\Tomato___Bacterial_spot\1359bde0-60d2-497b-8a90-d59f9efb5fc1___GCREC_Bact.Sp 3278.JPG,Tomato___Bacterial_spot:::329.0,Tomato___Bacterial_spot:::84.0,False
6,False,test--train,Tomato___Bacterial_spot,train\Tomato___Bacterial_spot\855bbef5-e9fc-4c0c-b3cc-d9321fa9596e___GCREC_Bact.Sp 5947.JPG,train\Tomato___Bacterial_spot\2fa6fe6b-a7dc-471e-a878-b8d8e0121126___GCREC_Bact.Sp 3159.JPG,Tomato___Bacterial_spot:::329.0,Tomato___Bacterial_spot:::54.0,False
6,False,test--train,Tomato___Bacterial_spot,train\Tomato___Bacterial_spot\855bbef5-e9fc-4c0c-b3cc-d9321fa9596e___GCREC_Bact.Sp 5947.JPG,train\Tomato___Bacterial_spot\3b41dc98-4539-4b3d-9400-2867156db0fc___GCREC_Bact.Sp 3483.JPG,Tomato___Bacterial_spot:::329.0,Tomato___Bacterial_spot:::135.0,False
6,False,test--train,Tomato___Bacterial_spot,train\Tomato___Bacterial_spot\855bbef5-e9fc-4c0c-b3cc-d9321fa9596e___GCREC_Bact.Sp 5947.JPG,val\Tomato___Bacterial_spot\9826cf0e-f124-4262-a994-b43027c2484a___GCREC_Bact.Sp 5781.JPG,Tomato___Bacterial_spot:::329.0,Tomato___Bacterial_spot:::288.0,False
6,False,test--train,Tomato___Bacterial_spot,train\Tomato___Bacterial_spot\e2c2e02e-091d-46ef-a9a7-638dfd4decd6___GCREC_Bact.Sp 3228.JPG,train\Tomato___Bacterial_spot\7f4bdfa1-5d50-476f-9e79-1dbe00572974___GCREC_Bact.Sp 3004.JPG,Tomato___Bacterial_spot:::71.0,Tomato___Bacterial_spot:::15.0,False
6,False,test--train,Tomato___Bacterial_spot,val\Tomato___Bacterial_spot\03e6cea1-1c09-420a-a22e-2c29844004d1___GCREC_Bact.Sp 3076.JPG,train\Tomato___Bacterial_spot\990e1cbf-b978-478e-b332-d12b3855fd57___GCREC_Bact.Sp 6223.JPG,Tomato___Bacterial_spot:::33.0,Tomato___Bacterial_spot:::397.0,False
6,False,test--train,Tomato___Bacterial_spot,val\Tomato___Bacterial_spot\8f6373d0-3b5a-4c5f-8b45-e5efe5a2fb5f___GCREC_Bact.Sp 5711.JPG,train\Tomato___Bacterial_spot\0bd31a6a-b084-48c0-b379-3062bde11162___GCREC_Bact.Sp 2974.JPG,Tomato___Bacterial_spot:::271.0,Tomato___Bacterial_spot:::8.0,False
6,False,test--train,Tomato___Late_blight,train\Tomato___Late_blight\670337a4-55b1-4312-8644-3545b1fcc06f___GHLB2 Leaf 8902.JPG,train\Tomato___Late_blight\0db85707-41f9-42df-ba3b-842d14f00a68___GHLB2 Leaf 8909.JPG,,,True
6,False,test--train,Tomato___Late_blight,train\Tomato___Late_blight\87815762-3104-4c15-96c5-238ecda66998___GHLB2 Leaf 124.2.JPG,train\Tomato___Late_blight\57e8eac3-bf54-463c-a3d7-6ef04ae0a8dc___GHLB2 Leaf 124.3.JPG,,,True
6,False,test--train,Tomato___Late_blight,train\Tomato___Late_blight\89996998-a74f-46f5-8e5f-790a66dbd652___GHLB2 Leaf 8826.JPG,train\Tomato___Late_blight\01c391d2-1b3a-4b58-b205-a75674bba6e9___GHLB2 Leaf 8824.JPG,,,True
6,False,test--train,Tomato___Late_blight,train\Tomato___Late_blight\abc618dc-e185-4866-a09c-6073404cac76___GHLB2 Leaf 153.1.JPG,train\Tomato___Late_blight\de272472-c653-4102-beac-6813da817d21___GHLB2 Leaf 153.2.JPG,,,True
6,False,test--train,Tomato___Late_blight,train\Tomato___Late_blight\cebd5337-bb61-4454-93da-bba4169f0802___GHLB2 Leaf 145.JPG,train\Tomato___Late_blight\bf0b58c2-1d95-4f37-80ea-1bcd82e9c59b___GHLB2 Leaf 145.4.JPG,,,True
6,False,test--train,Tomato___Late_blight,val\Tomato___Late_blight\0ed7d5f6-9394-4ae7-87db-3de58f469263___GHLB2 Leaf 8732.JPG,train\Tomato___Late_blight\02a3e0cd-04da-4e08-b929-167bcb7f46f4___GHLB2 Leaf 8731.JPG,,,True
6,False,test--train,Tomato___Late_blight,val\Tomato___Late_blight\29587a7b-a64d-4d2e-8fab-d0ec587e8ecd___GHLB2 Leaf 9081.JPG,train\Tomato___Late_blight\d348146e-9cb0-45be-b0ba-78fc310b92da___GHLB2 Leaf 9101.JPG,,,True
6,False,test--train,Tomato___Late_blight,val\Tomato___Late_blight\8130621c-8ff8-4fd9-bd54-765491adc31f___GHLB2 Leaf 8822.JPG,train\Tomato___Late_blight\c483c433-f51f-4e00-beb8-642a07628971___GHLB2 Leaf 8960.JPG,,,True
6,False,test--train,Tomato___Spider_mites Two-spotted_spider_mite,train\Tomato___Spider_mites Two-spotted_spider_mite\61b545b4-309c-4eff-9fe7-e0979dbe3c40___Com.G_SpM_FL 1322.JPG,train\Tomato___Spider_mites Two-spotted_spider_mite\f03ba5ea-8380-4386-9e30-2e588a27d94a___Com.G_SpM_FL 9526.JPG,Tomato___Spider_mites Two-spotted_spider_mite:::48.0,Tomato___Spider_mites Two-spotted_spider_mite:::387.0,False
6,False,test--train,Tomato___Spider_mites Two-spotted_spider_mite,train\Tomato___Spider_mites Two-spotted_spider_mite\79ae335e-dbb0-4bb0-8003-6dba7402cbd5___Com.G_SpM_FL 1302.JPG,train\Tomato___Spider_mites Two-spotted_spider_mite\a9f8dc74-80c2-47d5-98e9-ac83c003b2b0___Com.G_SpM_FL 1230.JPG,Tomato___Spider_mites Two-spotted_spider_mite:::43.0,Tomato___Spider_mites Two-spotted_spider_mite:::25.0,False
6,False,test--train,Tomato___Spider_mites Two-spotted_spider_mite,train\Tomato___Spider_mites Two-spotted_spider_mite\7c8a88f4-1182-4813-b6b8-4b69a862afaf___Com.G_SpM_FL 1301.JPG,train\Tomato___Spider_mites Two-spotted_spider_mite\03dc4d71-45b6-4845-9f66-3b7aae5375e1___Com.G_SpM_FL 1193.JPG,Tomato___Spider_mites Two-spotted_spider_mite:::43.0,Tomato___Spider_mites Two-spotted_spider_mite:::16.0,False
6,False,test--train,Tomato___Spider_mites Two-spotted_spider_mite,train\Tomato___Spider_mites Two-spotted_spider_mite\81ba2ad9-db9d-452e-80bd-54aca04c7ca5___Com.G_SpM_FL 8731.JPG,train\Tomato___Spider_mites Two-spotted_spider_mite\f5eec0e2-699a-484e-91dd-c91f6c03a2c5___Com.G_SpM_FL 8547.JPG,Tomato___Spider_mites Two-spotted_spider_mite:::241.0,Tomato___Spider_mites Two-spotted_spider_mite:::195.0,False
6,False,test--train,Tomato___Spider_mites Two-spotted_spider_mite,train\Tomato___Spider_mites Two-spotted_spider_mite\82ba3fda-2d9e-43cf-85d6-c9af53f54370___Com.G_SpM_FL 8474.JPG,val\Tomato___Spider_mites Two-spotted_spider_mite\b510ecb5-48ec-4a3d-ac9d-7b19400542fd___Com.G_SpM_FL 8758.JPG,Tomato___Spider_mites Two-spotted_spider_mite:::177.0,Tomato___Spider_mites Two-spotted_spider_mite:::248.0,False
6,False,test--train,Tomato___Tomato_Yellow_Leaf_Curl_Virus,train\Tomato___Tomato_Yellow_Leaf_Curl_Virus\193f32a3-11a4-4d39-a88c-a1bc44e61d66___UF.GRC_YLCV_Lab 02863.JPG,val\Tomato___Tomato_Yellow_Leaf_Curl_Virus\83bd57f8-9061-4b1d-ac71-b426f16c7be6___UF.GRC_YLCV_Lab 02870.JPG,,,True
6,False,test--train,Tomato___Tomato_Yellow_Leaf_Curl_Virus,train\Tomato___Tomato_Yellow_Leaf_Curl_Virus\389e8805-adfb-4426-98c3-e693752b3050___UF.GRC_YLCV_Lab 03301.JPG,val\Tomato___Tomato_Yellow_Leaf_Curl_Virus\e40229f4-e9a0-41f8-9923-4dd79d10c975___UF.GRC_YLCV_Lab 01650.JPG,,,True
6,False,test--train,Tomato___Tomato_Yellow_Leaf_Curl_Virus,train\Tomato___Tomato_Yellow_Leaf_Curl_Virus\397268be-3d46-4e86-ac2d-90f8de6f8390___UF.GRC_YLCV_Lab 09348.JPG,val\Tomato___Tomato_Yellow_Leaf_Curl_Virus\e90b5582-787f-4f52-bdb5-a9822fd00922___UF.GRC_YLCV_Lab 09347.JPG,,,True
6,False,test--train,Tomato___Tomato_Yellow_Leaf_Curl_Virus,train\Tomato___Tomato_Yellow_Leaf_Curl_Virus\b15d8e06-e6dc-4c14-b20e-89c6ba801daf___UF.GRC_YLCV_Lab 02795.JPG,val\Tomato___Tomato_Yellow_Leaf_Curl_Virus\77dbd010-7fcb-4709-9eb6-bbf0dd1bb4c2___UF.GRC_YLCV_Lab 02798.JPG,,,True
6,False,test--train,Tomato___Tomato_Yellow_Leaf_Curl_Virus,train\Tomato___Tomato_Yellow_Leaf_Curl_Virus\e4275e00-ad3b-4650-b70b-3a74603d727d___UF.GRC_YLCV_Lab 02540.JPG,train\Tomato___Tomato_Yellow_Leaf_Curl_Virus\53881cde-cbe3-4d32-87f6-9980cd247508___UF.GRC_YLCV_Lab 02531.JPG,,,True
6,False,test--train,Tomato___Tomato_Yellow_Leaf_Curl_Virus,train\Tomato___Tomato_Yellow_Leaf_Curl_Virus\eec6cfb3-3856-4d30-a800-1dc0a1a11f13___UF.GRC_YLCV_Lab 08537.JPG,train\Tomato___Tomato_Yellow_Leaf_Curl_Virus\3ba3682a-ae6e-4b3b-9209-e3164f00b6fe___UF.GRC_YLCV_Lab 08544.JPG,,,True
6,False,test--train,Tomato___Tomato_Yellow_Leaf_Curl_Virus,train\Tomato___Tomato_Yellow_Leaf_Curl_Virus\f3182576-f0d3-4412-a4e1-45e143e360a0___UF.GRC_YLCV_Lab 02462.JPG,train\Tomato___Tomato_Yellow_Leaf_Curl_Virus\c4a77d68-b50c-4807-bb49-59fce5170493___UF.GRC_YLCV_Lab 02452.JPG,,,True
6,False,test--train,Tomato___Tomato_Yellow_Leaf_Curl_Virus,val\Tomato___Tomato_Yellow_Leaf_Curl_Virus\802fa81e-91e9-4b19-854e-deaf0f72beb5___YLCV_NREC 2895.JPG,train\Tomato___Tomato_Yellow_Leaf_Curl_Virus\d0100773-6346-4e0c-aa61-5e19ead5c30f___YLCV_GCREC 2215.JPG,Tomato___Tomato_Yellow_Leaf_Curl_Virus:::661.0,Tomato___Tomato_Yellow_Leaf_Curl_Virus:::80.0,False
6,False,test--train,Tomato___Tomato_Yellow_Leaf_Curl_Virus,val\Tomato___Tomato_Yellow_Leaf_Curl_Virus\bf4b5f5f-b0a7-4dbe-bca7-62f662d90cd2___UF.GRC_YLCV_Lab 02065.JPG,train\Tomato___Tomato_Yellow_Leaf_Curl_Virus\2163ce75-fc7d-4758-8f95-4f1db8fbf1b7___UF.GRC_YLCV_Lab 02066.JPG,,,True
6,False,test--train,Tomato___healthy,train\Tomato___healthy\2f9e1c60-06fc-41e9-af7d-a91c4a5e9f3d___GH_HL Leaf 504.1.JPG,train\Tomato___healthy\598606b2-3e32-4d1d-b86e-042a14cd24d0___GH_HL Leaf 504.2.JPG,,,True
6,False,test--train,Tomato___healthy,train\Tomato___healthy\47b93075-4991-4f6a-8510-5fe75a73567f___RS_HL 9719.JPG,val\Tomato___healthy\bc5e650e-075e-4359-9f31-79cd0ef3208b___RS_HL 9807.JPG,Tomato___healthy:::183.0,Tomato___healthy:::205.0,False
6,False,test--train,Tomato___healthy,train\Tomato___healthy\92c06519-cec4-4091-9ae1-5ea8b56c89cd___GH_HL Leaf 525.JPG,train\Tomato___healthy\fde29807-8223-4fc5-a06b-7cc93101a6d1___GH_HL Leaf 174.JPG,,,True
6,False,test--train,Tomato___healthy,train\Tomato___healthy\ad8359a4-48b9-4469-a012-ed9b220de38e___GH_HL Leaf 285.1.JPG,train\Tomato___healthy\fd2fa9cc-2147-40ff-9e71-0056eb7884ed___GH_HL Leaf 285.JPG,,,True
6,False,test--validation,Blueberry___healthy,train\Blueberry___healthy\50ef3c6b-64c7-4913-b6b4-e64e28f76b3c___RS_HL 5291.JPG,val\Blueberry___healthy\8373d4c7-1978-4ec0-ab79-fccfefba9917___RS_HL 0313.JPG,Blueberry___healthy:::144.0,Blueberry___healthy:::1.0,False
6,False,test--validation,Blueberry___healthy,val\Blueberry___healthy\44dd21d5-d2e3-4b76-bc32-5642221c6df3___RS_HL 5480.JPG,train\Blueberry___healthy\76841f84-7f0e-47d4-a3a7-3cdb2e901323___RS_HL 5006.JPG,Blueberry___healthy:::157.0,Blueberry___healthy:::125.0,False
6,False,test--validation,Cherry_(including_sour)___healthy,train\Cherry_(including_sour)___healthy\ecf911e8-82ab-437b-b3a9-61ee8429e3ba___JR_HL 9705.JPG,val\Cherry_(including_sour)___healthy\ed682229-adac-4051-87d4-2d8fa45c25c8___JR_HL 9514.JPG,Cherry_(including_sour)___healthy:::77.0,Cherry_(including_sour)___healthy:::52.0,False
6,False,test--validation,Grape___Esca_(Black_Measles),train\Grape___Esca_(Black_Measles)\8dde844c-0ff3-49dc-8d81-e643a5d38a63___FAM_B.Msls 4042.JPG,train\Grape___Esca_(Black_Measles)\a2027312-f55d-4e37-8f96-1dd323ae2336___FAM_B.Msls 4095.JPG,Grape___Esca_(Black_Measles):::234.0,Grape___Esca_(Black_Measles):::247.0,False
6,False,test--validation,Orange___Haunglongbing_(Citrus_greening),train\Orange___Haunglongbing_(Citrus_greening)\038bf9c0-4146-4a59-b6c9-a2e8cb2b0ce5___CREC_HLB 4846.JPG,train\Orange___Haunglongbing_(Citrus_greening)\ec291e22-b93d-4d45-9241-87b66ef44072___CREC_HLB 4779.JPG,Orange___Haunglongbing_(Citrus_greening):::OCT_244.0,Orange___Haunglongbing_(Citrus_greening):::OCT_227.0,False
6,False,test--validation,Orange___Haunglongbing_(Citrus_greening),train\Orange___Haunglongbing_(Citrus_greening)\52be8aec-bced-4123-907a-d6281bcd8a0e___CREC_HLB 7587.JPG,train\Orange___Haunglongbing_(Citrus_greening)\2cba74b9-b924-4791-87fa-75d35323cfaf___CREC_HLB 5299.JPG,Orange___Haunglongbing_(Citrus_greening):::OCT_756.0,Orange___Haunglongbing_(Citrus_greening):::OCT_357.0,False
6,False,test--validation,Orange___Haunglongbing_(Citrus_greening),train\Orange___Haunglongbing_(Citrus_greening)\8991e14e-e78c-4f43-8df0-1eb996f876f9___CREC_HLB 4191.JPG,train\Orange___Haunglongbing_(Citrus_greening)\ec291e22-b93d-4d45-9241-87b66ef44072___CREC_HLB 4779.JPG,Orange___Haunglongbing_(Citrus_greening):::OCT_82.0,Orange___Haunglongbing_(Citrus_greening):::OCT_227.0,False
6,False,test--validation,Orange___Haunglongbing_(Citrus_greening),train\Orange___Haunglongbing_(Citrus_greening)\b33e7c89-b39b-4a4a-8007-5f2f7f97587d___CREC_HLB 4781.JPG,train\Orange___Haunglongbing_(Citrus_greening)\836f124c-c420-40d0-9101-f888ce2b6aea___CREC_HLB 4777.JPG,Orange___Haunglongbing_(Citrus_greening):::OCT_228.0,Orange___Haunglongbing_(Citrus_greening):::OCT_227.0,False
6,False,test--validation,Peach___healthy,train\Peach___healthy\4b69168f-5f00-4483-a183-3ba4b9b151ab___Rutg._HL 3727.JPG,train\Peach___healthy\87e54240-2c5b-4145-90fc-0ba8aca6f4b9___Rutg._HL 3720.JPG,Peach___healthy:::53.0,Peach___healthy:::52.0,False
6,False,test--validation,"Pepper,_bell___healthy","train\Pepper,_bell___healthy\b8ea8f49-ab54-4282-81f4-7d1497b4f818___JR_HL 5949.JPG","train\Pepper,_bell___healthy\1bd09026-a26c-46be-b5ec-850a287c6cb5___JR_HL 5972.JPG","Pepper,_bell___healthy:::18.0","Pepper,_bell___healthy:::21.0",False
6,False,test--validation,Soybean___healthy,train\Soybean___healthy\5da78ced-3e3c-431e-adb9-4a2476d3a894___RS_HL 6476.JPG,train\Soybean___healthy\6dd986d9-557d-495d-aad8-d4cfbbf4f859___RS_HL 6607.JPG,Soybean___healthy:::418.0,Soybean___healthy:::430.0,False
6,False,test--validation,Soybean___healthy,train\Soybean___healthy\8725d837-dafc-4e5b-9156-cefc6c9df866___RS_HL 5773 1.JPG,train\Soybean___healthy\b6d3d2d3-1cc2-4d0e-8555-143068142478___RS_HL 4650.JPG,Soybean___healthy:::359.0,Soybean___healthy:::217.0,False
6,False,test--validation,Soybean___healthy,train\Soybean___healthy\f69d7747-06ef-454b-81b1-17d826bc622e___RS_HL 4931.JPG,train\Soybean___healthy\acb3ebf6-3f3c-4ada-89f6-8750538129a8___RS_HL 4645.JPG,Soybean___healthy:::248.0,Soybean___healthy:::217.0,False
6,False,test--validation,Tomato___Bacterial_spot,train\Tomato___Bacterial_spot\f103eb02-d5b1-4601-8de4-674286ee8a6c___GCREC_Bact.Sp 6129.JPG,train\Tomato___Bacterial_spot\517dac9f-61a6-4e5a-928e-b0009c2d6d47___GCREC_Bact.Sp 3516.JPG,Tomato___Bacterial_spot:::374.0,Tomato___Bacterial_spot:::143.0,False
6,False,test--validation,Tomato___Late_blight,train\Tomato___Late_blight\52a111ed-9461-478b-91a1-2b5edcd26363___GHLB2 Leaf 8886.JPG,train\Tomato___Late_blight\dd3bd618-677a-4661-81bd-8ac871ad8549___GHLB2 Leaf 8884.JPG,,,True
6,False,test--validation,Tomato___Late_blight,train\Tomato___Late_blight\89996998-a74f-46f5-8e5f-790a66dbd652___GHLB2 Leaf 8826.JPG,train\Tomato___Late_blight\fd26b445-5839-4337-858c-a91dfdd812cc___GHLB2 Leaf 8743.JPG,,,True
6,False,test--validation,Tomato___Late_blight,train\Tomato___Late_blight\974a15f0-913a-41ab-b5a4-30015f159902___GHLB2 Leaf 8792.JPG,train\Tomato___Late_blight\0d7b0e84-1c99-4699-84ed-ca86aec642e5___GHLB2 Leaf 8652.JPG,,,True
6,False,test--validation,Tomato___Spider_mites Two-spotted_spider_mite,train\Tomato___Spider_mites Two-spotted_spider_mite\31b90f40-9316-44a5-b582-a9229ac63f6d___Com.G_SpM_FL 1754.JPG,train\Tomato___Spider_mites Two-spotted_spider_mite\a0120655-58c5-4e0d-820a-9ebc3ba45717___Com.G_SpM_FL 8925.JPG,Tomato___Spider_mites Two-spotted_spider_mite:::155.0,Tomato___Spider_mites Two-spotted_spider_mite:::290.0,False
6,False,train--validation,Blueberry___healthy,train\Blueberry___healthy\76ae50f6-3165-47ab-a165-26f4bb407f54___RS_HL 5241.JPG,train\Blueberry___healthy\e7082996-c9d0-4124-9397-1fdc565957c2___RS_HL 5004.JPG,Blueberry___healthy:::142.0,Blueberry___healthy:::125.0,False
6,False,train--validation,Blueberry___healthy,train\Blueberry___healthy\81526f5a-e925-473e-bc61-f93b283c060e___RS_HL 0582.JPG,train\Blueberry___healthy\c5f5eed7-9a23-4f26-b1cc-fd73574600d7___RS_HL 0443.JPG,Blueberry___healthy:::37.0,Blueberry___healthy:::17.0,False
6,False,train--validation,Blueberry___healthy,train\Blueberry___healthy\fa9666e5-57f5-4664-b51a-ce5b1fa52843___RS_HL 2485.JPG,train\Blueberry___healthy\efecb7da-773a-42f2-96cd-b246e2d84050___RS_HL 2607.JPG,Blueberry___healthy:::89.0,Blueberry___healthy:::103.0,False
6,False,train--validation,Blueberry___healthy,val\Blueberry___healthy\bd516d40-9406-4eb3-bfa9-2edf2f3dd606___RS_HL 2313.JPG,train\Blueberry___healthy\129a04ef-948f-400b-a1af-79f6079d1918___RS_HL 4953.JPG,Blueberry___healthy:::71.0,Blueberry___healthy:::120.0,False
6,False,train--validation,Cherry_(including_sour)___healthy,train\Cherry_(including_sour)___healthy\4e362d72-5f68-41fd-a40b-506f7504af4f___JR_HL 9496.JPG,val\Cherry_(including_sour)___healthy\4c37781d-f013-4426-a394-3e48b30bf88a___JR_HL 4027.JPG,Cherry_(including_sour)___healthy:::49.0,Cherry_(including_sour)___healthy:::10.0,False
6,False,train--validation,Corn_(maize)___Common_rust_,train\Corn_(maize)___Common_rust_\RS_Rust 2054.JPG,val\Corn_(maize)___Common_rust_\RS_Rust 2749.JPG,,,True
6,False,train--validation,Corn_(maize)___Common_rust_,train\Corn_(maize)___Common_rust_\RS_Rust 2170.JPG,train\Corn_(maize)___Common_rust_\RS_Rust 2439.JPG,,,True
6,False,train--validation,Corn_(maize)___Common_rust_,train\Corn_(maize)___Common_rust_\RS_Rust 2512.JPG,val\Corn_(maize)___Common_rust_\RS_Rust 2081.JPG,,,True
6,False,train--validation,Corn_(maize)___Common_rust_,val\Corn_(maize)___Common_rust_\RS_Rust 2756.JPG,train\Corn_(maize)___Common_rust_\RS_Rust 1594.JPG,,,True
6,False,train--validation,Corn_(maize)___Northern_Leaf_Blight,train\Corn_(maize)___Northern_Leaf_Blight\7b45e9ce-9199-4f4f-9831-ef52e7c61816___RS_NLB 3547 copy 2.jpg,train\Corn_(maize)___Northern_Leaf_Blight\4a8adf2a-73d4-4555-8621-1292de40b194___RS_NLB 3547.JPG,,,True
6,False,train--validation,Grape___Black_rot,train\Grape___Black_rot\c98f3c66-a408-4db6-a7bb-83be981ff1cc___FAM_B.Rot 3168.JPG,train\Grape___Black_rot\c54dad18-5802-41e3-a03e-28f31b4bb30a___FAM_B.Rot 5010.JPG,Grape___Black_rot:::154.0,Grape___Black_rot:::270.0,False
6,False,train--validation,Grape___Leaf_blight_(Isariopsis_Leaf_Spot),train\Grape___Leaf_blight_(Isariopsis_Leaf_Spot)\1d8f79c9-0fb7-4848-a5f9-6e8ec7f43c90___FAM_L.Blight 1438.JPG,train\Grape___Leaf_blight_(Isariopsis_Leaf_Spot)\effe2ed2-5133-4d25-ae1e-7ad8cc37d4f1___FAM_L.Blight 1482.JPG,Grape___Leaf_blight_(Isariopsis_Leaf_Spot):::32.0,Grape___Leaf_blight_(Isariopsis_Leaf_Spot):::43.0,False
6,False,train--validation,Grape___Leaf_blight_(Isariopsis_Leaf_Spot),train\Grape___Leaf_blight_(Isariopsis_Leaf_Spot)\6f4c065f-76da-4dd6-ad90-fa5df84af0a2___FAM_L.Blight 1649.JPG,val\Grape___Leaf_blight_(Isariopsis_Leaf_Spot)\b85120a1-29c3-4c42-b975-1d19e5f88c88___FAM_L.Blight 1645.JPG,Grape___Leaf_blight_(Isariopsis_Leaf_Spot):::84.0,Grape___Leaf_blight_(Isariopsis_Leaf_Spot):::83.0,False
6,False,train--validation,Grape___healthy,train\Grape___healthy\37730143-a639-46a3-b6a5-e1385e8ae4a4___Mt.N.V_HL 9049.JPG,train\Grape___healthy\0f7500d4-cf47-4f9f-a505-455a4f7ca2e6___Mt.N.V_HL 9043.JPG,,,True
6,False,train--validation,Orange___Haunglongbing_(Citrus_greening),train\Orange___Haunglongbing_(Citrus_greening)\1cf59383-6834-454c-b6e5-25523f3c4213___UF.Citrus_HLB_Lab 0482.JPG,val\Orange___Haunglongbing_(Citrus_greening)\e5ff1dc8-5d79-494c-965e-76e03db2a660___UF.Citrus_HLB_Lab 0283.JPG,Orange___Haunglongbing_(Citrus_greening):::35.0,Orange___Haunglongbing_(Citrus_greening):::23.0,False
6,False,train--validation,Orange___Haunglongbing_(Citrus_greening),train\Orange___Haunglongbing_(Citrus_greening)\29607423-9184-438b-9d6a-438aefadc379___CREC_HLB 5400.JPG,train\Orange___Haunglongbing_(Citrus_greening)\afb42570-cd62-42e3-a430-49a4eb9f27ef___CREC_HLB 5332.JPG,Orange___Haunglongbing_(Citrus_greening):::OCT_382.0,Orange___Haunglongbing_(Citrus_greening):::OCT_365.0,False
6,False,train--validation,Orange___Haunglongbing_(Citrus_greening),train\Orange___Haunglongbing_(Citrus_greening)\57546099-9d43-46ed-907a-8ac0d76d9e71___CREC_HLB 4120.JPG,train\Orange___Haunglongbing_(Citrus_greening)\51ac236c-10bb-43c6-9607-abba329f9bb7___CREC_HLB 4734.JPG,Orange___Haunglongbing_(Citrus_greening):::OCT_64.0,Orange___Haunglongbing_(Citrus_greening):::OCT_216.0,False
6,False,train--validation,Orange___Haunglongbing_(Citrus_greening),train\Orange___Haunglongbing_(Citrus_greening)\7a20cef7-8a79-47e1-a594-91feb5026c2b___CREC_HLB 4771.JPG,train\Orange___Haunglongbing_(Citrus_greening)\836f124c-c420-40d0-9101-f888ce2b6aea___CREC_HLB 4777.JPG,Orange___Haunglongbing_(Citrus_greening):::OCT_225.0,Orange___Haunglongbing_(Citrus_greening):::OCT_227.0,False
6,False,train--validation,Orange___Haunglongbing_(Citrus_greening),train\Orange___Haunglongbing_(Citrus_greening)\7f8b9fad-e270-4ccc-8334-1315a19680ed___UF.Citrus_HLB_Lab 9974.JPG,train\Orange___Haunglongbing_(Citrus_greening)\9a2e0736-7a18-477a-8733-3d26b9fc0f82___UF.Citrus_HLB_Lab 1214.JPG,Orange___Haunglongbing_(Citrus_greening):::146.0,Orange___Haunglongbing_(Citrus_greening):::77.0,False
6,False,train--validation,Orange___Haunglongbing_(Citrus_greening),train\Orange___Haunglongbing_(Citrus_greening)\9b95a55c-1769-4023-a5cd-a5f0b7abb299___CREC_HLB 5526.JPG,train\Orange___Haunglongbing_(Citrus_greening)\35f16024-14f3-43d6-8e35-8acf193f5753___CREC_HLB 6402.JPG,Orange___Haunglongbing_(Citrus_greening):::OCT_413.0,Orange___Haunglongbing_(Citrus_greening):::OCT_462.0,False
6,False,train--validation,Orange___Haunglongbing_(Citrus_greening),train\Orange___Haunglongbing_(Citrus_greening)\b63f931e-8dad-462a-afa7-fcbca4ce958a___CREC_HLB 4002.JPG,train\Orange___Haunglongbing_(Citrus_greening)\1374c925-cc1b-4bd5-b701-47eef6398587___CREC_HLB 5263.JPG,Orange___Haunglongbing_(Citrus_greening):::OCT_34.0,Orange___Haunglongbing_(Citrus_greening):::OCT_348.0,False
6,False,train--validation,Orange___Haunglongbing_(Citrus_greening),train\Orange___Haunglongbing_(Citrus_greening)\b63f931e-8dad-462a-afa7-fcbca4ce958a___CREC_HLB 4002.JPG,train\Orange___Haunglongbing_(Citrus_greening)\fdcf6e05-d8af-4762-b869-cc54b59aa0d8___CREC_HLB 6697.JPG,Orange___Haunglongbing_(Citrus_greening):::OCT_34.0,Orange___Haunglongbing_(Citrus_greening):::OCT_535.0,False
6,False,train--validation,Orange___Haunglongbing_(Citrus_greening),train\Orange___Haunglongbing_(Citrus_greening)\ba8af517-ae00-474e-b6a7-9b5031419cf4___CREC_HLB 4220.JPG,train\Orange___Haunglongbing_(Citrus_greening)\51ac236c-10bb-43c6-9607-abba329f9bb7___CREC_HLB 4734.JPG,Orange___Haunglongbing_(Citrus_greening):::OCT_89.0,Orange___Haunglongbing_(Citrus_greening):::OCT_216.0,False
6,False,train--validation,Orange___Haunglongbing_(Citrus_greening),train\Orange___Haunglongbing_(Citrus_greening)\da3c354c-1658-4e44-9658-701ff6cb812a___CREC_HLB 4248.JPG,train\Orange___Haunglongbing_(Citrus_greening)\648bcc41-d14d-48d9-9ce1-c250e89eaa14___CREC_HLB 4515.JPG,Orange___Haunglongbing_(Citrus_greening):::OCT_96.0,Orange___Haunglongbing_(Citrus_greening):::OCT_162.0,False
6,False,train--validation,Orange___Haunglongbing_(Citrus_greening),train\Orange___Haunglongbing_(Citrus_greening)\e251d1bd-559b-475c-b82b-3c8d05caf916___CREC_HLB 4379.JPG,train\Orange___Haunglongbing_(Citrus_greening)\e5e2cdea-35bb-4833-a48a-88bfdf0e9ab0___CREC_HLB 7571.JPG,Orange___Haunglongbing_(Citrus_greening):::OCT_128.0,Orange___Haunglongbing_(Citrus_greening):::OCT_752.0,False
6,False,train--validation,Orange___Haunglongbing_(Citrus_greening),train\Orange___Haunglongbing_(Citrus_greening)\e4b250e0-e423-4553-9a37-332f6a65d780___CREC_HLB 4635.JPG,train\Orange___Haunglongbing_(Citrus_greening)\7ac3971d-44a8-4629-aa2f-09cfdae34e58___CREC_HLB 5577.JPG,Orange___Haunglongbing_(Citrus_greening):::OCT_192.0,Orange___Haunglongbing_(Citrus_greening):::OCT_426.0,False
6,False,train--validation,Orange___Haunglongbing_(Citrus_greening),train\Orange___Haunglongbing_(Citrus_greening)\e7ed6328-8f15-4122-addd-385be34dc522___CREC_HLB 5170.JPG,train\Orange___Haunglongbing_(Citrus_greening)\a1399e19-7c4e-4efd-b193-4d6f2c0615a0___CREC_HLB 4384.JPG,Orange___Haunglongbing_(Citrus_greening):::OCT_324.0,Orange___Haunglongbing_(Citrus_greening):::OCT_129.0,False
6,False,train--validation,Orange___Haunglongbing_(Citrus_greening),train\Orange___Haunglongbing_(Citrus_greening)\f0ade6d4-9a61-4f49-8b6f-b97bfa8d3005___CREC_HLB 3999.JPG,train\Orange___Haunglongbing_(Citrus_greening)\fdcf6e05-d8af-4762-b869-cc54b59aa0d8___CREC_HLB 6697.JPG,Orange___Haunglongbing_(Citrus_greening):::OCT_34.0,Orange___Haunglongbing_(Citrus_greening):::OCT_535.0,False
6,False,train--validation,Orange___Haunglongbing_(Citrus_greening),val\Orange___Haunglongbing_(Citrus_greening)\28d1aad1-2eed-4a86-970a-aa0f19b96297___CREC_HLB 5128.JPG,train\Orange___Haunglongbing_(Citrus_greening)\c4dfb655-344e-457c-8992-1437ce8ed31a___CREC_HLB 4750.JPG,Orange___Haunglongbing_(Citrus_greening):::OCT_314.0,Orange___Haunglongbing_(Citrus_greening):::OCT_220.0,False
6,False,train--validation,Orange___Haunglongbing_(Citrus_greening),val\Orange___Haunglongbing_(Citrus_greening)\860503d8-8b35-41da-aca6-188032f88db3___CREC_HLB 4268.JPG,train\Orange___Haunglongbing_(Citrus_greening)\1374c925-cc1b-4bd5-b701-47eef6398587___CREC_HLB 5263.JPG,Orange___Haunglongbing_(Citrus_greening):::OCT_101.0,Orange___Haunglongbing_(Citrus_greening):::OCT_348.0,False
6,False,train--validation,Orange___Haunglongbing_(Citrus_greening),val\Orange___Haunglongbing_(Citrus_greening)\a35e69af-9cf8-42c2-a8c7-6d13d98cb0af___CREC_HLB 6683.JPG,train\Orange___Haunglongbing_(Citrus_greening)\afb42570-cd62-42e3-a430-49a4eb9f27ef___CREC_HLB 5332.JPG,Orange___Haunglongbing_(Citrus_greening):::OCT_532.0,Orange___Haunglongbing_(Citrus_greening):::OCT_365.0,False
6,False,train--validation,Orange___Haunglongbing_(Citrus_greening),val\Orange___Haunglongbing_(Citrus_greening)\b1b3d869-f51a-4227-bab3-2d42e168935f___CREC_HLB 6496.JPG,val\Orange___Haunglongbing_(Citrus_greening)\e069c319-56a1-48f9-80ef-40c73ba59e4e___CREC_HLB 6628.JPG,Orange___Haunglongbing_(Citrus_greening):::OCT_485.0,Orange___Haunglongbing_(Citrus_greening):::OCT_518.0,False
6,False,train--validation,Peach___Bacterial_spot,train\Peach___Bacterial_spot\3c076808-f3c1-49ea-a7c1-5efaad3319af___Rut._Bact.S 3406.JPG,train\Peach___Bacterial_spot\66d8e429-28f1-487f-9eeb-485d06912e63___Rutg._Bact.S 2215.JPG,Peach___Bacterial_spot:::153.0,Peach___Bacterial_spot:::312.0,False
6,False,train--validation,Peach___Bacterial_spot,train\Peach___Bacterial_spot\597b02b7-ecbd-4c5a-8e72-07bf4a16464c___Rut._Bact.S 1562.JPG,train\Peach___Bacterial_spot\6efc9fea-0aac-45d8-b9c8-3f8707e41ad0___Rutg._Bact.S 2214.JPG,Peach___Bacterial_spot:::137.0,Peach___Bacterial_spot:::312.0,False
6,False,train--validation,Peach___Bacterial_spot,train\Peach___Bacterial_spot\6626b650-4fd0-485c-b8b6-22dfd2b2e3c0___Rut._Bact.S 1158.JPG,train\Peach___Bacterial_spot\6efc9fea-0aac-45d8-b9c8-3f8707e41ad0___Rutg._Bact.S 2214.JPG,Peach___Bacterial_spot:::70.0,Peach___Bacterial_spot:::312.0,False
6,False,train--validation,Peach___Bacterial_spot,train\Peach___Bacterial_spot\d9dc64d7-43ff-40d9-93ff-fcec68cfc25f___Rut._Bact.S 0771.JPG,train\Peach___Bacterial_spot\ef32ff5c-d480-4b68-941b-821ee2dbcf15___Rutg._Bact.S 2216.JPG,Peach___Bacterial_spot:::6.0,Peach___Bacterial_spot:::312.0,False
6,False,train--validation,Soybean___healthy,train\Soybean___healthy\1894c59c-8316-4114-a56f-9b77ac2f294b___RS_HL 3744.JPG,train\Soybean___healthy\4bf93fae-8468-4214-a855-e71c9de50c4e___RS_HL 3773.JPG,Soybean___healthy:::111.0,Soybean___healthy:::114.0,False
6,False,train--validation,Soybean___healthy,train\Soybean___healthy\23b9ec37-b191-4801-b2c8-e228c2af630a___RS_HL 6777.JPG,train\Soybean___healthy\18880c64-cd7e-4313-8cfd-d0468819c335___RS_HL 6560.JPG,Soybean___healthy:::446.0,Soybean___healthy:::426.0,False
6,False,train--validation,Soybean___healthy,train\Soybean___healthy\2750a78d-98c0-48f6-b05d-35b17ebcd0b4___RS_HL 5750.JPG,train\Soybean___healthy\cfe497a8-64e6-47cb-a57c-baa60b31593e___RS_HL 4483.JPG,Soybean___healthy:::355.0,Soybean___healthy:::200.0,False
6,False,train--validation,Soybean___healthy,train\Soybean___healthy\37180fad-b8c9-48e0-b1aa-2f288a5fc2c3___RS_HL 4288.JPG,train\Soybean___healthy\2a717d99-b66d-4681-b642-d6cb6fa23775___RS_HL 4081.JPG,Soybean___healthy:::176.0,Soybean___healthy:::149.0,False
6,False,train--validation,Soybean___healthy,train\Soybean___healthy\4d317b82-dbae-4376-be92-4b16fe484225___RS_HL 6276.JPG,train\Soybean___healthy\9e416313-4813-4107-bedc-c8afea09bd55___RS_HL 6212.JPG,Soybean___healthy:::400.0,Soybean___healthy:::395.0,False
6,False,train--validation,Soybean___healthy,train\Soybean___healthy\4fc10746-5fc0-4089-b77d-ed0fe8160515___RS_HL 5693 1.JPG,train\Soybean___healthy\6bdffb57-e4c9-49c0-9072-3177c70dde25___RS_HL 3941.JPG,Soybean___healthy:::345.0,Soybean___healthy:::133.0,False
6,False,train--validation,Soybean___healthy,train\Soybean___healthy\54160541-7a25-4e67-910a-1e948de2124e___RS_HL 4075.JPG,train\Soybean___healthy\71d9bcf3-50ed-46e5-82df-165ed52ad09c___RS_HL 5549 1.JPG,Soybean___healthy:::148.0,Soybean___healthy:::320.0,False
6,False,train--validation,Soybean___healthy,train\Soybean___healthy\798e1dd6-5517-44d6-8e96-264f684096d6___RS_HL 4528.JPG,train\Soybean___healthy\c97c844f-773b-464b-af3b-14bc218d2f56___RS_HL 4082.JPG,Soybean___healthy:::204.0,Soybean___healthy:::149.0,False
6,False,train--validation,Soybean___healthy,train\Soybean___healthy\bc08ebe0-9689-4385-9a06-7d9641de5366___RS_HL 6171.JPG,train\Soybean___healthy\97d16661-4320-4ef4-8692-c5ef2c4229d3___RS_HL 7067.JPG,Soybean___healthy:::392.0,Soybean___healthy:::468.0,False
6,False,train--validation,Soybean___healthy,train\Soybean___healthy\c6407954-3412-456c-abec-6af975921f3d___RS_HL 4964.JPG,train\Soybean___healthy\1edd94a0-0f9d-4bdb-b083-78dfc250a54f___RS_HL 4630.JPG,Soybean___healthy:::251.0,Soybean___healthy:::215.0,False
6,False,train--validation,Soybean___healthy,train\Soybean___healthy\c8073532-e740-4266-a1b5-1c17ac80eddf___RS_HL 5826.JPG,train\Soybean___healthy\5de37529-0539-4968-b566-56dcc981300b___RS_HL 5797.JPG,Soybean___healthy:::367.0,Soybean___healthy:::363.0,False
6,False,train--validation,Soybean___healthy,train\Soybean___healthy\d3916a4b-91ea-4e53-b826-8a93a0ec9370___RS_HL 7482.JPG,val\Soybean___healthy\2c417e81-d6b6-4401-a831-bc8ce8846fb9___RS_HL 4236.JPG,Soybean___healthy:::503.0,Soybean___healthy:::169.0,False
6,False,train--validation,Soybean___healthy,train\Soybean___healthy\f954a450-269f-4774-9a52-0224b1976ef4___RS_HL 3138.JPG,train\Soybean___healthy\8951b5fa-fc06-4799-ae84-7c7424573575___RS_HL 4628.JPG,Soybean___healthy:::51.0,Soybean___healthy:::215.0,False
6,False,train--validation,Soybean___healthy,val\Soybean___healthy\0b694607-c999-4e91-be01-224859f658dc___RS_HL 3383.JPG,val\Soybean___healthy\c55c20a5-c529-43af-949e-cfaad2377481___RS_HL 5454.JPG,Soybean___healthy:::76.0,Soybean___healthy:::308.0,False
6,False,train--validation,Soybean___healthy,val\Soybean___healthy\22f66c7b-ba7e-4c19-b676-268f0201b49c___RS_HL 6176.JPG,train\Soybean___healthy\308b75e8-49e7-4168-9796-9c49875cc403___RS_HL 6214.JPG,Soybean___healthy:::392.0,Soybean___healthy:::395.0,False
6,False,train--validation,Soybean___healthy,val\Soybean___healthy\291ea693-d777-4480-a45d-30e7a971d664___RS_HL 3441.JPG,train\Soybean___healthy\8c2e9ac1-cab6-4aaf-82a8-d5ac0c7614fa___RS_HL 4651.JPG,Soybean___healthy:::80.0,Soybean___healthy:::217.0,False
6,False,train--validation,Soybean___healthy,val\Soybean___healthy\4e548c3e-2e6f-4625-971b-5955b8ee836e___RS_HL 3549.JPG,train\Soybean___healthy\e7bf17d2-fff8-4ac0-aeed-6226e03d26df___RS_HL 4444.JPG,Soybean___healthy:::92.0,Soybean___healthy:::195.0,False
6,False,train--validation,Soybean___healthy,val\Soybean___healthy\5a3ee1ad-ab4d-4428-ae0b-7d2881c5f316___RS_HL 6394.JPG,train\Soybean___healthy\9e416313-4813-4107-bedc-c8afea09bd55___RS_HL 6212.JPG,Soybean___healthy:::410.0,Soybean___healthy:::395.0,False
6,False,train--validation,Soybean___healthy,val\Soybean___healthy\95bf2338-1340-47c0-8327-458953933f89___RS_HL 7211.JPG,train\Soybean___healthy\30e4eabc-5e4e-4141-b331-5c1609690356___RS_HL 5418.JPG,Soybean___healthy:::480.0,Soybean___healthy:::304.0,False
6,False,train--validation,Tomato___Bacterial_spot,train\Tomato___Bacterial_spot\0a64655c-4052-4e5f-a696-2a6cf25d10c9___GCREC_Bact.Sp 6017.JPG,train\Tomato___Bacterial_spot\0d227915-443b-402c-8a25-cc43434c4bb0___GCREC_Bact.Sp 5913.JPG,Tomato___Bacterial_spot:::346.0,Tomato___Bacterial_spot:::321.0,False
6,False,train--validation,Tomato___Bacterial_spot,train\Tomato___Bacterial_spot\dddde2e7-7228-47c6-a263-e1c5003471c0___GCREC_Bact.Sp 3512.JPG,train\Tomato___Bacterial_spot\517dac9f-61a6-4e5a-928e-b0009c2d6d47___GCREC_Bact.Sp 3516.JPG,Tomato___Bacterial_spot:::142.0,Tomato___Bacterial_spot:::143.0,False
6,False,train--validation,Tomato___Late_blight,train\Tomato___Late_blight\01c391d2-1b3a-4b58-b205-a75674bba6e9___GHLB2 Leaf 8824.JPG,train\Tomato___Late_blight\fd26b445-5839-4337-858c-a91dfdd812cc___GHLB2 Leaf 8743.JPG,,,True
6,False,train--validation,Tomato___Late_blight,train\Tomato___Late_blight\33e05db1-0a59-49f4-b4e3-52b52ca31a14___GHLB2 Leaf 155.1.JPG,train\Tomato___Late_blight\05b90bad-941f-499f-a2f6-a88e54c1da85___GHLB2 Leaf 155.2.JPG,,,True
6,False,train--validation,Tomato___Spider_mites Two-spotted_spider_mite,train\Tomato___Spider_mites Two-spotted_spider_mite\0d5846df-f761-4d38-b10f-7bdb42b989b7___Com.G_SpM_FL 1484.JPG,train\Tomato___Spider_mites Two-spotted_spider_mite\c614b0c3-79eb-4818-ae01-336c79a27780___Com.G_SpM_FL 1618.JPG,Tomato___Spider_mites Two-spotted_spider_mite:::88.0,Tomato___Spider_mites Two-spotted_spider_mite:::121.0,False
6,False,train--validation,Tomato___Spider_mites Two-spotted_spider_mite,train\Tomato___Spider_mites Two-spotted_spider_mite\4a1fef3f-35be-48ca-9e6c-78d5578c727a___Com.G_SpM_FL 1316.JPG,train\Tomato___Spider_mites Two-spotted_spider_mite\a46bbe0e-2964-41df-abe5-f9c9a6934c37___Com.G_SpM_FL 1599.JPG,Tomato___Spider_mites Two-spotted_spider_mite:::46.0,Tomato___Spider_mites Two-spotted_spider_mite:::116.0,False
6,False,train--validation,Tomato___Spider_mites Two-spotted_spider_mite,train\Tomato___Spider_mites Two-spotted_spider_mite\5c0e506b-b1cb-49a7-b764-b80b73d4244e___Com.G_SpM_FL 1196.JPG,train\Tomato___Spider_mites Two-spotted_spider_mite\e2aa2f14-9b4e-4b25-aa44-797be70717f4___Com.G_SpM_FL 1620.JPG,Tomato___Spider_mites Two-spotted_spider_mite:::16.0,Tomato___Spider_mites Two-spotted_spider_mite:::121.0,False
6,False,train--validation,Tomato___Spider_mites Two-spotted_spider_mite,train\Tomato___Spider_mites Two-spotted_spider_mite\df590ea7-bdf5-410b-8063-dbdaa9a5a228___Com.G_SpM_FL 1461.JPG,val\Tomato___Spider_mites Two-spotted_spider_mite\2eacde8c-c10b-4768-b5f8-9405673cd19b___Com.G_SpM_FL 1188.JPG,Tomato___Spider_mites Two-spotted_spider_mite:::82.0,Tomato___Spider_mites Two-spotted_spider_mite:::14.0,False
6,False,train--validation,Tomato___Tomato_Yellow_Leaf_Curl_Virus,train\Tomato___Tomato_Yellow_Leaf_Curl_Virus\1f1499b2-fbea-4e2d-bfd2-b64ad1c180d4___YLCV_GCREC 2606.JPG,val\Tomato___Tomato_Yellow_Leaf_Curl_Virus\0e154a66-40e6-4215-9200-853b3752635b___YLCV_GCREC 2133.JPG,Tomato___Tomato_Yellow_Leaf_Curl_Virus:::178.0,Tomato___Tomato_Yellow_Leaf_Curl_Virus:::60.0,False
6,False,train--validation,Tomato___Tomato_Yellow_Leaf_Curl_Virus,train\Tomato___Tomato_Yellow_Leaf_Curl_Virus\2884e60c-aec0-4029-95fc-d445201992c1___UF.GRC_YLCV_Lab 01538.JPG,val\Tomato___Tomato_Yellow_Leaf_Curl_Virus\8d7689ca-7734-4c78-a006-659c8cd9d1df___UF.GRC_YLCV_Lab 01532.JPG,,,True
6,False,train--validation,Tomato___Tomato_Yellow_Leaf_Curl_Virus,train\Tomato___Tomato_Yellow_Leaf_Curl_Virus\7c74d6cc-d114-4031-a675-2c6bb6ff7b48___UF.GRC_YLCV_Lab 09612.JPG,train\Tomato___Tomato_Yellow_Leaf_Curl_Virus\01cc37b3-ab08-44bc-be70-7f14b610f011___UF.GRC_YLCV_Lab 09617.JPG,,,True
6,False,train--validation,Tomato___Tomato_Yellow_Leaf_Curl_Virus,train\Tomato___Tomato_Yellow_Leaf_Curl_Virus\c58fa24e-ff44-4b4a-9a13-4a1f05e2fab0___UF.GRC_YLCV_Lab 01379.JPG,train\Tomato___Tomato_Yellow_Leaf_Curl_Virus\0b78b271-70eb-478c-b6b5-c271a2dfd3e2___UF.GRC_YLCV_Lab 01380.JPG,,,True
6,False,train--validation,Tomato___healthy,val\Tomato___healthy\0f809e80-ee2b-4ad4-9a80-50d789298d48___GH_HL Leaf 192.JPG,train\Tomato___healthy\f7d044c0-6900-4624-9c20-fa27aa0911ff___GH_HL Leaf 275.JPG,,,True
6,False,train--validation,Tomato___healthy,val\Tomato___healthy\1e8c2c4d-e787-45ff-87ac-56484ac8d3d4___GH_HL Leaf 472.JPG,train\Tomato___healthy\f7d044c0-6900-4624-9c20-fa27aa0911ff___GH_HL Leaf 275.JPG,,,True
7,False,test--train,Apple___healthy,train\Apple___healthy\6a2b2664-0e91-455c-8978-64c097631604___RS_HL 7808.JPG,train\Apple___healthy\63f2f961-ac3f-4a2d-9fc1-6987e8da97cc___RS_HL 7447.JPG,Apple___healthy:::205.0,Apple___healthy:::156.0,False
7,False,test--train,Apple___healthy,train\Apple___healthy\9d3bb139-5177-4d08-914b-5fe232cff065___RS_HL 6011.JPG,train\Apple___healthy\130a93b4-92ca-4883-b003-37954a929dbf___RS_HL 7855.JPG,Apple___healthy:::62.0,Apple___healthy:::211.0,False
7,False,test--train,Apple___healthy,val\Apple___healthy\d321145e-6ab0-4ad2-8109-f34ee4389149___RS_HL 7848.JPG,train\Apple___healthy\d9de1954-e451-48e5-ad8b-5aeca90fe7ea___RS_HL 6034.JPG,Apple___healthy:::210.0,Apple___healthy:::65.0,False
7,False,test--train,Apple___healthy,val\Apple___healthy\d321145e-6ab0-4ad2-8109-f34ee4389149___RS_HL 7848.JPG,val\Apple___healthy\06c0c5f7-59cd-498b-8284-51290720a18d___RS_HL 7636.JPG,Apple___healthy:::210.0,Apple___healthy:::181.0,False
7,False,test--train,Blueberry___healthy,train\Blueberry___healthy\17f38da5-9764-456e-9c16-436ec1d69041___RS_HL 0590.JPG,train\Blueberry___healthy\0a3f8b2f-9bb1-4da9-85a1-fb5a52c059e2___RS_HL 2478.JPG,Blueberry___healthy:::38.0,Blueberry___healthy:::88.0,False
7,False,test--train,Blueberry___healthy,train\Blueberry___healthy\276eefe5-2742-4610-9d6a-7d22083d10b1___RS_HL 5285.JPG,train\Blueberry___healthy\7ebded63-7349-4ed4-9e3c-488a79d6252e___RS_HL 5169.JPG,Blueberry___healthy:::144.0,Blueberry___healthy:::137.0,False
7,False,test--train,Blueberry___healthy,train\Blueberry___healthy\276eefe5-2742-4610-9d6a-7d22083d10b1___RS_HL 5285.JPG,train\Blueberry___healthy\99d3b20c-d60b-46e0-aac7-5c740297f0d1___RS_HL 0426.JPG,Blueberry___healthy:::144.0,Blueberry___healthy:::15.0,False
7,False,test--train,Blueberry___healthy,train\Blueberry___healthy\276eefe5-2742-4610-9d6a-7d22083d10b1___RS_HL 5285.JPG,val\Blueberry___healthy\c00cfc72-9251-4693-a46a-a6dc10ca79c1___RS_HL 5167.JPG,Blueberry___healthy:::144.0,Blueberry___healthy:::137.0,False
7,False,test--train,Blueberry___healthy,train\Blueberry___healthy\7fad4d08-a784-44bf-a703-6e39a2fea09d___RS_HL 2689.JPG,train\Blueberry___healthy\a2cd36f1-8cdf-4b2d-953f-8b634df2b2df___RS_HL 5471.JPG,Blueberry___healthy:::112.0,Blueberry___healthy:::155.0,False
7,False,test--train,Blueberry___healthy,train\Blueberry___healthy\a5506fba-2c74-4387-8511-f5e1ba8c5a94___RS_HL 2668.JPG,train\Blueberry___healthy\3f10abbd-238e-4ef2-abdf-651e85a385e5___RS_HL 2520.JPG,Blueberry___healthy:::110.0,Blueberry___healthy:::93.0,False
7,False,test--train,Blueberry___healthy,train\Blueberry___healthy\aec0b95b-d9e0-4f8d-9d7b-52693665cec5___RS_HL 5223.JPG,train\Blueberry___healthy\cb0d7a6c-cd95-4089-a12a-a08ba8e8a1ee___RS_HL 5351.JPG,Blueberry___healthy:::140.0,Blueberry___healthy:::148.0,False
7,False,test--train,Blueberry___healthy,train\Blueberry___healthy\b4e9643f-c810-40d5-8005-6f4a137b65ca___RS_HL 5509.JPG,train\Blueberry___healthy\f0005cff-d101-474d-8a1f-c119df6b9a7d___RS_HL 5168.JPG,Blueberry___healthy:::159.0,Blueberry___healthy:::137.0,False
7,False,test--train,Blueberry___healthy,train\Blueberry___healthy\bf71f73c-77ad-4795-9126-3c02b6f76752___RS_HL 2685.JPG,train\Blueberry___healthy\44429437-288d-44cf-9aee-cdc89b7dc1ec___RS_HL 5397.JPG,Blueberry___healthy:::112.0,Blueberry___healthy:::151.0,False
7,False,test--train,Blueberry___healthy,train\Blueberry___healthy\cff19a03-e720-4dc6-ad6f-0797b54899a7___RS_HL 2571.JPG,train\Blueberry___healthy\608e5585-86a8-4d25-91a7-e841f3ea4d60___RS_HL 2652.JPG,Blueberry___healthy:::99.0,Blueberry___healthy:::108.0,False
7,False,test--train,Blueberry___healthy,train\Blueberry___healthy\e3178591-4611-495f-a9a2-72359913e0e6___RS_HL 5225.JPG,train\Blueberry___healthy\4f155e79-f82c-4a34-80ed-b6406651a20b___RS_HL 5187.JPG,Blueberry___healthy:::140.0,Blueberry___healthy:::138.0,False
7,False,test--train,Blueberry___healthy,val\Blueberry___healthy\44dd21d5-d2e3-4b76-bc32-5642221c6df3___RS_HL 5480.JPG,train\Blueberry___healthy\1f453a9b-446a-495b-b4e1-62b98d36e5b6___RS_HL 5039.JPG,Blueberry___healthy:::157.0,Blueberry___healthy:::128.0,False
7,False,test--train,Blueberry___healthy,val\Blueberry___healthy\a6d4685f-9ed7-443a-ab02-afa30b3ae15b___RS_HL 0622.JPG,train\Blueberry___healthy\f3ba4c6d-dcb4-474f-8ab8-65b0a3553bbc___RS_HL 4964.JPG,Blueberry___healthy:::42.0,Blueberry___healthy:::121.0,False
7,False,test--train,Blueberry___healthy,val\Blueberry___healthy\fe4de3f6-ef8e-4e3f-b180-f8dd1c3d54cc___RS_HL 0591.JPG,train\Blueberry___healthy\0a3f8b2f-9bb1-4da9-85a1-fb5a52c059e2___RS_HL 2478.JPG,Blueberry___healthy:::38.0,Blueberry___healthy:::88.0,False
7,False,test--train,Cherry_(including_sour)___healthy,train\Cherry_(including_sour)___healthy\0ce4ee15-d59b-4212-ab2a-8b6a07f3634f___JR_HL 9707.JPG,train\Cherry_(including_sour)___healthy\5d6ae672-3a2e-4be6-905c-c9e42e381a8a___JR_HL 9841.JPG,Cherry_(including_sour)___healthy:::77.0,Cherry_(including_sour)___healthy:::96.0,False
7,False,test--train,Cherry_(including_sour)___healthy,train\Cherry_(including_sour)___healthy\0ce4ee15-d59b-4212-ab2a-8b6a07f3634f___JR_HL 9707.JPG,train\Cherry_(including_sour)___healthy\ab72c1fa-5d40-4bc9-a384-a99fab121811___JR_HL 9510.JPG,Cherry_(including_sour)___healthy:::77.0,Cherry_(including_sour)___healthy:::51.0,False
7,False,test--train,Cherry_(including_sour)___healthy,train\Cherry_(including_sour)___healthy\0ce4ee15-d59b-4212-ab2a-8b6a07f3634f___JR_HL 9707.JPG,train\Cherry_(including_sour)___healthy\ec1514ea-278c-4baf-889c-f2d057328abb___JR_HL 9752.JPG,Cherry_(including_sour)___healthy:::77.0,Cherry_(including_sour)___healthy:::84.0,False
7,False,test--train,Cherry_(including_sour)___healthy,train\Cherry_(including_sour)___healthy\f942f9e6-c4b4-4928-90f3-171cc6ccd9cb___JR_HL 9772.JPG,val\Cherry_(including_sour)___healthy\344ccdfc-3269-4b18-aeb8-a57fbd8b5de3___JR_HL 9541.JPG,Cherry_(including_sour)___healthy:::86.0,Cherry_(including_sour)___healthy:::56.0,False
7,False,test--train,Corn_(maize)___Cercospora_leaf_spot Gray_leaf_spot,train\Corn_(maize)___Cercospora_leaf_spot Gray_leaf_spot\f4d1410d-4fb6-4d90-ac8c-c96e64374cfa___RS_GLSp 7341.JPG,train\Corn_(maize)___Cercospora_leaf_spot Gray_leaf_spot\c517891d-1411-4f7a-8d34-286ff2a7571f___RS_GLSp 4404.JPG,,,True
7,False,test--train,Corn_(maize)___Common_rust_,train\Corn_(maize)___Common_rust_\RS_Rust 2318.JPG,train\Corn_(maize)___Common_rust_\RS_Rust 2512.JPG,,,True
7,False,test--train,Corn_(maize)___Common_rust_,train\Corn_(maize)___Common_rust_\RS_Rust 2532.JPG,train\Corn_(maize)___Common_rust_\RS_Rust 2170.JPG,,,True
7,False,test--train,Corn_(maize)___Common_rust_,train\Corn_(maize)___Common_rust_\RS_Rust 2579.JPG,train\Corn_(maize)___Common_rust_\RS_Rust 2595.JPG,,,True
7,False,test--train,Corn_(maize)___Common_rust_,train\Corn_(maize)___Common_rust_\RS_Rust 2753.JPG,train\Corn_(maize)___Common_rust_\RS_Rust 2501.JPG,,,True
7,False,test--train,Corn_(maize)___Common_rust_,val\Corn_(maize)___Common_rust_\RS_Rust 1668.JPG,val\Corn_(maize)___Common_rust_\RS_Rust 1889.JPG,,,True
7,False,test--train,Corn_(maize)___Common_rust_,val\Corn_(maize)___Common_rust_\RS_Rust 2692.JPG,train\Corn_(maize)___Common_rust_\RS_Rust 2744.JPG,,,True
7,False,test--train,Corn_(maize)___Northern_Leaf_Blight,train\Corn_(maize)___Northern_Leaf_Blight\92d654a4-bd4d-48ed-9bdf-1750662ae4af___RS_NLB 4088.JPG,train\Corn_(maize)___Northern_Leaf_Blight\14c0cb10-f1bc-49d5-b03e-65a81805140c___RS_NLB 3826.JPG,,,True
7,False,test--train,Corn_(maize)___healthy,train\Corn_(maize)___healthy\6cc79c8d-90b8-4343-94da-98c8edc968e3___R.S_HL 5553 copy.jpg,val\Corn_(maize)___healthy\515cfd7f-995c-4843-93f7-dc2c012db476___R.S_HL 7877 copy 2.jpg,,,True
7,False,test--train,Corn_(maize)___healthy,val\Corn_(maize)___healthy\5c179b07-7853-4f7e-a274-c981090d2e0c___R.S_HL 0600 copy 2.jpg,train\Corn_(maize)___healthy\915745f2-1da9-4e98-aba1-8a892cb1a863___R.S_HL 0597 copy.jpg,,,True
7,False,test--train,Corn_(maize)___healthy,val\Corn_(maize)___healthy\799436ad-dbb3-4019-b150-db9e005a03a8___R.S_HL 5502 copy 2.jpg,val\Corn_(maize)___healthy\9c774ac1-c09e-4365-bb0e-eee0dd61ac3c___R.S_HL 0637 copy 3.jpg,,,True
7,False,test--train,Grape___Black_rot,train\Grape___Black_rot\03aa3aee-2a42-459d-8fa1-39d88e8a5ced___FAM_B.Rot 3487.JPG,train\Grape___Black_rot\55bd709e-4202-4175-8d60-5302eba8e3d1___FAM_B.Rot 3410.JPG,Grape___Black_rot:::234.0,Grape___Black_rot:::214.0,False
7,False,test--train,Grape___Black_rot,train\Grape___Black_rot\61c865cc-fecf-437d-aa7d-e1d836723f62___FAM_B.Rot 3040.JPG,train\Grape___Black_rot\8e6afe37-0b36-4470-bb3a-bf3bf96475d4___FAM_B.Rot 3521.JPG,Grape___Black_rot:::122.0,Grape___Black_rot:::242.0,False
7,False,test--train,Grape___Black_rot,train\Grape___Black_rot\b055115b-4eb8-4126-9db9-94d48b97fa30___FAM_B.Rot 3620.JPG,val\Grape___Black_rot\c5df7947-a457-42e9-990c-01372fbce8fc___FAM_B.Rot 0726.JPG,Grape___Black_rot:::267.0,Grape___Black_rot:::101.0,False
7,False,test--train,Grape___Black_rot,train\Grape___Black_rot\b8b61796-7482-4057-996a-af8e54ab9761___FAM_B.Rot 5060.JPG,train\Grape___Black_rot\908798fd-5d87-460a-a072-5a832dbc4856___FAM_B.Rot 5096.JPG,Grape___Black_rot:::283.0,Grape___Black_rot:::292.0,False
7,False,test--train,Grape___Esca_(Black_Measles),train\Grape___Esca_(Black_Measles)\0f2e3dac-b501-48df-987e-b7ae6f662092___FAM_B.Msls 4480.JPG,train\Grape___Esca_(Black_Measles)\0e944041-c132-49cb-bd8c-0224c0f06cad___FAM_B.Msls 1241.JPG,Grape___Esca_(Black_Measles):::342.0,Grape___Esca_(Black_Measles):::105.0,False
7,False,test--train,Grape___Esca_(Black_Measles),train\Grape___Esca_(Black_Measles)\17c6b47a-d03e-4b80-9a35-0db97d82357d___FAM_B.Msls 4204.JPG,train\Grape___Esca_(Black_Measles)\b7528888-1bc3-4451-8114-2ea432c9184b___FAM_B.Msls 1131.JPG,Grape___Esca_(Black_Measles):::274.0,Grape___Esca_(Black_Measles):::78.0,False
7,False,test--train,Grape___Esca_(Black_Measles),train\Grape___Esca_(Black_Measles)\39fe5f50-7e91-4af9-a843-7a13f2bc734e___FAM_B.Msls 0898.JPG,train\Grape___Esca_(Black_Measles)\0560b081-3467-4f76-9c00-895eb436a902___FAM_B.Msls 1733.JPG,Grape___Esca_(Black_Measles):::20.0,Grape___Esca_(Black_Measles):::135.0,False
7,False,test--train,Grape___Esca_(Black_Measles),train\Grape___Esca_(Black_Measles)\58a7a680-1399-408a-be93-f2d7ee89adb0___FAM_B.Msls 3986.JPG,train\Grape___Esca_(Black_Measles)\6625dd3f-65b7-4eff-a24a-3e964fc793a1___FAM_B.Msls 1304.JPG,Grape___Esca_(Black_Measles):::220.0,Grape___Esca_(Black_Measles):::121.0,False
7,False,test--train,Grape___Esca_(Black_Measles),train\Grape___Esca_(Black_Measles)\68bd17e3-8ea4-4f5d-9192-b7ed0d83d822___FAM_B.Msls 4264.JPG,train\Grape___Esca_(Black_Measles)\db30d682-f460-4b64-b26c-8149cffea144___FAM_B.Msls 3796.JPG,Grape___Esca_(Black_Measles):::289.0,Grape___Esca_(Black_Measles):::173.0,False
7,False,test--train,Grape___Esca_(Black_Measles),train\Grape___Esca_(Black_Measles)\6fba0907-14aa-44d4-96ac-6a40ef299939___FAM_B.Msls 4026.JPG,train\Grape___Esca_(Black_Measles)\a9b29c40-bf93-40e8-8621-1f10bbd8fe05___FAM_B.Msls 4091.JPG,Grape___Esca_(Black_Measles):::230.0,Grape___Esca_(Black_Measles):::246.0,False
7,False,test--train,Grape___Esca_(Black_Measles),train\Grape___Esca_(Black_Measles)\c2b1ba42-7911-4013-93ed-111745171f0a___FAM_B.Msls 4386.JPG,train\Grape___Esca_(Black_Measles)\5b00f3c5-f8dc-42a3-a692-dc3da81c7525___FAM_B.Msls 0833.JPG,Grape___Esca_(Black_Measles):::319.0,Grape___Esca_(Black_Measles):::4.0,False
7,False,test--train,Grape___Esca_(Black_Measles),train\Grape___Esca_(Black_Measles)\c2d399a4-eee5-4973-847c-9621b2e4edd9___FAM_B.Msls 4063.JPG,train\Grape___Esca_(Black_Measles)\a9b29c40-bf93-40e8-8621-1f10bbd8fe05___FAM_B.Msls 4091.JPG,Grape___Esca_(Black_Measles):::239.0,Grape___Esca_(Black_Measles):::246.0,False
7,False,test--train,Grape___Esca_(Black_Measles),train\Grape___Esca_(Black_Measles)\c8be8119-a208-4bef-897e-d4ece4f7ade2___FAM_B.Msls 4071.JPG,train\Grape___Esca_(Black_Measles)\2c4ddcf7-2ad4-4802-a027-59c1b192d7a2___FAM_B.Msls 1123.JPG,Grape___Esca_(Black_Measles):::241.0,Grape___Esca_(Black_Measles):::76.0,False
7,False,test--train,Grape___Esca_(Black_Measles),train\Grape___Esca_(Black_Measles)\c8be8119-a208-4bef-897e-d4ece4f7ade2___FAM_B.Msls 4071.JPG,train\Grape___Esca_(Black_Measles)\2e0db792-fc3b-4444-8bdf-6b0db024c067___FAM_B.Msls 4337.JPG,Grape___Esca_(Black_Measles):::241.0,Grape___Esca_(Black_Measles):::307.0,False
7,False,test--train,Grape___Esca_(Black_Measles),train\Grape___Esca_(Black_Measles)\da2ded91-338e-47db-a640-269590ea2b8b___FAM_B.Msls 1127.JPG,val\Grape___Esca_(Black_Measles)\2e14a527-e8b7-4c3f-935e-231ba12a5f99___FAM_B.Msls 4180.JPG,Grape___Esca_(Black_Measles):::77.0,Grape___Esca_(Black_Measles):::268.0,False
7,False,test--train,Grape___Esca_(Black_Measles),train\Grape___Esca_(Black_Measles)\decd47b1-34d6-40f8-94d3-2fcaba5ea7d2___FAM_B.Msls 4388.JPG,val\Grape___Esca_(Black_Measles)\51186201-0eab-4b86-acda-8fd2de89d1bb___FAM_B.Msls 4468.JPG,Grape___Esca_(Black_Measles):::319.0,Grape___Esca_(Black_Measles):::339.0,False
7,False,test--train,Grape___Esca_(Black_Measles),train\Grape___Esca_(Black_Measles)\df11f62e-738e-4879-b37c-8f6ba65cde0c___FAM_B.Msls 1129.JPG,train\Grape___Esca_(Black_Measles)\5609e627-47b2-4008-af43-c8103689a6a0___FAM_B.Msls 3922.JPG,Grape___Esca_(Black_Measles):::77.0,Grape___Esca_(Black_Measles):::204.0,False
7,False,test--train,Grape___Esca_(Black_Measles),train\Grape___Esca_(Black_Measles)\ed5ace67-5b4e-41e7-ada7-e89d45b05d61___FAM_B.Msls 1311.JPG,train\Grape___Esca_(Black_Measles)\739532f1-7775-4d7c-b63e-001e7d9df127___FAM_B.Msls 4297.JPG,Grape___Esca_(Black_Measles):::122.0,Grape___Esca_(Black_Measles):::297.0,False
7,False,test--train,Grape___Esca_(Black_Measles),train\Grape___Esca_(Black_Measles)\ffc0847a-e88d-4332-8c7c-4b63ba65a471___FAM_B.Msls 1130.JPG,train\Grape___Esca_(Black_Measles)\1597641f-db77-43c9-bd8c-912498c22b15___FAM_B.Msls 0966.JPG,Grape___Esca_(Black_Measles):::77.0,Grape___Esca_(Black_Measles):::37.0,False
7,False,test--train,Grape___Esca_(Black_Measles),val\Grape___Esca_(Black_Measles)\fda457e6-ba9b-4cde-864b-491972dc4edb___FAM_B.Msls 1026.JPG,val\Grape___Esca_(Black_Measles)\b6f9d1c9-f433-41d6-bdee-0e3cf5e80791___FAM_B.Msls 1235.JPG,Grape___Esca_(Black_Measles):::52.0,Grape___Esca_(Black_Measles):::104.0,False
7,False,test--train,Grape___Leaf_blight_(Isariopsis_Leaf_Spot),train\Grape___Leaf_blight_(Isariopsis_Leaf_Spot)\0de97f68-547b-494b-89dd-a0b921256a28___FAM_L.Blight 4506.JPG,train\Grape___Leaf_blight_(Isariopsis_Leaf_Spot)\d8957709-48ee-4989-ba12-5d8cf0325bdf___FAM_L.Blight 4734.JPG,Grape___Leaf_blight_(Isariopsis_Leaf_Spot):::146.0,Grape___Leaf_blight_(Isariopsis_Leaf_Spot):::203.0,False
7,False,test--train,Grape___Leaf_blight_(Isariopsis_Leaf_Spot),train\Grape___Leaf_blight_(Isariopsis_Leaf_Spot)\0de97f68-547b-494b-89dd-a0b921256a28___FAM_L.Blight 4506.JPG,val\Grape___Leaf_blight_(Isariopsis_Leaf_Spot)\d0c5c4a8-a327-483e-8f28-9433185063ff___FAM_L.Blight 4698.JPG,Grape___Leaf_blight_(Isariopsis_Leaf_Spot):::146.0,Grape___Leaf_blight_(Isariopsis_Leaf_Spot):::194.0,False
7,False,test--train,Grape___Leaf_blight_(Isariopsis_Leaf_Spot),train\Grape___Leaf_blight_(Isariopsis_Leaf_Spot)\3d9d9b23-b74c-4c57-9b7f-ca864e105799___FAM_L.Blight 1401.JPG,train\Grape___Leaf_blight_(Isariopsis_Leaf_Spot)\d6e3458c-edb3-4080-a3ca-a6fed4a1466e___FAM_L.Blight 1489.JPG,Grape___Leaf_blight_(Isariopsis_Leaf_Spot):::23.0,Grape___Leaf_blight_(Isariopsis_Leaf_Spot):::45.0,False
7,False,test--train,Grape___Leaf_blight_(Isariopsis_Leaf_Spot),train\Grape___Leaf_blight_(Isariopsis_Leaf_Spot)\56fd81e8-ee77-40b8-9b78-5eb3f91dc256___FAM_L.Blight 1404.JPG,train\Grape___Leaf_blight_(Isariopsis_Leaf_Spot)\97119aac-1404-4dc7-9f2f-fd1fb1622fbf___FAM_L.Blight 1500.JPG,Grape___Leaf_blight_(Isariopsis_Leaf_Spot):::23.0,Grape___Leaf_blight_(Isariopsis_Leaf_Spot):::47.0,False
7,False,test--train,Grape___Leaf_blight_(Isariopsis_Leaf_Spot),train\Grape___Leaf_blight_(Isariopsis_Leaf_Spot)\7c69128f-33ba-401d-9327-e06c96bbbac0___FAM_L.Blight 3698.JPG,train\Grape___Leaf_blight_(Isariopsis_Leaf_Spot)\c468be0f-2fa1-4254-aa26-64510b0da2c8___FAM_L.Blight 4922.JPG,Grape___Leaf_blight_(Isariopsis_Leaf_Spot):::120.0,Grape___Leaf_blight_(Isariopsis_Leaf_Spot):::248.0,False
7,False,test--train,Grape___Leaf_blight_(Isariopsis_Leaf_Spot),train\Grape___Leaf_blight_(Isariopsis_Leaf_Spot)\a8decd07-d7a5-44c5-9ba2-c357b70ad322___FAM_L.Blight 4924.JPG,train\Grape___Leaf_blight_(Isariopsis_Leaf_Spot)\4ffdc46e-9451-4497-9403-10671dcb4cdc___FAM_L.Blight 3788.JPG,Grape___Leaf_blight_(Isariopsis_Leaf_Spot):::249.0,Grape___Leaf_blight_(Isariopsis_Leaf_Spot):::143.0,False
7,False,test--train,Grape___Leaf_blight_(Isariopsis_Leaf_Spot),train\Grape___Leaf_blight_(Isariopsis_Leaf_Spot)\b07d0df0-b6b4-48fc-9771-c51cb20603ee___FAM_L.Blight 4941.JPG,train\Grape___Leaf_blight_(Isariopsis_Leaf_Spot)\8e8345ab-248b-4e37-a21b-c1e9291a6951___FAM_L.Blight 1390.JPG,Grape___Leaf_blight_(Isariopsis_Leaf_Spot):::253.0,Grape___Leaf_blight_(Isariopsis_Leaf_Spot):::20.0,False
7,False,test--train,Grape___Leaf_blight_(Isariopsis_Leaf_Spot),train\Grape___Leaf_blight_(Isariopsis_Leaf_Spot)\c08c3e56-4192-40a6-9b51-8733e642dafa___FAM_L.Blight 1422.JPG,train\Grape___Leaf_blight_(Isariopsis_Leaf_Spot)\f747c1ee-b157-4e64-a5e4-8f3ea2c7c6b5___FAM_L.Blight 4691.JPG,Grape___Leaf_blight_(Isariopsis_Leaf_Spot):::28.0,Grape___Leaf_blight_(Isariopsis_Leaf_Spot):::192.0,False
7,False,test--train,Grape___Leaf_blight_(Isariopsis_Leaf_Spot),train\Grape___Leaf_blight_(Isariopsis_Leaf_Spot)\e3dbdce6-da4d-4557-ab5e-0dc7198a6a81___FAM_L.Blight 4794.JPG,train\Grape___Leaf_blight_(Isariopsis_Leaf_Spot)\e9f3a45e-b9ba-4b5c-9c24-d8fa0385a393___FAM_L.Blight 4976.JPG,Grape___Leaf_blight_(Isariopsis_Leaf_Spot):::218.0,Grape___Leaf_blight_(Isariopsis_Leaf_Spot):::262.0,False
7,False,test--train,Orange___Haunglongbing_(Citrus_greening),train\Orange___Haunglongbing_(Citrus_greening)\02fc11bb-9218-4431-b8f7-c581354cd42b___CREC_HLB 3944.JPG,train\Orange___Haunglongbing_(Citrus_greening)\e4b250e0-e423-4553-9a37-332f6a65d780___CREC_HLB 4635.JPG,Orange___Haunglongbing_(Citrus_greening):::OCT_20.0,Orange___Haunglongbing_(Citrus_greening):::OCT_192.0,False
7,False,test--train,Orange___Haunglongbing_(Citrus_greening),train\Orange___Haunglongbing_(Citrus_greening)\038bf9c0-4146-4a59-b6c9-a2e8cb2b0ce5___CREC_HLB 4846.JPG,train\Orange___Haunglongbing_(Citrus_greening)\feed62e9-6b49-4eaf-aee9-61e1d32b3d81___CREC_HLB 5183.JPG,Orange___Haunglongbing_(Citrus_greening):::OCT_244.0,Orange___Haunglongbing_(Citrus_greening):::OCT_328.0,False
7,False,test--train,Orange___Haunglongbing_(Citrus_greening),train\Orange___Haunglongbing_(Citrus_greening)\08b7e039-7264-4a3d-b7d6-6e13c5bbac56___CREC_HLB 7417.JPG,train\Orange___Haunglongbing_(Citrus_greening)\2d93901d-fc1e-4625-afa8-803fdc8cd05f___CREC_HLB 7293.JPG,Orange___Haunglongbing_(Citrus_greening):::OCT_715.0,Orange___Haunglongbing_(Citrus_greening):::OCT_684.0,False
7,False,test--train,Orange___Haunglongbing_(Citrus_greening),train\Orange___Haunglongbing_(Citrus_greening)\0a1643d9-675e-42b1-8368-98a3a6f06a40___CREC_HLB 5617.JPG,train\Orange___Haunglongbing_(Citrus_greening)\98217596-dd6d-47c3-b7ac-64f00199e835___CREC_HLB 5223.JPG,Orange___Haunglongbing_(Citrus_greening):::OCT_436.0,Orange___Haunglongbing_(Citrus_greening):::OCT_338.0,False
7,False,test--train,Orange___Haunglongbing_(Citrus_greening),train\Orange___Haunglongbing_(Citrus_greening)\0a1643d9-675e-42b1-8368-98a3a6f06a40___CREC_HLB 5617.JPG,train\Orange___Haunglongbing_(Citrus_greening)\b861cb0f-3d26-4dfa-9796-1306037a458b___CREC_HLB 5307.JPG,Orange___Haunglongbing_(Citrus_greening):::OCT_436.0,Orange___Haunglongbing_(Citrus_greening):::OCT_359.0,False
7,False,test--train,Orange___Haunglongbing_(Citrus_greening),train\Orange___Haunglongbing_(Citrus_greening)\0a79980f-1c28-41e0-a7cc-425144d0a1a5___CREC_HLB 5227.JPG,train\Orange___Haunglongbing_(Citrus_greening)\aa3c4d49-a724-4abd-8c1f-228ce8f70750___CREC_HLB 5147.JPG,Orange___Haunglongbing_(Citrus_greening):::OCT_339.0,Orange___Haunglongbing_(Citrus_greening):::OCT_319.0,False
7,False,test--train,Orange___Haunglongbing_(Citrus_greening),train\Orange___Haunglongbing_(Citrus_greening)\14e1124a-e76b-4f28-b691-670db8ce0a8e___CREC_HLB 5602.JPG,train\Orange___Haunglongbing_(Citrus_greening)\9256fdee-f2ec-4146-8e81-a6f866ee3c53___CREC_HLB 5454.JPG,Orange___Haunglongbing_(Citrus_greening):::OCT_432.0,Orange___Haunglongbing_(Citrus_greening):::OCT_395.0,False
7,False,test--train,Orange___Haunglongbing_(Citrus_greening),train\Orange___Haunglongbing_(Citrus_greening)\14e1124a-e76b-4f28-b691-670db8ce0a8e___CREC_HLB 5602.JPG,train\Orange___Haunglongbing_(Citrus_greening)\ce9f0209-2b92-48fc-b74b-f3fe409fdb62___CREC_HLB 3994.JPG,Orange___Haunglongbing_(Citrus_greening):::OCT_432.0,Orange___Haunglongbing_(Citrus_greening):::OCT_32.0,False
7,False,test--train,Orange___Haunglongbing_(Citrus_greening),train\Orange___Haunglongbing_(Citrus_greening)\179a6ac9-baec-48b8-aa4c-9c1cff2ea184___UF.Citrus_HLB_Lab 1732.JPG,train\Orange___Haunglongbing_(Citrus_greening)\91436e67-9652-4dca-aa15-14e2291ba192___UF.Citrus_HLB_Lab 0365.JPG,Orange___Haunglongbing_(Citrus_greening):::109.0,Orange___Haunglongbing_(Citrus_greening):::27.0,False
7,False,test--train,Orange___Haunglongbing_(Citrus_greening),train\Orange___Haunglongbing_(Citrus_greening)\1b06b87a-538c-488c-9db2-3849abdeba09___CREC_HLB 6445.JPG,train\Orange___Haunglongbing_(Citrus_greening)\ff2954a1-e993-447a-a6f9-e85ec9d93533___CREC_HLB 6533.JPG,Orange___Haunglongbing_(Citrus_greening):::OCT_472.0,Orange___Haunglongbing_(Citrus_greening):::OCT_494.0,False
7,False,test--train,Orange___Haunglongbing_(Citrus_greening),train\Orange___Haunglongbing_(Citrus_greening)\1b1f1fb9-ee32-4013-a44b-7fb58d220798___CREC_HLB 4314.JPG,train\Orange___Haunglongbing_(Citrus_greening)\1e1ac03c-2204-4974-9fba-6c44646f67b0___CREC_HLB 6594.JPG,Orange___Haunglongbing_(Citrus_greening):::OCT_112.0,Orange___Haunglongbing_(Citrus_greening):::OCT_510.0,False
7,False,test--train,Orange___Haunglongbing_(Citrus_greening),train\Orange___Haunglongbing_(Citrus_greening)\206e4fd2-105f-4279-aad3-b9e257a80580___CREC_HLB 6583.JPG,train\Orange___Haunglongbing_(Citrus_greening)\12665e29-2785-4c41-a7de-e49005b2b0eb___CREC_HLB 6535.JPG,Orange___Haunglongbing_(Citrus_greening):::OCT_507.0,Orange___Haunglongbing_(Citrus_greening):::OCT_495.0,False
7,False,test--train,Orange___Haunglongbing_(Citrus_greening),train\Orange___Haunglongbing_(Citrus_greening)\258ff8d0-5caa-44b0-b6c5-f3ecdc4ae40b___CREC_HLB 5287.JPG,train\Orange___Haunglongbing_(Citrus_greening)\e387924a-5d62-47c1-b740-5194e9a9e7d7___CREC_HLB 4395.JPG,Orange___Haunglongbing_(Citrus_greening):::OCT_354.0,Orange___Haunglongbing_(Citrus_greening):::OCT_132.0,False
7,False,test--train,Orange___Haunglongbing_(Citrus_greening),train\Orange___Haunglongbing_(Citrus_greening)\2710c8f8-deb3-4182-a1d4-824d9e8192b0___CREC_HLB 5398.JPG,val\Orange___Haunglongbing_(Citrus_greening)\4104c71d-4f0a-4bb0-987d-26e662d57c93___CREC_HLB 5017.JPG,Orange___Haunglongbing_(Citrus_greening):::OCT_381.0,Orange___Haunglongbing_(Citrus_greening):::OCT_286.0,False
7,False,test--train,Orange___Haunglongbing_(Citrus_greening),train\Orange___Haunglongbing_(Citrus_greening)\2b3742c6-e2c7-407e-aec1-eb4c29d023e2___CREC_HLB 5061.JPG,train\Orange___Haunglongbing_(Citrus_greening)\57546099-9d43-46ed-907a-8ac0d76d9e71___CREC_HLB 4120.JPG,Orange___Haunglongbing_(Citrus_greening):::OCT_297.0,Orange___Haunglongbing_(Citrus_greening):::OCT_64.0,False
7,False,test--train,Orange___Haunglongbing_(Citrus_greening),train\Orange___Haunglongbing_(Citrus_greening)\2b3742c6-e2c7-407e-aec1-eb4c29d023e2___CREC_HLB 5061.JPG,train\Orange___Haunglongbing_(Citrus_greening)\8d7c884e-7f80-4bb9-94b5-2b0eac642a41___CREC_HLB 4443.JPG,Orange___Haunglongbing_(Citrus_greening):::OCT_297.0,Orange___Haunglongbing_(Citrus_greening):::OCT_144.0,False
7,False,test--train,Orange___Haunglongbing_(Citrus_greening),train\Orange___Haunglongbing_(Citrus_greening)\2c5614e2-6d97-4259-8cd9-8683145a6f24___CREC_HLB 5604.JPG,val\Orange___Haunglongbing_(Citrus_greening)\7e74c5e4-a8e7-456f-9e3d-5b974bf77856___CREC_HLB 7806.JPG,Orange___Haunglongbing_(Citrus_greening):::OCT_433.0,Orange___Haunglongbing_(Citrus_greening):::OCT_810.0,False
7,False,test--train,Orange___Haunglongbing_(Citrus_greening),train\Orange___Haunglongbing_(Citrus_greening)\43a17ced-e9e8-459d-9bc3-65e8fafa75c0___CREC_HLB 3935.JPG,train\Orange___Haunglongbing_(Citrus_greening)\0cfbf207-1f9e-4241-9018-95764f42ed5b___CREC_HLB 7496.JPG,Orange___Haunglongbing_(Citrus_greening):::OCT_18.0,Orange___Haunglongbing_(Citrus_greening):::OCT_734.0,False
7,False,test--train,Orange___Haunglongbing_(Citrus_greening),train\Orange___Haunglongbing_(Citrus_greening)\44674755-6335-41bc-9f7d-b2b51feb63f8___CREC_HLB 5004.JPG,train\Orange___Haunglongbing_(Citrus_greening)\082992fa-822f-4ae0-87bb-2d34ad94d93e___CREC_HLB 5677.JPG,Orange___Haunglongbing_(Citrus_greening):::OCT_283.0,Orange___Haunglongbing_(Citrus_greening):::OCT_450.0,False
7,False,test--train,Orange___Haunglongbing_(Citrus_greening),train\Orange___Haunglongbing_(Citrus_greening)\4aec599c-51a0-4bb7-9c78-dce9678ba254___CREC_HLB 7333.JPG,train\Orange___Haunglongbing_(Citrus_greening)\4b984e06-73f4-416a-8f9d-2573e385edbb___CREC_HLB 7450.JPG,Orange___Haunglongbing_(Citrus_greening):::OCT_694.0,Orange___Haunglongbing_(Citrus_greening):::OCT_723.0,False
7,False,test--train,Orange___Haunglongbing_(Citrus_greening),train\Orange___Haunglongbing_(Citrus_greening)\52be8aec-bced-4123-907a-d6281bcd8a0e___CREC_HLB 7587.JPG,train\Orange___Haunglongbing_(Citrus_greening)\57546099-9d43-46ed-907a-8ac0d76d9e71___CREC_HLB 4120.JPG,Orange___Haunglongbing_(Citrus_greening):::OCT_756.0,Orange___Haunglongbing_(Citrus_greening):::OCT_64.0,False
7,False,test--train,Orange___Haunglongbing_(Citrus_greening),train\Orange___Haunglongbing_(Citrus_greening)\52be8aec-bced-4123-907a-d6281bcd8a0e___CREC_HLB 7587.JPG,train\Orange___Haunglongbing_(Citrus_greening)\b648bfd5-f3f7-4849-b3a6-3a6a10c48807___CREC_HLB 4116.JPG,Orange___Haunglongbing_(Citrus_greening):::OCT_756.0,Orange___Haunglongbing_(Citrus_greening):::OCT_63.0,False
7,False,test--train,Orange___Haunglongbing_(Citrus_greening),train\Orange___Haunglongbing_(Citrus_greening)\53ef1682-af5c-4411-9c26-d7a18eb53552___UF.Citrus_HLB_Lab 1736.JPG,train\Orange___Haunglongbing_(Citrus_greening)\91436e67-9652-4dca-aa15-14e2291ba192___UF.Citrus_HLB_Lab 0365.JPG,Orange___Haunglongbing_(Citrus_greening):::109.0,Orange___Haunglongbing_(Citrus_greening):::27.0,False
7,False,test--train,Orange___Haunglongbing_(Citrus_greening),train\Orange___Haunglongbing_(Citrus_greening)\590dc7b3-fe1c-47cf-8430-290e5f4e2142___CREC_HLB 4372.JPG,train\Orange___Haunglongbing_(Citrus_greening)\5d8bc662-a4e9-4280-98d4-f0715cb7290c___CREC_HLB 5269.JPG,Orange___Haunglongbing_(Citrus_greening):::OCT_126.0,Orange___Haunglongbing_(Citrus_greening):::OCT_349.0,False
7,False,test--train,Orange___Haunglongbing_(Citrus_greening),train\Orange___Haunglongbing_(Citrus_greening)\590dc7b3-fe1c-47cf-8430-290e5f4e2142___CREC_HLB 4372.JPG,train\Orange___Haunglongbing_(Citrus_greening)\af82b839-df09-4f6d-83fa-569bf8bb82df___CREC_HLB 4646.JPG,Orange___Haunglongbing_(Citrus_greening):::OCT_126.0,Orange___Haunglongbing_(Citrus_greening):::OCT_195.0,False
7,False,test--train,Orange___Haunglongbing_(Citrus_greening),train\Orange___Haunglongbing_(Citrus_greening)\5a92b602-60bb-4b14-9d08-b10c4fbe8d27___CREC_HLB 4192.JPG,train\Orange___Haunglongbing_(Citrus_greening)\2cbc623d-5946-4fef-b3cc-ec30d21d38d7___CREC_HLB 4887.JPG,Orange___Haunglongbing_(Citrus_greening):::OCT_82.0,Orange___Haunglongbing_(Citrus_greening):::OCT_254.0,False
7,False,test--train,Orange___Haunglongbing_(Citrus_greening),train\Orange___Haunglongbing_(Citrus_greening)\5a92b602-60bb-4b14-9d08-b10c4fbe8d27___CREC_HLB 4192.JPG,train\Orange___Haunglongbing_(Citrus_greening)\f5973acf-c36e-4266-831a-ed00d16176f3___CREC_HLB 3872.JPG,Orange___Haunglongbing_(Citrus_greening):::OCT_82.0,Orange___Haunglongbing_(Citrus_greening):::OCT_2.0,False
7,False,test--train,Orange___Haunglongbing_(Citrus_greening),train\Orange___Haunglongbing_(Citrus_greening)\5fea6051-1ae4-42aa-b3b2-4fcd608137b1___CREC_HLB 4068.JPG,train\Orange___Haunglongbing_(Citrus_greening)\c1429025-aba3-406d-ad28-a132645d2b0d___CREC_HLB 6500.JPG,Orange___Haunglongbing_(Citrus_greening):::OCT_51.0,Orange___Haunglongbing_(Citrus_greening):::OCT_486.0,False
7,False,test--train,Orange___Haunglongbing_(Citrus_greening),train\Orange___Haunglongbing_(Citrus_greening)\61c11fe5-d0f0-4330-8f7b-9f10783bde65___CREC_HLB 6659.JPG,train\Orange___Haunglongbing_(Citrus_greening)\502f92b6-9c77-499e-84a4-7b1f3910167d___CREC_HLB 4755.JPG,Orange___Haunglongbing_(Citrus_greening):::OCT_526.0,Orange___Haunglongbing_(Citrus_greening):::OCT_221.0,False
7,False,test--train,Orange___Haunglongbing_(Citrus_greening),train\Orange___Haunglongbing_(Citrus_greening)\64992a88-4df8-49c0-a953-a27347d414a2___CREC_HLB 4050.JPG,train\Orange___Haunglongbing_(Citrus_greening)\ba8af517-ae00-474e-b6a7-9b5031419cf4___CREC_HLB 4220.JPG,Orange___Haunglongbing_(Citrus_greening):::OCT_46.0,Orange___Haunglongbing_(Citrus_greening):::OCT_89.0,False
7,False,test--train,Orange___Haunglongbing_(Citrus_greening),train\Orange___Haunglongbing_(Citrus_greening)\64992a88-4df8-49c0-a953-a27347d414a2___CREC_HLB 4050.JPG,train\Orange___Haunglongbing_(Citrus_greening)\c29ec99a-367b-424a-890e-5065842d42eb___CREC_HLB 5108.JPG,Orange___Haunglongbing_(Citrus_greening):::OCT_46.0,Orange___Haunglongbing_(Citrus_greening):::OCT_309.0,False
7,False,test--train,Orange___Haunglongbing_(Citrus_greening),train\Orange___Haunglongbing_(Citrus_greening)\7787814e-7442-4b65-912d-27b5f8567aab___CREC_HLB 7087.JPG,train\Orange___Haunglongbing_(Citrus_greening)\b648bfd5-f3f7-4849-b3a6-3a6a10c48807___CREC_HLB 4116.JPG,Orange___Haunglongbing_(Citrus_greening):::OCT_633.0,Orange___Haunglongbing_(Citrus_greening):::OCT_63.0,False
7,False,test--train,Orange___Haunglongbing_(Citrus_greening),train\Orange___Haunglongbing_(Citrus_greening)\79571b34-43ab-4b56-b61d-0cc2e4411f7a___CREC_HLB 3936.JPG,train\Orange___Haunglongbing_(Citrus_greening)\e437a284-894f-4a41-8bfc-796c3bace867___CREC_HLB 4380.JPG,Orange___Haunglongbing_(Citrus_greening):::OCT_18.0,Orange___Haunglongbing_(Citrus_greening):::OCT_128.0,False
7,False,test--train,Orange___Haunglongbing_(Citrus_greening),train\Orange___Haunglongbing_(Citrus_greening)\820f47b9-2f03-4cdf-9986-021321b1370e___CREC_HLB 4316.JPG,val\Orange___Haunglongbing_(Citrus_greening)\3d80b795-078b-42e0-80dc-b2cec7fdc43a___CREC_HLB 7850.JPG,Orange___Haunglongbing_(Citrus_greening):::OCT_112.0,Orange___Haunglongbing_(Citrus_greening):::OCT_821.0,False
7,False,test--train,Orange___Haunglongbing_(Citrus_greening),train\Orange___Haunglongbing_(Citrus_greening)\83a6cf25-1bce-4a01-b4d3-9bb8901fb2f5___CREC_HLB 7793.JPG,train\Orange___Haunglongbing_(Citrus_greening)\f3c29d59-6f40-41b9-ae2c-fd56f71df7f8___CREC_HLB 7355.JPG,Orange___Haunglongbing_(Citrus_greening):::OCT_807.0,Orange___Haunglongbing_(Citrus_greening):::OCT_699.0,False
7,False,test--train,Orange___Haunglongbing_(Citrus_greening),train\Orange___Haunglongbing_(Citrus_greening)\89db5341-7c93-4bed-9431-624d296cd33f___CREC_HLB 4944.JPG,train\Orange___Haunglongbing_(Citrus_greening)\8ffe2286-c838-4ea9-92b1-d6d6d3659b41___UF.Citrus_HLB_Lab 0917.JPG,Orange___Haunglongbing_(Citrus_greening):::OCT_268.0,Orange___Haunglongbing_(Citrus_greening):::56.0,False
7,False,test--train,Orange___Haunglongbing_(Citrus_greening),train\Orange___Haunglongbing_(Citrus_greening)\941a6300-ea46-4a3f-b437-9a534950ef72___CREC_HLB 4299.JPG,train\Orange___Haunglongbing_(Citrus_greening)\1087179b-bb9c-41c9-a253-20afac26dcc0___CREC_HLB 4363.JPG,Orange___Haunglongbing_(Citrus_greening):::OCT_109.0,Orange___Haunglongbing_(Citrus_greening):::OCT_124.0,False
7,False,test--train,Orange___Haunglongbing_(Citrus_greening),train\Orange___Haunglongbing_(Citrus_greening)\94600a0a-3466-4157-9db8-c338f02521b1___CREC_HLB 4943.JPG,train\Orange___Haunglongbing_(Citrus_greening)\f5c2a95f-033c-441f-bbbd-193b957092d9___CREC_HLB 5520.JPG,Orange___Haunglongbing_(Citrus_greening):::OCT_268.0,Orange___Haunglongbing_(Citrus_greening):::OCT_412.0,False
7,False,test--train,Orange___Haunglongbing_(Citrus_greening),train\Orange___Haunglongbing_(Citrus_greening)\970733d0-6969-4a66-9ec6-d75c3f268ec5___CREC_HLB 7112.JPG,train\Orange___Haunglongbing_(Citrus_greening)\5fb67cb6-c318-4119-a545-de6fe46afc81___CREC_HLB 4032.JPG,Orange___Haunglongbing_(Citrus_greening):::OCT_639.0,Orange___Haunglongbing_(Citrus_greening):::OCT_42.0,False
7,False,test--train,Orange___Haunglongbing_(Citrus_greening),train\Orange___Haunglongbing_(Citrus_greening)\970733d0-6969-4a66-9ec6-d75c3f268ec5___CREC_HLB 7112.JPG,train\Orange___Haunglongbing_(Citrus_greening)\d2a924e3-716d-4752-8702-8840b0731c55___CREC_HLB 5131.JPG,Orange___Haunglongbing_(Citrus_greening):::OCT_639.0,Orange___Haunglongbing_(Citrus_greening):::OCT_315.0,False
7,False,test--train,Orange___Haunglongbing_(Citrus_greening),train\Orange___Haunglongbing_(Citrus_greening)\a64bace4-d919-43a5-b285-b18b3a39ba34___CREC_HLB 4069.JPG,train\Orange___Haunglongbing_(Citrus_greening)\3ac16caf-c5d2-42f5-9c3b-a3867750716a___CREC_HLB 6432.JPG,Orange___Haunglongbing_(Citrus_greening):::OCT_51.0,Orange___Haunglongbing_(Citrus_greening):::OCT_469.0,False
7,False,test--train,Orange___Haunglongbing_(Citrus_greening),train\Orange___Haunglongbing_(Citrus_greening)\ab5e7d17-3100-48f5-8d2a-c614fdcf44a9___UF.Citrus_HLB_Lab 0317.JPG,train\Orange___Haunglongbing_(Citrus_greening)\0d16dc39-4edb-4eca-90a8-6f0386f3f3a5___UF.Citrus_HLB_Lab 1334.JPG,Orange___Haunglongbing_(Citrus_greening):::25.0,Orange___Haunglongbing_(Citrus_greening):::85.0,False
7,False,test--train,Orange___Haunglongbing_(Citrus_greening),train\Orange___Haunglongbing_(Citrus_greening)\b33e7c89-b39b-4a4a-8007-5f2f7f97587d___CREC_HLB 4781.JPG,val\Orange___Haunglongbing_(Citrus_greening)\eb404af9-6f23-4dcf-b21b-8f1473fbb0d8___CREC_HLB 4150.JPG,Orange___Haunglongbing_(Citrus_greening):::OCT_228.0,Orange___Haunglongbing_(Citrus_greening):::OCT_71.0,False
7,False,test--train,Orange___Haunglongbing_(Citrus_greening),train\Orange___Haunglongbing_(Citrus_greening)\b3eeb002-ba56-416d-b44d-9dc02db3948f___CREC_HLB 7311.JPG,train\Orange___Haunglongbing_(Citrus_greening)\626e3c1d-d777-4884-9b25-c9212bbde528___CREC_HLB 5450.JPG,Orange___Haunglongbing_(Citrus_greening):::OCT_688.0,Orange___Haunglongbing_(Citrus_greening):::OCT_394.0,False
7,False,test--train,Orange___Haunglongbing_(Citrus_greening),train\Orange___Haunglongbing_(Citrus_greening)\b650d042-d1d4-4c96-acec-b21048744c1e___CREC_HLB 7346.JPG,val\Orange___Haunglongbing_(Citrus_greening)\11494244-eb1b-43b8-bdab-d6ccf0361241___CREC_HLB 4989.JPG,Orange___Haunglongbing_(Citrus_greening):::OCT_697.0,Orange___Haunglongbing_(Citrus_greening):::OCT_279.0,False
7,False,test--train,Orange___Haunglongbing_(Citrus_greening),train\Orange___Haunglongbing_(Citrus_greening)\bc65e905-a39b-4bcd-8acf-56669ba4ae6f___UF.Citrus_HLB_Lab 1086.JPG,train\Orange___Haunglongbing_(Citrus_greening)\ed2dec43-9167-4bcc-b2e0-9c23eec327bd___UF.Citrus_HLB_Lab 0502.JPG,Orange___Haunglongbing_(Citrus_greening):::68.0,Orange___Haunglongbing_(Citrus_greening):::36.0,False
7,False,test--train,Orange___Haunglongbing_(Citrus_greening),train\Orange___Haunglongbing_(Citrus_greening)\c20aef97-9340-441f-9737-c48aa7081788___UF.Citrus_HLB_Lab 9750.JPG,val\Orange___Haunglongbing_(Citrus_greening)\90a12158-1212-4a7c-a279-019a63d02b87___UF.Citrus_HLB_Lab 9637.JPG,Orange___Haunglongbing_(Citrus_greening):::123.0,Orange___Haunglongbing_(Citrus_greening):::112.0,False
7,False,test--train,Orange___Haunglongbing_(Citrus_greening),train\Orange___Haunglongbing_(Citrus_greening)\c20aef97-9340-441f-9737-c48aa7081788___UF.Citrus_HLB_Lab 9750.JPG,val\Orange___Haunglongbing_(Citrus_greening)\e0e79271-2e26-47f2-a88d-4f222fbfeabe___UF.Citrus_HLB_Lab 0117.JPG,Orange___Haunglongbing_(Citrus_greening):::123.0,Orange___Haunglongbing_(Citrus_greening):::13.0,False
7,False,test--train,Orange___Haunglongbing_(Citrus_greening),train\Orange___Haunglongbing_(Citrus_greening)\ce8c5755-a399-450e-a5b8-99ede29418cc___UF.Citrus_HLB_Lab 1548.JPG,train\Orange___Haunglongbing_(Citrus_greening)\887906b1-e2f6-4f5a-b963-26c0a9e95882___UF.Citrus_HLB_Lab 1192.JPG,Orange___Haunglongbing_(Citrus_greening):::97.0,Orange___Haunglongbing_(Citrus_greening):::75.0,False
7,False,test--train,Orange___Haunglongbing_(Citrus_greening),train\Orange___Haunglongbing_(Citrus_greening)\d3c71803-16a0-4702-a9f1-926172b675b2___CREC_HLB 6964.JPG,train\Orange___Haunglongbing_(Citrus_greening)\a5e2c70b-f2dd-4684-b18b-26038a00bae7___CREC_HLB 4075.JPG,Orange___Haunglongbing_(Citrus_greening):::OCT_602.0,Orange___Haunglongbing_(Citrus_greening):::OCT_53.0,False
7,False,test--train,Orange___Haunglongbing_(Citrus_greening),train\Orange___Haunglongbing_(Citrus_greening)\d3c71803-16a0-4702-a9f1-926172b675b2___CREC_HLB 6964.JPG,train\Orange___Haunglongbing_(Citrus_greening)\bf87cf89-d6cf-44cf-bff7-58429fc236f3___CREC_HLB 4177.JPG,Orange___Haunglongbing_(Citrus_greening):::OCT_602.0,Orange___Haunglongbing_(Citrus_greening):::OCT_78.0,False
7,False,test--train,Orange___Haunglongbing_(Citrus_greening),train\Orange___Haunglongbing_(Citrus_greening)\da827ca8-ab54-4c17-ab2c-428861a48e3e___CREC_HLB 4158.JPG,train\Orange___Haunglongbing_(Citrus_greening)\d427adc4-151f-482d-8cb8-3ed1012fe78a___CREC_HLB 5633.JPG,Orange___Haunglongbing_(Citrus_greening):::OCT_73.0,Orange___Haunglongbing_(Citrus_greening):::OCT_439.0,False
7,False,test--train,Orange___Haunglongbing_(Citrus_greening),train\Orange___Haunglongbing_(Citrus_greening)\db106112-6c78-4fdd-8a6d-91620af0eb04___UF.Citrus_HLB_Lab 9688.JPG,val\Orange___Haunglongbing_(Citrus_greening)\e0e79271-2e26-47f2-a88d-4f222fbfeabe___UF.Citrus_HLB_Lab 0117.JPG,Orange___Haunglongbing_(Citrus_greening):::117.0,Orange___Haunglongbing_(Citrus_greening):::13.0,False
7,False,test--train,Orange___Haunglongbing_(Citrus_greening),train\Orange___Haunglongbing_(Citrus_greening)\dd126b57-7641-4887-8d7a-27af1e2f806a___UF.Citrus_HLB_Lab 1730.JPG,train\Orange___Haunglongbing_(Citrus_greening)\91436e67-9652-4dca-aa15-14e2291ba192___UF.Citrus_HLB_Lab 0365.JPG,Orange___Haunglongbing_(Citrus_greening):::109.0,Orange___Haunglongbing_(Citrus_greening):::27.0,False
7,False,test--train,Orange___Haunglongbing_(Citrus_greening),train\Orange___Haunglongbing_(Citrus_greening)\ecadb4cc-0f18-4228-8aad-fab8cc97c7d6___CREC_HLB 7918.JPG,train\Orange___Haunglongbing_(Citrus_greening)\e1c49a8c-ea52-43bb-83a4-de116913c9db___CREC_HLB 6534.JPG,Orange___Haunglongbing_(Citrus_greening):::OCT_838.0,Orange___Haunglongbing_(Citrus_greening):::OCT_495.0,False
7,False,test--train,Orange___Haunglongbing_(Citrus_greening),val\Orange___Haunglongbing_(Citrus_greening)\02651ca6-c0db-477f-ac02-2f3c41eca567___CREC_HLB 5661.JPG,train\Orange___Haunglongbing_(Citrus_greening)\17ffac45-2999-4945-a1dc-cae925cf95c6___CREC_HLB 4250.JPG,Orange___Haunglongbing_(Citrus_greening):::OCT_446.0,Orange___Haunglongbing_(Citrus_greening):::OCT_96.0,False
7,False,test--train,Orange___Haunglongbing_(Citrus_greening),val\Orange___Haunglongbing_(Citrus_greening)\308323f4-0230-461e-9f34-9a768ab21123___UF.Citrus_HLB_Lab 0933.JPG,train\Orange___Haunglongbing_(Citrus_greening)\69029a12-10c2-4fcb-a926-7ec040956ca9___UF.Citrus_HLB_Lab 1388.JPG,Orange___Haunglongbing_(Citrus_greening):::57.0,Orange___Haunglongbing_(Citrus_greening):::89.0,False
7,False,test--train,Orange___Haunglongbing_(Citrus_greening),val\Orange___Haunglongbing_(Citrus_greening)\4df3c51f-ad8b-4cae-9744-8ab6b5fe34e9___UF.Citrus_HLB_Lab 1085.JPG,train\Orange___Haunglongbing_(Citrus_greening)\ba2c4c68-d729-4402-8005-dce9d03b3232___UF.Citrus_HLB_Lab 9880.JPG,Orange___Haunglongbing_(Citrus_greening):::68.0,Orange___Haunglongbing_(Citrus_greening):::136.0,False
7,False,test--train,Orange___Haunglongbing_(Citrus_greening),val\Orange___Haunglongbing_(Citrus_greening)\5bfb2ea3-6d69-4dd9-8b6b-386e95474b94___UF.Citrus_HLB_Lab 9690.JPG,train\Orange___Haunglongbing_(Citrus_greening)\b79654c3-89ad-4e25-87c9-ad6cc79fef13___CREC_HLB 7579.JPG,Orange___Haunglongbing_(Citrus_greening):::117.0,Orange___Haunglongbing_(Citrus_greening):::OCT_754.0,False
7,False,test--train,Orange___Haunglongbing_(Citrus_greening),val\Orange___Haunglongbing_(Citrus_greening)\6bafc338-bb9e-4b72-bff6-441f55dbcc73___CREC_HLB 4939.JPG,train\Orange___Haunglongbing_(Citrus_greening)\881ed942-e2d1-4913-a6e5-b42e9548b336___CREC_HLB 4818.JPG,Orange___Haunglongbing_(Citrus_greening):::OCT_267.0,Orange___Haunglongbing_(Citrus_greening):::OCT_237.0,False
7,False,test--train,Orange___Haunglongbing_(Citrus_greening),val\Orange___Haunglongbing_(Citrus_greening)\790ee2e8-f6c5-4f66-a698-feb4b80edd47___CREC_HLB 4849.JPG,val\Orange___Haunglongbing_(Citrus_greening)\50f02d68-3687-4d6e-b81a-7e0827f00ca9___CREC_HLB 4953.JPG,Orange___Haunglongbing_(Citrus_greening):::OCT_244.0,Orange___Haunglongbing_(Citrus_greening):::OCT_270.0,False
7,False,test--train,Orange___Haunglongbing_(Citrus_greening),val\Orange___Haunglongbing_(Citrus_greening)\80e529b2-b21c-4547-aca3-5e9b69b14b50___CREC_HLB 5395.JPG,train\Orange___Haunglongbing_(Citrus_greening)\2e91513e-f537-4c1d-8cbd-1b26e89624b4___CREC_HLB 7008.JPG,Orange___Haunglongbing_(Citrus_greening):::OCT_381.0,Orange___Haunglongbing_(Citrus_greening):::OCT_613.0,False
7,False,test--train,Orange___Haunglongbing_(Citrus_greening),val\Orange___Haunglongbing_(Citrus_greening)\849c86a3-cda8-4b09-ba31-18f1f78492e3___UF.Citrus_HLB_Lab 9651.JPG,train\Orange___Haunglongbing_(Citrus_greening)\43d67d74-d330-4f4c-be2a-362d04c94a27___UF.Citrus_HLB_Lab 0743.JPG,Orange___Haunglongbing_(Citrus_greening):::113.0,Orange___Haunglongbing_(Citrus_greening):::47.0,False
7,False,test--train,Orange___Haunglongbing_(Citrus_greening),val\Orange___Haunglongbing_(Citrus_greening)\993e4c85-2489-4f72-919b-8efde4dcb6bc___CREC_HLB 7310.JPG,val\Orange___Haunglongbing_(Citrus_greening)\e9e86ef7-bd4e-4595-a333-6ff5c8524314___CREC_HLB 7545.JPG,Orange___Haunglongbing_(Citrus_greening):::OCT_688.0,Orange___Haunglongbing_(Citrus_greening):::OCT_746.0,False
7,False,test--train,Orange___Haunglongbing_(Citrus_greening),val\Orange___Haunglongbing_(Citrus_greening)\d6306b8c-d296-4370-a78c-75e78b8bca05___CREC_HLB 6463.JPG,train\Orange___Haunglongbing_(Citrus_greening)\c19959a7-f27c-48cd-909c-2f20a535641d___CREC_HLB 5375.JPG,Orange___Haunglongbing_(Citrus_greening):::OCT_477.0,Orange___Haunglongbing_(Citrus_greening):::OCT_376.0,False
7,False,test--train,Orange___Haunglongbing_(Citrus_greening),val\Orange___Haunglongbing_(Citrus_greening)\f070d737-e9f9-4282-84d2-e97b96077033___UF.Citrus_HLB_Lab 9945.JPG,train\Orange___Haunglongbing_(Citrus_greening)\9b41f5c5-ac79-4756-a989-79af06de5d95___UF.Citrus_HLB_Lab 1230.JPG,Orange___Haunglongbing_(Citrus_greening):::143.0,Orange___Haunglongbing_(Citrus_greening):::78.0,False
7,False,test--train,Orange___Haunglongbing_(Citrus_greening),val\Orange___Haunglongbing_(Citrus_greening)\f070d737-e9f9-4282-84d2-e97b96077033___UF.Citrus_HLB_Lab 9945.JPG,train\Orange___Haunglongbing_(Citrus_greening)\bca755b3-e0a3-4876-ae70-88ec2bc75b10___UF.Citrus_HLB_Lab 0299.JPG,Orange___Haunglongbing_(Citrus_greening):::143.0,Orange___Haunglongbing_(Citrus_greening):::24.0,False
7,False,test--train,Peach___Bacterial_spot,train\Peach___Bacterial_spot\04e94339-9827-4b02-ad5d-bf4d2792af14___Rutg._Bact.S 1758.JPG,train\Peach___Bacterial_spot\cc6bedbb-b0ce-430d-940c-74ec79b3570f___Rutg._Bact.S 2063.JPG,Peach___Bacterial_spot:::260.0,Peach___Bacterial_spot:::294.0,False
7,False,test--train,Peach___Bacterial_spot,train\Peach___Bacterial_spot\09e1e0ed-2535-496e-885d-a51999b51820___Rut._Bact.S 0988.JPG,val\Peach___Bacterial_spot\c328baf3-4fe0-457f-8e26-1ebd82143f4a___Rut._Bact.S 1167.JPG,Peach___Bacterial_spot:::42.0,Peach___Bacterial_spot:::72.0,False
7,False,test--train,Peach___Bacterial_spot,train\Peach___Bacterial_spot\11fbaca0-eeaa-40fe-a867-e7ab2645cce8___Rut._Bact.S 1532.JPG,train\Peach___Bacterial_spot\dfbdce65-39f2-4eda-8989-47da4f469206___Rut._Bact.S 1098.JPG,Peach___Bacterial_spot:::132.0,Peach___Bacterial_spot:::60.0,False
7,False,test--train,Peach___Bacterial_spot,train\Peach___Bacterial_spot\1df78012-4b87-40f4-bfa1-b868465c0b4d___Rut._Bact.S 1263.JPG,train\Peach___Bacterial_spot\640a41e4-32af-417b-8055-00012097725f___Rut._Bact.S 0856.JPG,Peach___Bacterial_spot:::88.0,Peach___Bacterial_spot:::20.0,False
7,False,test--train,Peach___Bacterial_spot,train\Peach___Bacterial_spot\1df78012-4b87-40f4-bfa1-b868465c0b4d___Rut._Bact.S 1263.JPG,train\Peach___Bacterial_spot\7cf5d168-2cc9-43ad-a273-3d27962e2030___Rut._Bact.S 0915.JPG,Peach___Bacterial_spot:::88.0,Peach___Bacterial_spot:::30.0,False
7,False,test--train,Peach___Bacterial_spot,train\Peach___Bacterial_spot\2768430d-337c-4550-94c6-c9df6dcaeab5___Rut._Bact.S 1501.JPG,train\Peach___Bacterial_spot\597b02b7-ecbd-4c5a-8e72-07bf4a16464c___Rut._Bact.S 1562.JPG,Peach___Bacterial_spot:::127.0,Peach___Bacterial_spot:::137.0,False
7,False,test--train,Peach___Bacterial_spot,train\Peach___Bacterial_spot\2768430d-337c-4550-94c6-c9df6dcaeab5___Rut._Bact.S 1501.JPG,train\Peach___Bacterial_spot\9dadd08c-e1f0-4ecf-9637-0be7a79178eb___Rutg._Bact.S 1995.JPG,Peach___Bacterial_spot:::127.0,Peach___Bacterial_spot:::286.0,False
7,False,test--train,Peach___Bacterial_spot,train\Peach___Bacterial_spot\2f15d667-a69c-461e-a2ae-bb8671d300a6___Rut._Bact.S 1330.JPG,train\Peach___Bacterial_spot\eb9c7084-83da-4d2b-afac-dbc04c71bfae___Rutg._Bact.S 2167.JPG,Peach___Bacterial_spot:::99.0,Peach___Bacterial_spot:::307.0,False
7,False,test--train,Peach___Bacterial_spot,train\Peach___Bacterial_spot\3d49aab0-2282-4e0a-8f45-a63782b0185a___Rut._Bact.S 1266.JPG,train\Peach___Bacterial_spot\291f3f11-bfc6-4ad6-8c69-c2de933f6f7b___Rut._Bact.S 1460.JPG,Peach___Bacterial_spot:::88.0,Peach___Bacterial_spot:::120.0,False
7,False,test--train,Peach___Bacterial_spot,train\Peach___Bacterial_spot\3d49aab0-2282-4e0a-8f45-a63782b0185a___Rut._Bact.S 1266.JPG,val\Peach___Bacterial_spot\e9afdf82-d64f-438f-b1f0-37800a0f24a1___Rutg._Bact.S 1994.JPG,Peach___Bacterial_spot:::88.0,Peach___Bacterial_spot:::286.0,False
7,False,test--train,Peach___Bacterial_spot,train\Peach___Bacterial_spot\44374a48-d73b-488f-bd16-6fea7e27f8cb___Rut._Bact.S 0764.JPG,train\Peach___Bacterial_spot\fccb7798-709c-4817-99f6-ad003bd87cf0___Rut._Bact.S 0758.JPG,Peach___Bacterial_spot:::5.0,Peach___Bacterial_spot:::4.0,False
7,False,test--train,Peach___Bacterial_spot,train\Peach___Bacterial_spot\44374a48-d73b-488f-bd16-6fea7e27f8cb___Rut._Bact.S 0764.JPG,val\Peach___Bacterial_spot\31aaac25-f85e-42d3-ae30-46e6f5dc76a6___Rutg._Bact.S 1944.JPG,Peach___Bacterial_spot:::5.0,Peach___Bacterial_spot:::281.0,False
7,False,test--train,Peach___Bacterial_spot,train\Peach___Bacterial_spot\4c14bd82-660c-42c2-a051-b455f7234557___Rutg._Bact.S 1528.JPG,train\Peach___Bacterial_spot\22e0cb50-fc0d-4b52-9833-0ed25f98c737___Rutg._Bact.S 2244.JPG,Peach___Bacterial_spot:::233.0,Peach___Bacterial_spot:::315.0,False
7,False,test--train,Peach___Bacterial_spot,train\Peach___Bacterial_spot\4fd575e3-9c72-443f-aad7-5e264d334915___Rut._Bact.S 1308.JPG,train\Peach___Bacterial_spot\50e07867-1835-4031-9752-b5c62bb94f12___Rut._Bact.S 1277.JPG,Peach___Bacterial_spot:::95.0,Peach___Bacterial_spot:::90.0,False
7,False,test--train,Peach___Bacterial_spot,train\Peach___Bacterial_spot\633d70b7-6357-46f7-a4f8-3e924e22ef15___Rut._Bact.S 1161.JPG,train\Peach___Bacterial_spot\44881fe3-0d2a-449f-a8a5-e721d6213295___Rut._Bact.S 1275.JPG,Peach___Bacterial_spot:::71.0,Peach___Bacterial_spot:::90.0,False
7,False,test--train,Peach___Bacterial_spot,train\Peach___Bacterial_spot\7578ff1b-71fa-4bbf-af02-7f83e51a3928___Rutg._Bact.S 1958.JPG,train\Peach___Bacterial_spot\804724bb-d93f-42a2-bc21-f6da32f37e6d___Rutg._Bact.S 2124.JPG,Peach___Bacterial_spot:::282.0,Peach___Bacterial_spot:::301.0,False
7,False,test--train,Peach___Bacterial_spot,train\Peach___Bacterial_spot\767e3ee3-996b-48f9-b587-0b19e0eb3569___Rut._Bact.S 1451.JPG,train\Peach___Bacterial_spot\d1bd3a84-e542-4ab5-8a78-5cdd1cddfcd7___Rut._Bact.S 1394.JPG,Peach___Bacterial_spot:::119.0,Peach___Bacterial_spot:::109.0,False
7,False,test--train,Peach___Bacterial_spot,train\Peach___Bacterial_spot\96059642-7fa3-47a7-8aa9-ed37689d6a3b___Rut._Bact.S 1242.JPG,train\Peach___Bacterial_spot\2ee33b51-1e8a-425f-8e8d-0fdebfe75bb1___Rut._Bact.S 1248.JPG,Peach___Bacterial_spot:::84.0,Peach___Bacterial_spot:::85.0,False
7,False,test--train,Peach___Bacterial_spot,train\Peach___Bacterial_spot\98183a48-add3-4b6f-b771-dde3b5150c42___Rut._Bact.S 1238.JPG,train\Peach___Bacterial_spot\b35894d6-4059-4f1a-a1d3-8cad6b624f18___Rut._Bact.S 1479.JPG,Peach___Bacterial_spot:::84.0,Peach___Bacterial_spot:::124.0,False
7,False,test--train,Peach___Bacterial_spot,train\Peach___Bacterial_spot\9fda3bc0-49f8-4486-bc9e-93118af2c836___Rut._Bact.S 1329.JPG,train\Peach___Bacterial_spot\88119087-f692-46b4-b2c2-6db98eedad56___Rut._Bact.S 1495.JPG,Peach___Bacterial_spot:::99.0,Peach___Bacterial_spot:::126.0,False
7,False,test--train,Peach___Bacterial_spot,train\Peach___Bacterial_spot\a2524d53-667b-49d1-bda8-8515143b1293___Rutg._Bact.S 2300.JPG,train\Peach___Bacterial_spot\3ebeec7d-28e5-4203-a92f-20adb3fc2a45___Rutg._Bact.S 2345.JPG,Peach___Bacterial_spot:::322.0,Peach___Bacterial_spot:::327.0,False
7,False,test--train,Peach___Bacterial_spot,train\Peach___Bacterial_spot\a2524d53-667b-49d1-bda8-8515143b1293___Rutg._Bact.S 2300.JPG,train\Peach___Bacterial_spot\acf020ba-223f-46d3-9bad-65540c534914___Rutg._Bact.S 2043.JPG,Peach___Bacterial_spot:::322.0,Peach___Bacterial_spot:::292.0,False
7,False,test--train,Peach___Bacterial_spot,train\Peach___Bacterial_spot\a2524d53-667b-49d1-bda8-8515143b1293___Rutg._Bact.S 2300.JPG,train\Peach___Bacterial_spot\fccb7798-709c-4817-99f6-ad003bd87cf0___Rut._Bact.S 0758.JPG,Peach___Bacterial_spot:::322.0,Peach___Bacterial_spot:::4.0,False
7,False,test--train,Peach___Bacterial_spot,train\Peach___Bacterial_spot\a2524d53-667b-49d1-bda8-8515143b1293___Rutg._Bact.S 2300.JPG,val\Peach___Bacterial_spot\114a3057-a764-41ce-b1ac-b63a93b3129d___Rutg._Bact.S 2256.JPG,Peach___Bacterial_spot:::322.0,Peach___Bacterial_spot:::317.0,False
7,False,test--train,Peach___Bacterial_spot,train\Peach___Bacterial_spot\a2524d53-667b-49d1-bda8-8515143b1293___Rutg._Bact.S 2300.JPG,val\Peach___Bacterial_spot\aa305449-0689-4b5d-ad10-a3cc91b90217___Rutg._Bact.S 2319.JPG,Peach___Bacterial_spot:::322.0,Peach___Bacterial_spot:::324.0,False
7,False,test--train,Peach___Bacterial_spot,train\Peach___Bacterial_spot\a42f9989-da90-42cc-a7e3-bc38405ce004___Rut._Bact.S 1254.JPG,train\Peach___Bacterial_spot\53326fe5-3f26-4d21-bc8b-b3ecc2099f16___Rut._Bact.S 1185.JPG,Peach___Bacterial_spot:::86.0,Peach___Bacterial_spot:::75.0,False
7,False,test--train,Peach___Bacterial_spot,train\Peach___Bacterial_spot\cf9d4672-c728-442c-b89d-075402e5e313___Rutg._Bact.S 1754.JPG,train\Peach___Bacterial_spot\03dcaf93-d233-4726-a973-1ce1453a0ed1___Rutg._Bact.S 2281.JPG,Peach___Bacterial_spot:::260.0,Peach___Bacterial_spot:::320.0,False
7,False,test--train,Peach___Bacterial_spot,train\Peach___Bacterial_spot\ff74cdaf-0674-435f-abe2-70562a96e605___Rut._Bact.S 1314.JPG,train\Peach___Bacterial_spot\6626b650-4fd0-485c-b8b6-22dfd2b2e3c0___Rut._Bact.S 1158.JPG,Peach___Bacterial_spot:::96.0,Peach___Bacterial_spot:::70.0,False
7,False,test--train,Peach___Bacterial_spot,val\Peach___Bacterial_spot\0db5e713-ffab-48d4-ae0d-10c67425fa45___Rutg._Bact.S 2197.JPG,train\Peach___Bacterial_spot\a401561d-e4f3-453b-a4eb-21aa0ff12811___Rutg._Bact.S 2205.JPG,Peach___Bacterial_spot:::310.0,Peach___Bacterial_spot:::311.0,False
7,False,test--train,Peach___Bacterial_spot,val\Peach___Bacterial_spot\45e018bd-b8f0-40f1-9040-8c7fad9f6537___Rut._Bact.S 1497.JPG,train\Peach___Bacterial_spot\0831c6e7-4a37-471b-8f93-2206a4a8f73a___Rut._Bact.S 1509.JPG,Peach___Bacterial_spot:::127.0,Peach___Bacterial_spot:::129.0,False
7,False,test--train,Peach___Bacterial_spot,val\Peach___Bacterial_spot\4e3a6751-03c7-4888-b0e3-475dc6fbacfa___Rut._Bact.S 0888.JPG,train\Peach___Bacterial_spot\f3da92fa-2a1e-4f55-9fd9-a8890049275a___Rut._Bact.S 1182.JPG,Peach___Bacterial_spot:::25.0,Peach___Bacterial_spot:::74.0,False
7,False,test--train,Peach___Bacterial_spot,val\Peach___Bacterial_spot\78db4327-d82a-4dff-8a9d-1db54800fc3b___Rutg._Bact.S 1768.JPG,train\Peach___Bacterial_spot\f1e6c49b-7554-4c28-9c92-72783b56915b___Rutg._Bact.S 2212.JPG,Peach___Bacterial_spot:::261.0,Peach___Bacterial_spot:::311.0,False
7,False,test--train,Peach___healthy,train\Peach___healthy\293d1635-ff8f-4005-b057-1a539ad2cf0d___Rutg._HL 2474.JPG,train\Peach___healthy\f1b4be89-0313-4fa4-b04e-1e3e126ee8fb___Rutg._HL 3528.JPG,Peach___healthy:::13.0,Peach___healthy:::22.0,False
7,False,test--train,Peach___healthy,train\Peach___healthy\ad535bed-68fa-4808-94b3-f2d7472f23f3___Rutg._HL 2478.JPG,train\Peach___healthy\35d97a27-1462-4c2a-9e56-840ddb6a034b___Rutg._HL 3509.JPG,Peach___healthy:::13.0,Peach___healthy:::18.0,False
7,False,test--train,Peach___healthy,val\Peach___healthy\15fa9ad3-5775-47e7-a8eb-4218000625c9___Rutg._HL 3605.JPG,train\Peach___healthy\d9822f7b-564d-4d8a-8aa5-e8b30eb4884b___Rutg._HL 3681.JPG,Peach___healthy:::35.0,Peach___healthy:::47.0,False
7,False,test--train,"Pepper,_bell___healthy","train\Pepper,_bell___healthy\8e57033c-b244-409e-8249-f555690fe7de___JR_HL 7954.JPG","train\Pepper,_bell___healthy\94a7acd4-cd80-4d84-a837-0702cb946d52___JR_HL 8795.JPG","Pepper,_bell___healthy:::67.0","Pepper,_bell___healthy:::158.0",False
7,False,test--train,Potato___Early_blight,train\Potato___Early_blight\b76550de-8e3a-46f1-b06f-6bd4ed3dc8a5___RS_Early.B 8456.JPG,val\Potato___Early_blight\667c593c-acbf-468a-91a3-6fd8006c46c2___RS_Early.B 7830.JPG,Potato___Early_blight:::200.0,Potato___Early_blight:::144.0,False
7,False,test--train,Potato___Late_blight,train\Potato___Late_blight\4a911e79-f9c0-4ba1-aa80-567d653df61c___RS_LB 4038.JPG,val\Potato___Late_blight\8f80caee-38ed-4b49-9596-6f66c3cb9c1b___RS_LB 2535.JPG,Potato___Late_blight:::123.0,Potato___Late_blight:::5.0,False
7,False,test--train,Potato___Late_blight,train\Potato___Late_blight\d9817cc3-ef03-41e5-8892-1fddd27b7bcc___RS_LB 4878.JPG,train\Potato___Late_blight\b3123a68-bf01-4d71-a561-e1e7363a6419___RS_LB 2586.JPG,Potato___Late_blight:::202.0,Potato___Late_blight:::10.0,False
7,False,test--train,Raspberry___healthy,train\Raspberry___healthy\7ea7a4b0-d404-4355-acfb-c0fa23d976b0___Mary_HL 6342.JPG,train\Raspberry___healthy\7ba1a91f-41d0-4ff2-a994-4d469ad26b0c___Mary_HL 6370.JPG,Raspberry___healthy:::14.0,Raspberry___healthy:::17.0,False
7,False,test--train,Raspberry___healthy,train\Raspberry___healthy\d20b63ce-4849-4c33-960e-74ac2ddb048c___Mary_HL 6319.JPG,train\Raspberry___healthy\9b4b800b-ad23-435b-843e-035226811248___Mary_HL 6243.JPG,Raspberry___healthy:::11.0,Raspberry___healthy:::4.0,False
7,False,test--train,Soybean___healthy,train\Soybean___healthy\02e20196-516a-40ec-9569-53f1310dcd92___RS_HL 3761.JPG,train\Soybean___healthy\0d852326-1654-4cc6-a554-735b46823135___RS_HL 4752.JPG,Soybean___healthy:::113.0,Soybean___healthy:::229.0,False
7,False,test--train,Soybean___healthy,train\Soybean___healthy\050357f1-5c8f-4535-a14d-a23d5ce34c2e___RS_HL 2702.JPG,train\Soybean___healthy\f3c48c13-8f8b-489a-b00f-a392e901b2a3___RS_HL 3518.JPG,Soybean___healthy:::2.0,Soybean___healthy:::89.0,False
7,False,test--train,Soybean___healthy,train\Soybean___healthy\07ed2de2-1a88-4b3b-adc2-94102d5eaba5___RS_HL 4700.JPG,val\Soybean___healthy\49e54b3c-7101-44f8-ab24-99ee7e943e73___RS_HL 5672 1.JPG,Soybean___healthy:::223.0,Soybean___healthy:::341.0,False
7,False,test--train,Soybean___healthy,train\Soybean___healthy\07ed2de2-1a88-4b3b-adc2-94102d5eaba5___RS_HL 4700.JPG,val\Soybean___healthy\f6af20f5-6fc5-4715-9188-bb53ebbab372___RS_HL 5674 1.JPG,Soybean___healthy:::223.0,Soybean___healthy:::341.0,False
7,False,test--train,Soybean___healthy,train\Soybean___healthy\0b3e4ee1-8f07-45d3-a0ab-fab31c8a4084___RS_HL 5032.JPG,train\Soybean___healthy\581416a4-377d-4f4a-9c6b-d440f8f23ef2___RS_HL 3562.JPG,Soybean___healthy:::259.0,Soybean___healthy:::93.0,False
7,False,test--train,Soybean___healthy,train\Soybean___healthy\0b3e4ee1-8f07-45d3-a0ab-fab31c8a4084___RS_HL 5032.JPG,val\Soybean___healthy\d9502174-f8cf-4498-a98c-bcb6a6fdc451___RS_HL 5718 1.JPG,Soybean___healthy:::259.0,Soybean___healthy:::350.0,False
7,False,test--train,Soybean___healthy,train\Soybean___healthy\0e0fa650-f6f3-450b-b514-b9098214b43b___RS_HL 6724.JPG,val\Soybean___healthy\2942b1dd-f2d3-4d5a-bfba-946bc2d48604___RS_HL 5757 1.JPG,Soybean___healthy:::441.0,Soybean___healthy:::358.0,False
7,False,test--train,Soybean___healthy,train\Soybean___healthy\124c32b3-6a2e-4e8c-b16f-55d4d5773cb6___RS_HL 3288.JPG,train\Soybean___healthy\888e439a-f383-4b9f-9e4c-4e5ce9f54283___RS_HL 3609.JPG,Soybean___healthy:::67.0,Soybean___healthy:::97.0,False
7,False,test--train,Soybean___healthy,train\Soybean___healthy\197cae76-efed-4c20-95fd-84cda4d248fa___RS_HL 5911.JPG,train\Soybean___healthy\7f11ac3f-4fe3-48d8-ac29-dd5fee73967b___RS_HL 6168.JPG,Soybean___healthy:::371.0,Soybean___healthy:::392.0,False
7,False,test--train,Soybean___healthy,train\Soybean___healthy\1f548c90-5837-4664-a7f1-d6d070fc23e8___RS_HL 5786 1.JPG,train\Soybean___healthy\b49d2b41-bdb3-436c-9114-c55922d923a7___RS_HL 3166.JPG,Soybean___healthy:::362.0,Soybean___healthy:::54.0,False
7,False,test--train,Soybean___healthy,train\Soybean___healthy\1f548c90-5837-4664-a7f1-d6d070fc23e8___RS_HL 5786 1.JPG,val\Soybean___healthy\71d2d58d-f931-4fdb-8985-21f0e07f5216___RS_HL 6280.JPG,Soybean___healthy:::362.0,Soybean___healthy:::400.0,False
7,False,test--train,Soybean___healthy,train\Soybean___healthy\258073a8-5788-47af-bd42-921b506dfb26___RS_HL 6376.JPG,train\Soybean___healthy\df9f651c-3484-47a2-9fc3-a13fcfed37c5___RS_HL 6324.JPG,Soybean___healthy:::409.0,Soybean___healthy:::404.0,False
7,False,test--train,Soybean___healthy,train\Soybean___healthy\261555bd-eca0-4e1b-aba9-749a08ca2459___RS_HL 4930.JPG,train\Soybean___healthy\10304590-9159-4a8a-90ba-852730f3f3a7___RS_HL 6857.JPG,Soybean___healthy:::248.0,Soybean___healthy:::452.0,False
7,False,test--train,Soybean___healthy,train\Soybean___healthy\28dc6036-16de-4df3-8935-73601ea7196e___RS_HL 3020.JPG,train\Soybean___healthy\2418e3f4-ae33-4bf6-871a-26d8e6e5bdc4___RS_HL 3877.JPG,Soybean___healthy:::38.0,Soybean___healthy:::126.0,False
7,False,test--train,Soybean___healthy,train\Soybean___healthy\2b05349b-e677-4184-9adf-136139174877___RS_HL 3736.JPG,train\Soybean___healthy\52a0253f-5f79-4f58-a507-1736b90063e6___RS_HL 5575 1.JPG,Soybean___healthy:::110.0,Soybean___healthy:::324.0,False
7,False,test--train,Soybean___healthy,train\Soybean___healthy\36c49eac-031d-4174-a170-550b4fa3da11___RS_HL 5209.JPG,val\Soybean___healthy\08809171-024c-4e9a-9414-248928f4afe5___RS_HL 3331.JPG,Soybean___healthy:::279.0,Soybean___healthy:::71.0,False
7,False,test--train,Soybean___healthy,train\Soybean___healthy\3806b09e-0501-40a0-8a84-131458f29c6a___RS_HL 7229.JPG,train\Soybean___healthy\2b3551c3-835f-4051-aa8e-e673c8b7dbf3___RS_HL 3867.JPG,Soybean___healthy:::482.0,Soybean___healthy:::124.0,False
7,False,test--train,Soybean___healthy,train\Soybean___healthy\3af8cceb-44be-4c77-9a27-bffe3d8e56fe___RS_HL 5213.JPG,train\Soybean___healthy\edf9dfc0-dd01-4e48-8bc8-120dbefbf8a8___RS_HL 3087.JPG,Soybean___healthy:::279.0,Soybean___healthy:::45.0,False
7,False,test--train,Soybean___healthy,train\Soybean___healthy\42f3bae3-2160-471a-851e-24fa92e624e7___RS_HL 3760.JPG,train\Soybean___healthy\850d088c-017b-4f86-bd61-d5de3a785407___RS_HL 5512.JPG,Soybean___healthy:::113.0,Soybean___healthy:::314.0,False
7,False,test--train,Soybean___healthy,train\Soybean___healthy\477d1d19-3148-4166-b1b7-67ac1ad5aa2c___RS_HL 6372.JPG,train\Soybean___healthy\0027f9ae-818b-41d1-95c8-9e296bd0fdae___RS_HL 6902.JPG,Soybean___healthy:::409.0,Soybean___healthy:::455.0,False
7,False,test--train,Soybean___healthy,train\Soybean___healthy\4c41b75f-b094-4de6-96ed-584bd9c49001___RS_HL 4929.JPG,val\Soybean___healthy\7df58ed4-7e65-4d85-9c72-6140261981da___RS_HL 3759.JPG,Soybean___healthy:::248.0,Soybean___healthy:::112.0,False
7,False,test--train,Soybean___healthy,train\Soybean___healthy\4e2c561c-c8b5-48f4-add2-4dc11eb74263___RS_HL 3128.JPG,train\Soybean___healthy\30f986b6-87e6-4a0b-8586-19b29e059c4b___RS_HL 3665.JPG,Soybean___healthy:::50.0,Soybean___healthy:::102.0,False
7,False,test--train,Soybean___healthy,train\Soybean___healthy\4e872f72-be11-4674-bb25-9bd7345c1ef7___RS_HL 7047.JPG,val\Soybean___healthy\2fdd3db7-67cd-4b86-97bd-a845d9d9bbbe___RS_HL 6737.JPG,Soybean___healthy:::467.0,Soybean___healthy:::443.0,False
7,False,test--train,Soybean___healthy,train\Soybean___healthy\4f184e6a-30a9-4932-b3bd-c1c68ee73426___RS_HL 3055.JPG,train\Soybean___healthy\5fe5a6b8-43d0-4062-99f7-7fa9932add84___RS_HL 3814.JPG,Soybean___healthy:::42.0,Soybean___healthy:::119.0,False
7,False,test--train,Soybean___healthy,train\Soybean___healthy\5092640d-d7f2-4415-8e84-2ea6d9ad8f29___RS_HL 6126.JPG,val\Soybean___healthy\2f601170-0f62-43e8-a4a5-2847cc9c67d0___RS_HL 4957.JPG,Soybean___healthy:::389.0,Soybean___healthy:::251.0,False
7,False,test--train,Soybean___healthy,train\Soybean___healthy\50f8fa14-4c23-4168-960c-5533c4a4d35e___RS_HL 3480.JPG,train\Soybean___healthy\f2620c44-bb37-47cf-82d9-9bd61193b05d___RS_HL 6692.JPG,Soybean___healthy:::85.0,Soybean___healthy:::438.0,False
7,False,test--train,Soybean___healthy,train\Soybean___healthy\518d40e6-539d-4eec-98ea-b0c0cdb590c9___RS_HL 4862.JPG,train\Soybean___healthy\08f5b052-40a8-4bbb-b6c9-0a1d1c338952___RS_HL 4504.JPG,Soybean___healthy:::240.0,Soybean___healthy:::202.0,False
7,False,test--train,Soybean___healthy,train\Soybean___healthy\518d40e6-539d-4eec-98ea-b0c0cdb590c9___RS_HL 4862.JPG,train\Soybean___healthy\ce0aa2a1-34b5-47ed-8928-aef3f76b9971___RS_HL 3649.JPG,Soybean___healthy:::240.0,Soybean___healthy:::100.0,False
7,False,test--train,Soybean___healthy,train\Soybean___healthy\56587d1c-0ace-4997-a629-1f649b70ee22___RS_HL 7224.JPG,train\Soybean___healthy\ee78034d-0420-4f21-8c6b-09675a36e6d1___RS_HL 3426.JPG,Soybean___healthy:::482.0,Soybean___healthy:::79.0,False
7,False,test--train,Soybean___healthy,train\Soybean___healthy\56587d1c-0ace-4997-a629-1f649b70ee22___RS_HL 7224.JPG,val\Soybean___healthy\15bc109d-b12c-48fe-9008-d98482dc2575___RS_HL 4807.JPG,Soybean___healthy:::482.0,Soybean___healthy:::235.0,False
7,False,test--train,Soybean___healthy,train\Soybean___healthy\58340050-1669-4284-ab1a-dd8f77383d25___RS_HL 5211.JPG,train\Soybean___healthy\973719cd-640f-4fea-986a-503a5efb4595___RS_HL 3955.JPG,Soybean___healthy:::279.0,Soybean___healthy:::134.0,False
7,False,test--train,Soybean___healthy,train\Soybean___healthy\5c945f78-462f-4610-b416-6aae48ec0b55___RS_HL 3566.JPG,train\Soybean___healthy\c9c1448e-a241-4de3-aea3-0f727cbf4d87___RS_HL 4609.JPG,Soybean___healthy:::94.0,Soybean___healthy:::213.0,False
7,False,test--train,Soybean___healthy,train\Soybean___healthy\5ca7a6be-9083-4400-ab67-9cc243ce3c96___RS_HL 5765 1.JPG,train\Soybean___healthy\dd0e3f00-1c3e-4bee-82f3-4edb33316497___RS_HL 4991.JPG,Soybean___healthy:::359.0,Soybean___healthy:::255.0,False
7,False,test--train,Soybean___healthy,train\Soybean___healthy\5cac3508-41b8-4b71-9c6a-b325ad97b76b___RS_HL 3021.JPG,train\Soybean___healthy\b4741523-839f-4296-a9a2-d2e8d83bfe73___RS_HL 6745.JPG,Soybean___healthy:::38.0,Soybean___healthy:::443.0,False
7,False,test--train,Soybean___healthy,train\Soybean___healthy\5d3fb1de-f93a-4c3e-acd1-7a1082cc214b___RS_HL 6423.JPG,train\Soybean___healthy\c07e5e99-6b6c-4ba7-8b6c-7d27e3db2a4a___RS_HL 6515.JPG,Soybean___healthy:::413.0,Soybean___healthy:::421.0,False
7,False,test--train,Soybean___healthy,train\Soybean___healthy\64e1718f-a593-4d9c-beb9-2c0a0bb6ae28___RS_HL 6929.JPG,train\Soybean___healthy\a95dd80c-cae9-4473-b5fd-cd590e0fd936___RS_HL 5687 1.JPG,Soybean___healthy:::457.0,Soybean___healthy:::345.0,False
7,False,test--train,Soybean___healthy,train\Soybean___healthy\64e1718f-a593-4d9c-beb9-2c0a0bb6ae28___RS_HL 6929.JPG,train\Soybean___healthy\eb441256-6c6c-4039-a80f-16b2d081e5c9___RS_HL 6735.JPG,Soybean___healthy:::457.0,Soybean___healthy:::442.0,False
7,False,test--train,Soybean___healthy,train\Soybean___healthy\64e1718f-a593-4d9c-beb9-2c0a0bb6ae28___RS_HL 6929.JPG,train\Soybean___healthy\f68b8d6d-b1dd-40ff-b341-3f7963ad7281___RS_HL 5553 1.JPG,Soybean___healthy:::457.0,Soybean___healthy:::322.0,False
7,False,test--train,Soybean___healthy,train\Soybean___healthy\64e1718f-a593-4d9c-beb9-2c0a0bb6ae28___RS_HL 6929.JPG,val\Soybean___healthy\c8638d81-9a99-4e9c-8f95-4f9462da9541___RS_HL 5668 1.JPG,Soybean___healthy:::457.0,Soybean___healthy:::341.0,False
7,False,test--train,Soybean___healthy,train\Soybean___healthy\6e4caa3a-dda0-445a-984a-0e31508cacf0___RS_HL 5219.JPG,train\Soybean___healthy\1894884d-f018-4928-9075-216ba82b50c3___RS_HL 3437.JPG,Soybean___healthy:::280.0,Soybean___healthy:::80.0,False
7,False,test--train,Soybean___healthy,train\Soybean___healthy\70ac03c3-3bbb-4407-a0ac-f513109373eb___RS_HL 5223.JPG,train\Soybean___healthy\e257d6a2-5de1-4063-93e9-4ed9630ed260___RS_HL 5717 1.JPG,Soybean___healthy:::280.0,Soybean___healthy:::350.0,False
7,False,test--train,Soybean___healthy,train\Soybean___healthy\71185204-eff0-4bc3-914a-bb253845805a___RS_HL 5473.JPG,train\Soybean___healthy\e3857933-e537-4a7d-8bcc-bdcc9bcad188___RS_HL 4564.JPG,Soybean___healthy:::310.0,Soybean___healthy:::208.0,False
7,False,test--train,Soybean___healthy,train\Soybean___healthy\76ebf1d0-ab6f-4907-b75d-c177037b12d5___RS_HL 7313.JPG,train\Soybean___healthy\1b9dedc5-4de3-4bc5-8d2e-1adf470790d3___RS_HL 3922.JPG,Soybean___healthy:::489.0,Soybean___healthy:::131.0,False
7,False,test--train,Soybean___healthy,train\Soybean___healthy\8a376f90-087a-415c-985d-7c2968ecfbb8___RS_HL 5767 1.JPG,val\Soybean___healthy\5a3ee1ad-ab4d-4428-ae0b-7d2881c5f316___RS_HL 6394.JPG,Soybean___healthy:::359.0,Soybean___healthy:::410.0,False
7,False,test--train,Soybean___healthy,train\Soybean___healthy\8a7de543-d8ae-4f30-9d09-aee50a37a9c6___RS_HL 5501.JPG,train\Soybean___healthy\d902c47b-3ebf-41d9-b375-4902e4819853___RS_HL 3690.JPG,Soybean___healthy:::313.0,Soybean___healthy:::105.0,False
7,False,test--train,Soybean___healthy,train\Soybean___healthy\8c76beff-437e-4c5a-8c6a-eed877004255___RS_HL 5331.JPG,val\Soybean___healthy\edd05ee9-bfe5-4c78-8c3d-025c4c56ed51___RS_HL 4805.JPG,Soybean___healthy:::293.0,Soybean___healthy:::234.0,False
7,False,test--train,Soybean___healthy,train\Soybean___healthy\8ea015fc-e887-4878-8774-c574e6440ead___RS_HL 7526.JPG,train\Soybean___healthy\7ea9fa0a-d301-4bd7-bb14-f703a60bf74e___RS_HL 6890.JPG,Soybean___healthy:::507.0,Soybean___healthy:::454.0,False
7,False,test--train,Soybean___healthy,train\Soybean___healthy\8eafaba5-43ac-4bd8-ab79-17d4e626a84d___RS_HL 6934.JPG,train\Soybean___healthy\6c041652-4c64-40a2-a97b-b2df73e04005___RS_HL 7036.JPG,Soybean___healthy:::457.0,Soybean___healthy:::465.0,False
7,False,test--train,Soybean___healthy,train\Soybean___healthy\9209bf0b-b8e7-48b6-a5a2-a89b29c5b163___RS_HL 7053.JPG,val\Soybean___healthy\7832e76a-e419-4dbf-a422-416d0e251df5___RS_HL 7159.JPG,Soybean___healthy:::467.0,Soybean___healthy:::476.0,False
7,False,test--train,Soybean___healthy,train\Soybean___healthy\94667f5e-1d79-4406-b41a-b64d3cfb0ff8___RS_HL 5586 1.JPG,train\Soybean___healthy\90093ea4-d02b-4bed-8c86-7133453f618a___RS_HL 4584.JPG,Soybean___healthy:::326.0,Soybean___healthy:::210.0,False
7,False,test--train,Soybean___healthy,train\Soybean___healthy\99a64850-aa0a-42a1-9848-b8560107f0e9___RS_HL 3357.JPG,train\Soybean___healthy\6c62a238-a4af-4021-82e3-f8fbef919fa6___RS_HL 3230.JPG,Soybean___healthy:::74.0,Soybean___healthy:::61.0,False
7,False,test--train,Soybean___healthy,train\Soybean___healthy\9cbdadf8-57a6-45e9-977e-f6f124260297___RS_HL 4547.JPG,train\Soybean___healthy\b2f0f3c4-ade2-4ed0-a7fe-ebd963ad97a8___RS_HL 3866.JPG,Soybean___healthy:::206.0,Soybean___healthy:::124.0,False
7,False,test--train,Soybean___healthy,train\Soybean___healthy\a317c320-548b-48f1-881c-f09fbf0149b7___RS_HL 6316.JPG,train\Soybean___healthy\2175ba24-2c2f-4ce9-8f4c-6e8ccb9e02aa___RS_HL 6551.JPG,Soybean___healthy:::403.0,Soybean___healthy:::425.0,False
7,False,test--train,Soybean___healthy,train\Soybean___healthy\a4923d70-6150-4d7d-8a46-f854fa5130a6___RS_HL 7055.JPG,train\Soybean___healthy\6794049e-e410-4ce7-81c4-0624ba07e742___RS_HL 6642.JPG,Soybean___healthy:::467.0,Soybean___healthy:::434.0,False
7,False,test--train,Soybean___healthy,train\Soybean___healthy\a4c7f295-7567-465e-a148-c86aeef8bd5e___RS_HL 4242.JPG,train\Soybean___healthy\6f080647-3f64-4632-b54c-3153c374f175___RS_HL 7446.JPG,Soybean___healthy:::170.0,Soybean___healthy:::500.0,False
7,False,test--train,Soybean___healthy,train\Soybean___healthy\a4c7f295-7567-465e-a148-c86aeef8bd5e___RS_HL 4242.JPG,train\Soybean___healthy\bffe8e46-8622-423b-ab4d-ecf3c4ae319a___RS_HL 4044.JPG,Soybean___healthy:::170.0,Soybean___healthy:::145.0,False
7,False,test--train,Soybean___healthy,train\Soybean___healthy\a8da3165-bbd3-4f30-a1e3-a6c2ad168188___RS_HL 4234.JPG,train\Soybean___healthy\8ddd3695-13df-4b8e-9319-87cb30f12372___RS_HL 4463.JPG,Soybean___healthy:::168.0,Soybean___healthy:::197.0,False
7,False,test--train,Soybean___healthy,train\Soybean___healthy\aeb11051-f44c-4177-ac14-b81ef67f9d1c___RS_HL 6963.JPG,train\Soybean___healthy\c07e5e99-6b6c-4ba7-8b6c-7d27e3db2a4a___RS_HL 6515.JPG,Soybean___healthy:::460.0,Soybean___healthy:::421.0,False
7,False,test--train,Soybean___healthy,train\Soybean___healthy\afa5ace9-4b20-4250-83f0-2b2a8bc8d2a8___RS_HL 4230.JPG,train\Soybean___healthy\53058145-802a-4b49-97d0-ff20bd3cfb34___RS_HL 3917.JPG,Soybean___healthy:::168.0,Soybean___healthy:::130.0,False
7,False,test--train,Soybean___healthy,train\Soybean___healthy\b8be4887-50a7-4d7d-bed7-97c1912d9d8c___RS_HL 5069.JPG,train\Soybean___healthy\9aa57fb1-88fc-407b-a655-0a5601e35404___RS_HL 5697 1.JPG,Soybean___healthy:::263.0,Soybean___healthy:::347.0,False
7,False,test--train,Soybean___healthy,train\Soybean___healthy\bb880e71-85b8-469f-9f19-8ae8685eec31___RS_HL 5218.JPG,val\Soybean___healthy\8da1ecda-9b55-4476-983c-077aeded8fa1___RS_HL 3927.JPG,Soybean___healthy:::280.0,Soybean___healthy:::131.0,False
7,False,test--train,Soybean___healthy,train\Soybean___healthy\be6b278a-5900-41a5-af06-4e06b005e7ed___RS_HL 4215.JPG,train\Soybean___healthy\92a69c74-67d1-47fd-8da9-a2b15ef6e089___RS_HL 6984.JPG,Soybean___healthy:::166.0,Soybean___healthy:::461.0,False
7,False,test--train,Soybean___healthy,train\Soybean___healthy\c445cf8c-a7a7-4dd8-9a6b-8be767b69155___RS_HL 5036.JPG,train\Soybean___healthy\4a54f301-b61f-406c-9faf-8c94513147e7___RS_HL 7391.JPG,Soybean___healthy:::259.0,Soybean___healthy:::495.0,False
7,False,test--train,Soybean___healthy,train\Soybean___healthy\cc325176-20d3-4bfe-af99-d8b5befe8fab___RS_HL 6427.JPG,train\Soybean___healthy\227f5a10-4520-433f-83b8-cb23b7f29e59___RS_HL 6872.JPG,Soybean___healthy:::413.0,Soybean___healthy:::453.0,False
7,False,test--train,Soybean___healthy,train\Soybean___healthy\cc325176-20d3-4bfe-af99-d8b5befe8fab___RS_HL 6427.JPG,val\Soybean___healthy\1cc9ab48-9009-418e-9b22-a2d9384cf1ce___RS_HL 6111.JPG,Soybean___healthy:::413.0,Soybean___healthy:::387.0,False
7,False,test--train,Soybean___healthy,train\Soybean___healthy\cd7a8f82-a728-4a4f-b9bc-a545cc713013___RS_HL 6138.JPG,train\Soybean___healthy\bc8ac615-682a-464a-a729-1d9979544471___RS_HL 6217.JPG,Soybean___healthy:::389.0,Soybean___healthy:::396.0,False
7,False,test--train,Soybean___healthy,train\Soybean___healthy\ce861027-0d78-4b34-830a-eb5cbec098c7___RS_HL 4778.JPG,train\Soybean___healthy\afa4757e-4f93-4ebf-8573-3290e5adf8eb___RS_HL 7426.JPG,Soybean___healthy:::231.0,Soybean___healthy:::498.0,False
7,False,test--train,Soybean___healthy,train\Soybean___healthy\d16a8229-0739-4b03-a340-fb072f427d55___RS_HL 5295.JPG,train\Soybean___healthy\756244a1-64a2-4ced-a034-921fc52a9d4e___RS_HL 4411.JPG,Soybean___healthy:::289.0,Soybean___healthy:::191.0,False
7,False,test--train,Soybean___healthy,train\Soybean___healthy\db69f08b-9d13-415b-af84-aba7aa3da6ba___RS_HL 4775.JPG,val\Soybean___healthy\b14c4bb5-1f7a-443f-8508-39dd3ecbccb6___RS_HL 5120.JPG,Soybean___healthy:::231.0,Soybean___healthy:::269.0,False
7,False,test--train,Soybean___healthy,train\Soybean___healthy\dd289626-11e7-43d1-9b4d-66a2e8fa1d83___RS_HL 5430.JPG,train\Soybean___healthy\00f09c0e-8129-4e1b-8b55-020c633beaf0___RS_HL 3934.JPG,Soybean___healthy:::305.0,Soybean___healthy:::132.0,False
7,False,test--train,Soybean___healthy,train\Soybean___healthy\df807f13-078b-4a6a-9c23-e43e540ecdc2___RS_HL 5590 1.JPG,val\Soybean___healthy\c3001e80-16b0-474e-a7de-dce7c1271bbc___RS_HL 5018.JPG,Soybean___healthy:::328.0,Soybean___healthy:::258.0,False
7,False,test--train,Soybean___healthy,train\Soybean___healthy\e14821dc-642e-4e93-ac9b-a79de4a011ea___RS_HL 7010.JPG,train\Soybean___healthy\b22f2758-59c2-48dc-8933-da544082304c___RS_HL 6283.JPG,Soybean___healthy:::463.0,Soybean___healthy:::400.0,False
7,False,test--train,Soybean___healthy,train\Soybean___healthy\e3b30628-2269-44c7-b2fc-43bd425a4991___RS_HL 4933.JPG,train\Soybean___healthy\08f5b052-40a8-4bbb-b6c9-0a1d1c338952___RS_HL 4504.JPG,Soybean___healthy:::248.0,Soybean___healthy:::202.0,False
7,False,test--train,Soybean___healthy,train\Soybean___healthy\e5112ef8-1043-48d5-9a58-ee01f8b45eb4___RS_HL 3683.JPG,val\Soybean___healthy\a554caec-313e-4aab-af5b-cca150f0e2f4___RS_HL 7177.JPG,Soybean___healthy:::104.0,Soybean___healthy:::477.0,False
7,False,test--train,Soybean___healthy,train\Soybean___healthy\e8baac0f-4f47-43b5-931b-e769e2315547___RS_HL 6425.JPG,train\Soybean___healthy\8a24d019-ac71-42db-8671-ffd8dfbebb4d___RS_HL 6064.JPG,Soybean___healthy:::413.0,Soybean___healthy:::384.0,False
7,False,test--train,Soybean___healthy,train\Soybean___healthy\eea15c30-1f7c-4d75-b48d-513f72339df4___RS_HL 5292.JPG,train\Soybean___healthy\9aa4cb36-c05d-465b-8607-c224c97d13e1___RS_HL 5375.JPG,Soybean___healthy:::289.0,Soybean___healthy:::299.0,False
7,False,test--train,Soybean___healthy,train\Soybean___healthy\ef0ea26f-39e3-433b-9b6d-b5ff7e8a6292___RS_HL 7249.JPG,train\Soybean___healthy\2b3e1376-85b1-4d0e-bcac-9e4a6c576a4b___RS_HL 5740 1.JPG,Soybean___healthy:::484.0,Soybean___healthy:::355.0,False
7,False,test--train,Soybean___healthy,train\Soybean___healthy\ef0ea26f-39e3-433b-9b6d-b5ff7e8a6292___RS_HL 7249.JPG,train\Soybean___healthy\b53db8c1-1ddd-4ef3-b049-fdf63f46c400___RS_HL 5478.JPG,Soybean___healthy:::484.0,Soybean___healthy:::311.0,False
7,False,test--train,Soybean___healthy,train\Soybean___healthy\f0ff50ed-8dd1-4b17-903c-9d7840b054cb___RS_HL 3490.JPG,train\Soybean___healthy\99288898-370a-4a87-b98b-112b7a57d78e___RS_HL 5248.JPG,Soybean___healthy:::86.0,Soybean___healthy:::283.0,False
7,False,test--train,Soybean___healthy,train\Soybean___healthy\f3128ad7-73e8-4514-9d80-3cc88e1b7293___RS_HL 3131.JPG,val\Soybean___healthy\bfed1f55-5539-4624-9a65-318122c0305b___RS_HL 4130.JPG,Soybean___healthy:::50.0,Soybean___healthy:::155.0,False
7,False,test--train,Soybean___healthy,train\Soybean___healthy\f566be00-a807-44f0-8997-5bcfa23f6612___RS_HL 5299.JPG,train\Soybean___healthy\4c3f9636-42ed-4866-945f-9171379001c8___RS_HL 3885.JPG,Soybean___healthy:::289.0,Soybean___healthy:::126.0,False
7,False,test--train,Soybean___healthy,train\Soybean___healthy\f7989458-20b9-4b08-8fb1-7cf4be78dafe___RS_HL 3447.JPG,train\Soybean___healthy\8d107a33-dc39-4ae4-aa0d-cf297ba1189a___RS_HL 7509.JPG,Soybean___healthy:::82.0,Soybean___healthy:::505.0,False
7,False,test--train,Soybean___healthy,train\Soybean___healthy\f84bd9bb-e705-4781-b83c-069cfd6f139c___RS_HL 5769 1.JPG,val\Soybean___healthy\f7420dcd-b038-4427-a3dc-76619ad1ce3c___RS_HL 3390.JPG,Soybean___healthy:::359.0,Soybean___healthy:::76.0,False
7,False,test--train,Soybean___healthy,train\Soybean___healthy\fa1264f3-3318-4c93-8408-9707cf1cb6a4___RS_HL 5956.JPG,val\Soybean___healthy\ec19cdd9-d9a4-46bf-994d-fc5e609a0e84___RS_HL 6036.JPG,Soybean___healthy:::375.0,Soybean___healthy:::381.0,False
7,False,test--train,Soybean___healthy,train\Soybean___healthy\fcc84bbd-4691-4faf-9ae3-b4166e887249___RS_HL 6313.JPG,train\Soybean___healthy\f870a29f-c8df-4687-8303-f3340a1f1379___RS_HL 6885.JPG,Soybean___healthy:::403.0,Soybean___healthy:::454.0,False
7,False,test--train,Soybean___healthy,train\Soybean___healthy\fd5bcea7-2144-4f27-bb1a-e70137e482c0___RS_HL 5105.JPG,train\Soybean___healthy\0887ffcf-4173-42aa-8aa1-4a15b1ed5d0f___RS_HL 5027.JPG,Soybean___healthy:::267.0,Soybean___healthy:::258.0,False
7,False,test--train,Soybean___healthy,val\Soybean___healthy\101f29d9-0abe-4bfd-82af-2dc6c2f02d37___RS_HL 7308.JPG,train\Soybean___healthy\025fbddb-6c84-410a-9789-9461821ec1df___RS_HL 7318.JPG,Soybean___healthy:::489.0,Soybean___healthy:::490.0,False
7,False,test--train,Soybean___healthy,val\Soybean___healthy\1920024b-9501-4176-bbca-456a07697894___RS_HL 3489.JPG,train\Soybean___healthy\271930ec-e6e3-4c8c-b50e-b131d2c61deb___RS_HL 4297.JPG,Soybean___healthy:::86.0,Soybean___healthy:::178.0,False
7,False,test--train,Soybean___healthy,val\Soybean___healthy\1920024b-9501-4176-bbca-456a07697894___RS_HL 3489.JPG,train\Soybean___healthy\61fb21f5-d1fb-44e5-9a99-2a83b74c8c5a___RS_HL 6879.JPG,Soybean___healthy:::86.0,Soybean___healthy:::453.0,False
7,False,test--train,Soybean___healthy,val\Soybean___healthy\24e590e6-0dd9-4cd1-a397-a8b0a3b4bc23___RS_HL 5053.JPG,train\Soybean___healthy\288913e0-25b1-45b4-9b0f-f2b13f0bc9df___RS_HL 3632.JPG,Soybean___healthy:::261.0,Soybean___healthy:::99.0,False
7,False,test--train,Soybean___healthy,val\Soybean___healthy\56a8722c-1acf-4f63-ba8c-66df35f47791___RS_HL 6311.JPG,train\Soybean___healthy\e75b624c-b04f-4429-a066-94f11006ee67___RS_HL 4029.JPG,Soybean___healthy:::403.0,Soybean___healthy:::143.0,False
7,False,test--train,Soybean___healthy,val\Soybean___healthy\72feb332-ebb5-4c8b-be52-9d915b5c2758___RS_HL 7251.JPG,train\Soybean___healthy\7bff22d8-d436-4242-af15-01569815e71e___RS_HL 7432.JPG,Soybean___healthy:::484.0,Soybean___healthy:::498.0,False
7,False,test--train,Soybean___healthy,val\Soybean___healthy\79e695ba-1ed2-428a-b6aa-6dd4eafd4a86___RS_HL 3132.JPG,train\Soybean___healthy\14b118fd-affe-471c-a1cd-ae92b38e69b0___RS_HL 7422.JPG,Soybean___healthy:::50.0,Soybean___healthy:::497.0,False
7,False,test--train,Soybean___healthy,val\Soybean___healthy\b148716c-c0f5-48bb-a5d8-21ca31ce7611___RS_HL 3684.JPG,train\Soybean___healthy\2df143f3-3ab8-4a0d-8396-0b0bb1d6ef64___RS_HL 3385.JPG,Soybean___healthy:::104.0,Soybean___healthy:::76.0,False
7,False,test--train,Soybean___healthy,val\Soybean___healthy\be968c24-ac7b-4d45-925c-b4776a6adb73___RS_HL 5030.JPG,train\Soybean___healthy\dd425268-70d9-4214-a825-97290b954f7a___RS_HL 4144.JPG,Soybean___healthy:::259.0,Soybean___healthy:::157.0,False
7,False,test--train,Soybean___healthy,val\Soybean___healthy\be968c24-ac7b-4d45-925c-b4776a6adb73___RS_HL 5030.JPG,val\Soybean___healthy\0d95ffb5-68ae-437c-8971-4b3c3c6b6e21___RS_HL 4059.JPG,Soybean___healthy:::259.0,Soybean___healthy:::146.0,False
7,False,test--train,Soybean___healthy,val\Soybean___healthy\c2135eb9-8e38-460a-bfb5-dd8ec00bc739___RS_HL 5208.JPG,train\Soybean___healthy\4d6c59c3-2442-4840-b842-c73ba91caa44___RS_HL 4276.JPG,Soybean___healthy:::279.0,Soybean___healthy:::175.0,False
7,False,test--train,Soybean___healthy,val\Soybean___healthy\f9a407fd-cec9-4d61-ad4e-243df2243b21___RS_HL 2762.JPG,val\Soybean___healthy\d5006066-4ff3-4264-860d-0773a2418039___RS_HL 3871.JPG,Soybean___healthy:::9.0,Soybean___healthy:::125.0,False
7,False,test--train,Tomato___Bacterial_spot,train\Tomato___Bacterial_spot\05530c50-5cb9-484f-91d0-82c9df7689d5___GCREC_Bact.Sp 6051.JPG,train\Tomato___Bacterial_spot\03707c27-7f95-4f19-a173-1c0c74653fdf___GCREC_Bact.Sp 3046.JPG,Tomato___Bacterial_spot:::355.0,Tomato___Bacterial_spot:::26.0,False
7,False,test--train,Tomato___Bacterial_spot,train\Tomato___Bacterial_spot\4d02e3e4-c583-402a-adc0-b258c8a3384f___UF.GRC_BS_Lab Leaf 0287.JPG,train\Tomato___Bacterial_spot\f8efccbd-9721-4291-a095-9fb29527bbc4___UF.GRC_BS_Lab Leaf 0235.JPG,Tomato___Bacterial_spot:::449.0,Tomato___Bacterial_spot:::443.0,False
7,False,test--train,Tomato___Bacterial_spot,train\Tomato___Bacterial_spot\61c2fc74-79b0-4c16-8d6e-14d054281bc8___GCREC_Bact.Sp 3086.JPG,train\Tomato___Bacterial_spot\624cc670-b52c-4322-994d-07872d31d72c___GCREC_Bact.Sp 5979.JPG,Tomato___Bacterial_spot:::36.0,Tomato___Bacterial_spot:::337.0,False
7,False,test--train,Tomato___Bacterial_spot,train\Tomato___Bacterial_spot\61c2fc74-79b0-4c16-8d6e-14d054281bc8___GCREC_Bact.Sp 3086.JPG,train\Tomato___Bacterial_spot\f2f807a2-8777-4a1f-a33b-d1826d9d36c8___GCREC_Bact.Sp 3786.JPG,Tomato___Bacterial_spot:::36.0,Tomato___Bacterial_spot:::210.0,False
7,False,test--train,Tomato___Bacterial_spot,train\Tomato___Bacterial_spot\641aa012-41e5-4e85-bac4-1d81bd67be58___GCREC_Bact.Sp 5665.JPG,train\Tomato___Bacterial_spot\6e66897f-e901-41e2-990b-54f8117b792e___GCREC_Bact.Sp 5761.JPG,Tomato___Bacterial_spot:::259.0,Tomato___Bacterial_spot:::283.0,False
7,False,test--train,Tomato___Bacterial_spot,train\Tomato___Bacterial_spot\855bbef5-e9fc-4c0c-b3cc-d9321fa9596e___GCREC_Bact.Sp 5947.JPG,train\Tomato___Bacterial_spot\35411663-291f-4dbd-a89f-7d9c8eb01d56___GCREC_Bact.Sp 3158.JPG,Tomato___Bacterial_spot:::329.0,Tomato___Bacterial_spot:::54.0,False
7,False,test--train,Tomato___Bacterial_spot,train\Tomato___Bacterial_spot\855bbef5-e9fc-4c0c-b3cc-d9321fa9596e___GCREC_Bact.Sp 5947.JPG,train\Tomato___Bacterial_spot\a8c12fae-22eb-46c8-a7dc-374225d050ba___GCREC_Bact.Sp 3122.JPG,Tomato___Bacterial_spot:::329.0,Tomato___Bacterial_spot:::45.0,False
7,False,test--train,Tomato___Bacterial_spot,train\Tomato___Bacterial_spot\855bbef5-e9fc-4c0c-b3cc-d9321fa9596e___GCREC_Bact.Sp 5947.JPG,train\Tomato___Bacterial_spot\ae56e1f5-973e-4d9a-9d7e-25233f6d2c25___GCREC_Bact.Sp 3632.JPG,Tomato___Bacterial_spot:::329.0,Tomato___Bacterial_spot:::172.0,False
7,False,test--train,Tomato___Bacterial_spot,train\Tomato___Bacterial_spot\c0e3fc41-4d61-4a2d-a1e0-f5d658803182___GCREC_Bact.Sp 5975.JPG,val\Tomato___Bacterial_spot\1552a68d-efde-4536-b883-f6da947f5a33___GCREC_Bact.Sp 5583.JPG,Tomato___Bacterial_spot:::336.0,Tomato___Bacterial_spot:::239.0,False
7,False,test--train,Tomato___Bacterial_spot,train\Tomato___Bacterial_spot\f1f7f16d-7794-4ac9-9962-32a5320d38fd___GCREC_Bact.Sp 6234.JPG,val\Tomato___Bacterial_spot\6651bd20-f9ca-4a0b-b49f-943a535e070a___GCREC_Bact.Sp 6152.JPG,Tomato___Bacterial_spot:::400.0,Tomato___Bacterial_spot:::380.0,False
7,False,test--train,Tomato___Bacterial_spot,val\Tomato___Bacterial_spot\b5f208b2-bfa5-4542-bbd3-265519820575___GCREC_Bact.Sp 6127.JPG,train\Tomato___Bacterial_spot\360c7149-e544-48d4-bed2-2b03a10cbfe4___GCREC_Bact.Sp 2988.JPG,Tomato___Bacterial_spot:::374.0,Tomato___Bacterial_spot:::11.0,False
7,False,test--train,Tomato___Bacterial_spot,val\Tomato___Bacterial_spot\b5f208b2-bfa5-4542-bbd3-265519820575___GCREC_Bact.Sp 6127.JPG,train\Tomato___Bacterial_spot\3b41dc98-4539-4b3d-9400-2867156db0fc___GCREC_Bact.Sp 3483.JPG,Tomato___Bacterial_spot:::374.0,Tomato___Bacterial_spot:::135.0,False
7,False,test--train,Tomato___Bacterial_spot,val\Tomato___Bacterial_spot\eed063ad-2337-413d-95be-3598f7a15942___GCREC_Bact.Sp 5663.JPG,train\Tomato___Bacterial_spot\b9d57ea9-6651-4a64-a6ec-6551ac190d5c___GCREC_Bact.Sp 3078.JPG,Tomato___Bacterial_spot:::259.0,Tomato___Bacterial_spot:::34.0,False
7,False,test--train,Tomato___Late_blight,train\Tomato___Late_blight\04540250-4926-47a6-9240-e047a04befc5___GHLB2 Leaf 9019.JPG,train\Tomato___Late_blight\01c391d2-1b3a-4b58-b205-a75674bba6e9___GHLB2 Leaf 8824.JPG,,,True
7,False,test--train,Tomato___Late_blight,train\Tomato___Late_blight\1a9a2cbf-75f3-4dd9-93ef-3d3c58e97d06___GHLB2 Leaf 8666.JPG,train\Tomato___Late_blight\40ad58d9-f6ab-4487-a150-e2da47f733f1___GHLB2 Leaf 8665.JPG,,,True
7,False,test--train,Tomato___Late_blight,train\Tomato___Late_blight\3f5d6de4-0966-4798-b142-78c4fb4097b5___GHLB2 Leaf 8628.JPG,val\Tomato___Late_blight\9d849fe1-407c-44dc-9f48-92fd23d0887d___GHLB2 Leaf 8624.JPG,,,True
7,False,test--train,Tomato___Late_blight,train\Tomato___Late_blight\91cb766d-bbfe-405b-8211-8dbfb6888c12___GHLB2 Leaf 8963.JPG,train\Tomato___Late_blight\56c7bdb1-9b7e-40fc-8ec5-97e20770426b___GHLB2 Leaf 8951.JPG,,,True
7,False,test--train,Tomato___Late_blight,train\Tomato___Late_blight\974a15f0-913a-41ab-b5a4-30015f159902___GHLB2 Leaf 8792.JPG,train\Tomato___Late_blight\7f533ee8-1d72-486e-b2a6-b5ef2ac7cc88___GHLB2 Leaf 8837.JPG,,,True
7,False,test--train,Tomato___Late_blight,train\Tomato___Late_blight\aae99313-6183-4d7d-832f-f5af6d1522fc___GHLB2 Leaf 8950.JPG,train\Tomato___Late_blight\953f355a-fd2c-433e-8292-a8c1908e000e___GHLB2 Leaf 8853.JPG,,,True
7,False,test--train,Tomato___Late_blight,train\Tomato___Late_blight\efe3a784-f4d6-4635-bef8-c81fffeee36b___GHLB2 Leaf 8651.JPG,train\Tomato___Late_blight\3a051073-6326-43f1-bd93-a3c69661a87f___GHLB2 Leaf 8655.JPG,,,True
7,False,test--train,Tomato___Late_blight,val\Tomato___Late_blight\78863d29-72bb-494d-8f05-c5648130283f___GHLB2 Leaf 9112.JPG,train\Tomato___Late_blight\09e2fe63-c535-4986-a697-ed275752dc75___GHLB2 Leaf 9030.JPG,,,True
7,False,test--train,Tomato___Late_blight,val\Tomato___Late_blight\8f268f79-0230-4dfb-a7e9-e68bb506798e___GHLB2 Leaf 8739.JPG,train\Tomato___Late_blight\7f533ee8-1d72-486e-b2a6-b5ef2ac7cc88___GHLB2 Leaf 8837.JPG,,,True
7,False,test--train,Tomato___Leaf_Mold,train\Tomato___Leaf_Mold\02415b3d-2ba8-4654-8398-a480ad901bbf___Crnl_L.Mold 8645.JPG,train\Tomato___Leaf_Mold\b190b148-9621-404b-a3a1-e697d2d40f42___Crnl_L.Mold 8656.JPG,Tomato___Leaf_Mold:::136.0,Tomato___Leaf_Mold:::138.0,False
7,False,test--train,Tomato___Leaf_Mold,train\Tomato___Leaf_Mold\c259c11b-b958-4179-b09f-47e69419941a___Crnl_L.Mold 6803.JPG,train\Tomato___Leaf_Mold\e59a2933-7869-4e49-8ed5-1663ca5200d1___Crnl_L.Mold 6785.JPG,Tomato___Leaf_Mold:::60.0,Tomato___Leaf_Mold:::57.0,False
7,False,test--train,Tomato___Leaf_Mold,train\Tomato___Leaf_Mold\fd686c68-9a4a-4d11-98fa-7c612aff9fd4___Crnl_L.Mold 6974.JPG,train\Tomato___Leaf_Mold\b1299841-6001-40d1-aa5c-90f5e289fbf1___Crnl_L.Mold 6887.JPG,Tomato___Leaf_Mold:::92.0,Tomato___Leaf_Mold:::75.0,False
7,False,test--train,Tomato___Spider_mites Two-spotted_spider_mite,train\Tomato___Spider_mites Two-spotted_spider_mite\003b7929-a364-4e74-be1c-37c4c0a6ec63___Com.G_SpM_FL 1414.JPG,train\Tomato___Spider_mites Two-spotted_spider_mite\bbee7d02-f526-40c3-a603-a950ef0825e6___Com.G_SpM_FL 1458.JPG,Tomato___Spider_mites Two-spotted_spider_mite:::71.0,Tomato___Spider_mites Two-spotted_spider_mite:::82.0,False
7,False,test--train,Tomato___Spider_mites Two-spotted_spider_mite,train\Tomato___Spider_mites Two-spotted_spider_mite\003b7929-a364-4e74-be1c-37c4c0a6ec63___Com.G_SpM_FL 1414.JPG,train\Tomato___Spider_mites Two-spotted_spider_mite\e7bb19cf-14e4-4519-9113-0588195b1275___Com.G_SpM_FL 1141.JPG,Tomato___Spider_mites Two-spotted_spider_mite:::71.0,Tomato___Spider_mites Two-spotted_spider_mite:::3.0,False
7,False,test--train,Tomato___Spider_mites Two-spotted_spider_mite,train\Tomato___Spider_mites Two-spotted_spider_mite\2db25538-8655-4530-95e8-025d428e158c___Com.G_SpM_FL 9522.JPG,train\Tomato___Spider_mites Two-spotted_spider_mite\4d6d5c99-09de-4dea-a9af-802ce6a095b8___Com.G_SpM_FL 9649.JPG,Tomato___Spider_mites Two-spotted_spider_mite:::386.0,Tomato___Spider_mites Two-spotted_spider_mite:::417.0,False
7,False,test--train,Tomato___Spider_mites Two-spotted_spider_mite,train\Tomato___Spider_mites Two-spotted_spider_mite\3b12d772-00c3-4cf9-9e2f-25f6aa027790___Com.G_SpM_FL 1244.JPG,train\Tomato___Spider_mites Two-spotted_spider_mite\16826b8c-034f-4db2-bd96-db82b5b26c67___Com.G_SpM_FL 1551.JPG,Tomato___Spider_mites Two-spotted_spider_mite:::28.0,Tomato___Spider_mites Two-spotted_spider_mite:::104.0,False
7,False,test--train,Tomato___Spider_mites Two-spotted_spider_mite,train\Tomato___Spider_mites Two-spotted_spider_mite\81ba2ad9-db9d-452e-80bd-54aca04c7ca5___Com.G_SpM_FL 8731.JPG,train\Tomato___Spider_mites Two-spotted_spider_mite\61425a6d-4f24-4306-b085-f91143e04be9___Com.G_SpM_FL 1385.JPG,Tomato___Spider_mites Two-spotted_spider_mite:::241.0,Tomato___Spider_mites Two-spotted_spider_mite:::63.0,False
7,False,test--train,Tomato___Spider_mites Two-spotted_spider_mite,train\Tomato___Spider_mites Two-spotted_spider_mite\8d3dee7d-c032-412b-81dc-40fd160be9f2___Com.G_SpM_FL 1478.JPG,train\Tomato___Spider_mites Two-spotted_spider_mite\baf7d9c0-d6fc-4cda-a5a1-6697b1e4a38b___Com.G_SpM_FL 1696.JPG,Tomato___Spider_mites Two-spotted_spider_mite:::86.0,Tomato___Spider_mites Two-spotted_spider_mite:::140.0,False
7,False,test--train,Tomato___Spider_mites Two-spotted_spider_mite,train\Tomato___Spider_mites Two-spotted_spider_mite\c4430ef6-bf01-4d6f-821b-0c87556db806___Com.G_SpM_FL 8880.JPG,train\Tomato___Spider_mites Two-spotted_spider_mite\57947620-7dfb-4197-8e9a-c78b56e43ba4___Com.G_SpM_FL 9527.JPG,Tomato___Spider_mites Two-spotted_spider_mite:::279.0,Tomato___Spider_mites Two-spotted_spider_mite:::387.0,False
7,False,test--train,Tomato___Spider_mites Two-spotted_spider_mite,train\Tomato___Spider_mites Two-spotted_spider_mite\c4430ef6-bf01-4d6f-821b-0c87556db806___Com.G_SpM_FL 8880.JPG,train\Tomato___Spider_mites Two-spotted_spider_mite\bdc998dc-38ff-44e3-bd1d-1e5a702ac37a___Com.G_SpM_FL 1503.JPG,Tomato___Spider_mites Two-spotted_spider_mite:::279.0,Tomato___Spider_mites Two-spotted_spider_mite:::93.0,False
7,False,test--train,Tomato___Spider_mites Two-spotted_spider_mite,train\Tomato___Spider_mites Two-spotted_spider_mite\d4e45af9-ab53-4ed4-a534-ad10c11fb7c6___Com.G_SpM_FL 8469.JPG,train\Tomato___Spider_mites Two-spotted_spider_mite\ac1d7686-c250-47b4-a16d-046305b99d2a___Com.G_SpM_FL 8725.JPG,Tomato___Spider_mites Two-spotted_spider_mite:::176.0,Tomato___Spider_mites Two-spotted_spider_mite:::240.0,False
7,False,test--train,Tomato___Spider_mites Two-spotted_spider_mite,train\Tomato___Spider_mites Two-spotted_spider_mite\e8c55c07-a9fe-4fcb-8e45-846cfe14eb59___Com.G_SpM_FL 1501.JPG,train\Tomato___Spider_mites Two-spotted_spider_mite\fe71b883-7106-4a92-85b6-09e6015ff0ff___Com.G_SpM_FL 9303.JPG,Tomato___Spider_mites Two-spotted_spider_mite:::92.0,Tomato___Spider_mites Two-spotted_spider_mite:::332.0,False
7,False,test--train,Tomato___Spider_mites Two-spotted_spider_mite,val\Tomato___Spider_mites Two-spotted_spider_mite\24fa8aac-1c5b-4bf4-81e1-be5d658e1838___Com.G_SpM_FL 9602.JPG,train\Tomato___Spider_mites Two-spotted_spider_mite\08f0fd0e-d4b1-400d-9df1-2d61d24c95f0___Com.G_SpM_FL 9397.JPG,Tomato___Spider_mites Two-spotted_spider_mite:::406.0,Tomato___Spider_mites Two-spotted_spider_mite:::355.0,False
7,False,test--train,Tomato___Spider_mites Two-spotted_spider_mite,val\Tomato___Spider_mites Two-spotted_spider_mite\3eb2dbc2-ea12-40b3-9d38-11d5bfa97af1___Com.G_SpM_FL 9316.JPG,train\Tomato___Spider_mites Two-spotted_spider_mite\aee44f04-6634-41ee-9208-56838fbbc822___Com.G_SpM_FL 9278.JPG,Tomato___Spider_mites Two-spotted_spider_mite:::335.0,Tomato___Spider_mites Two-spotted_spider_mite:::326.0,False
7,False,test--train,Tomato___Spider_mites Two-spotted_spider_mite,val\Tomato___Spider_mites Two-spotted_spider_mite\72e9c57b-b2c7-4ce2-a2c8-e5fbb1524a1e___Com.G_SpM_FL 1293.JPG,train\Tomato___Spider_mites Two-spotted_spider_mite\c8d652a6-a7a7-496b-9535-7015e3f67c95___Com.G_SpM_FL 8492.JPG,Tomato___Spider_mites Two-spotted_spider_mite:::41.0,Tomato___Spider_mites Two-spotted_spider_mite:::182.0,False
7,False,test--train,Tomato___Spider_mites Two-spotted_spider_mite,val\Tomato___Spider_mites Two-spotted_spider_mite\878ca009-c79a-4449-b280-c9a48b8c2322___Com.G_SpM_FL 1502.JPG,val\Tomato___Spider_mites Two-spotted_spider_mite\7947ab60-0ec9-4e57-a8bd-32ba4ddaa8f7___Com.G_SpM_FL 1426.JPG,Tomato___Spider_mites Two-spotted_spider_mite:::92.0,Tomato___Spider_mites Two-spotted_spider_mite:::74.0,False
7,False,test--train,Tomato___Spider_mites Two-spotted_spider_mite,val\Tomato___Spider_mites Two-spotted_spider_mite\b0b458de-2ce8-46a1-815f-db2e513130fc___Com.G_SpM_FL 1416.JPG,train\Tomato___Spider_mites Two-spotted_spider_mite\54a61499-2018-48f7-a77f-90531d1483b9___Com.G_SpM_FL 8586.JPG,Tomato___Spider_mites Two-spotted_spider_mite:::71.0,Tomato___Spider_mites Two-spotted_spider_mite:::205.0,False
7,False,test--train,Tomato___Target_Spot,train\Tomato___Target_Spot\0c91af09-0ad7-46a1-844b-edfd6af34df2___Com.G_TgS_FL 9776.JPG,train\Tomato___Target_Spot\9a8a98fe-5fd4-4630-bd49-35cfd3672e8b___Com.G_TgS_FL 9706.JPG,,,True
7,False,test--train,Tomato___Target_Spot,val\Tomato___Target_Spot\100058f3-57c8-4237-b57b-b46a48db3730___Com.G_TgS_FL 7973.JPG,val\Tomato___Target_Spot\e9e2afc6-6e16-4e16-8592-1023163a97a1___Com.G_TgS_FL 9785.JPG,,,True
7,False,test--train,Tomato___Tomato_Yellow_Leaf_Curl_Virus,train\Tomato___Tomato_Yellow_Leaf_Curl_Virus\1caa682c-2a12-483d-96a3-a9548428fb27___YLCV_GCREC 5497.JPG,train\Tomato___Tomato_Yellow_Leaf_Curl_Virus\57b31c9e-51bb-49c9-8950-91a4e27eca5f___YLCV_GCREC 2764.JPG,Tomato___Tomato_Yellow_Leaf_Curl_Virus:::357.0,Tomato___Tomato_Yellow_Leaf_Curl_Virus:::217.0,False
7,False,test--train,Tomato___Tomato_Yellow_Leaf_Curl_Virus,train\Tomato___Tomato_Yellow_Leaf_Curl_Virus\1caa682c-2a12-483d-96a3-a9548428fb27___YLCV_GCREC 5497.JPG,train\Tomato___Tomato_Yellow_Leaf_Curl_Virus\6a34e6d5-2acf-4d90-9e06-40368b092223___YLCV_NREC 2206.JPG,Tomato___Tomato_Yellow_Leaf_Curl_Virus:::357.0,Tomato___Tomato_Yellow_Leaf_Curl_Virus:::489.0,False
7,False,test--train,Tomato___Tomato_Yellow_Leaf_Curl_Virus,train\Tomato___Tomato_Yellow_Leaf_Curl_Virus\43aae6d1-40ae-42f4-8b71-ae9351683a90___UF.GRC_YLCV_Lab 02661.JPG,train\Tomato___Tomato_Yellow_Leaf_Curl_Virus\cbb89fbc-4607-4166-a45e-6c1d232056c2___UF.GRC_YLCV_Lab 02660.JPG,,,True
7,False,test--train,Tomato___Tomato_Yellow_Leaf_Curl_Virus,train\Tomato___Tomato_Yellow_Leaf_Curl_Virus\46476c84-3651-4706-af74-ccda9fb43719___UF.GRC_YLCV_Lab 08496.JPG,val\Tomato___Tomato_Yellow_Leaf_Curl_Virus\011e0c03-244b-4a90-b087-dececd2828fa___YLCV_NREC 2785.JPG,,Tomato___Tomato_Yellow_Leaf_Curl_Virus:::634.0,True
7,False,test--train,Tomato___Tomato_Yellow_Leaf_Curl_Virus,train\Tomato___Tomato_Yellow_Leaf_Curl_Virus\4a5b0a30-27ff-400d-ad0c-0ee1e68df21b___UF.GRC_YLCV_Lab 02840.JPG,train\Tomato___Tomato_Yellow_Leaf_Curl_Virus\6ad92a75-7e03-4f29-b5a5-072711c425c5___UF.GRC_YLCV_Lab 02855.JPG,,,True
7,False,test--train,Tomato___Tomato_Yellow_Leaf_Curl_Virus,train\Tomato___Tomato_Yellow_Leaf_Curl_Virus\655f498e-9433-4be3-8498-e9d52a5aaff3___YLCV_GCREC 2652.JPG,train\Tomato___Tomato_Yellow_Leaf_Curl_Virus\44baf3f0-00ee-4a18-b5de-5bd3e7c24f2b___YLCV_GCREC 2634.JPG,Tomato___Tomato_Yellow_Leaf_Curl_Virus:::189.0,Tomato___Tomato_Yellow_Leaf_Curl_Virus:::185.0,False
7,False,test--train,Tomato___Tomato_Yellow_Leaf_Curl_Virus,train\Tomato___Tomato_Yellow_Leaf_Curl_Virus\655f498e-9433-4be3-8498-e9d52a5aaff3___YLCV_GCREC 2652.JPG,train\Tomato___Tomato_Yellow_Leaf_Curl_Virus\63ea67e8-a1ed-4609-b190-b1f66db354f1___YLCV_NREC 2137.JPG,Tomato___Tomato_Yellow_Leaf_Curl_Virus:::189.0,Tomato___Tomato_Yellow_Leaf_Curl_Virus:::472.0,False
7,False,test--train,Tomato___Tomato_Yellow_Leaf_Curl_Virus,train\Tomato___Tomato_Yellow_Leaf_Curl_Virus\73e4f052-4dac-4a8c-b34f-4bcf5398fc7c___UF.GRC_YLCV_Lab 02010.JPG,train\Tomato___Tomato_Yellow_Leaf_Curl_Virus\4bbea2ea-4b27-4d49-865e-0f8ddcab99de___UF.GRC_YLCV_Lab 02011.JPG,,,True
7,False,test--train,Tomato___Tomato_Yellow_Leaf_Curl_Virus,train\Tomato___Tomato_Yellow_Leaf_Curl_Virus\77ff5acd-ba42-437f-9e23-52006c902db0___UF.GRC_YLCV_Lab 08469.JPG,train\Tomato___Tomato_Yellow_Leaf_Curl_Virus\d4135cbe-93ee-4736-b728-9fa8bfa87774___UF.GRC_YLCV_Lab 08468.JPG,,,True
7,False,test--train,Tomato___Tomato_Yellow_Leaf_Curl_Virus,train\Tomato___Tomato_Yellow_Leaf_Curl_Virus\7c215f7a-4aaf-4461-a727-7e4777daa562___UF.GRC_YLCV_Lab 01624.JPG,val\Tomato___Tomato_Yellow_Leaf_Curl_Virus\f6f313b5-a12a-4d0e-8d3d-63ea26b76985___UF.GRC_YLCV_Lab 01630.JPG,,,True
7,False,test--train,Tomato___Tomato_Yellow_Leaf_Curl_Virus,train\Tomato___Tomato_Yellow_Leaf_Curl_Virus\884c75d8-4cb8-40d3-9730-8ece772595a0___UF.GRC_YLCV_Lab 09537.JPG,train\Tomato___Tomato_Yellow_Leaf_Curl_Virus\2cf77de4-b5cd-404b-8949-53c5687d3936___UF.GRC_YLCV_Lab 09541.JPG,,,True
7,False,test--train,Tomato___Tomato_Yellow_Leaf_Curl_Virus,train\Tomato___Tomato_Yellow_Leaf_Curl_Virus\9c1adbe5-7451-49fc-adab-141f97949ac1___YLCV_GCREC 2650.JPG,train\Tomato___Tomato_Yellow_Leaf_Curl_Virus\077f081a-67f2-48d2-8084-53b912e65f3c___YLCV_GCREC 2935.JPG,Tomato___Tomato_Yellow_Leaf_Curl_Virus:::189.0,Tomato___Tomato_Yellow_Leaf_Curl_Virus:::260.0,False
7,False,test--train,Tomato___Tomato_Yellow_Leaf_Curl_Virus,train\Tomato___Tomato_Yellow_Leaf_Curl_Virus\9c1adbe5-7451-49fc-adab-141f97949ac1___YLCV_GCREC 2650.JPG,train\Tomato___Tomato_Yellow_Leaf_Curl_Virus\31279c96-5380-4084-9568-4c2494bbe9ac___YLCV_GCREC 5380.JPG,Tomato___Tomato_Yellow_Leaf_Curl_Virus:::189.0,Tomato___Tomato_Yellow_Leaf_Curl_Virus:::328.0,False
7,False,test--train,Tomato___Tomato_Yellow_Leaf_Curl_Virus,train\Tomato___Tomato_Yellow_Leaf_Curl_Virus\a662a4ac-6f3d-4a2b-993e-448608bf97e3___UF.GRC_YLCV_Lab 01649.JPG,val\Tomato___Tomato_Yellow_Leaf_Curl_Virus\dcc7144e-9350-4646-b321-234920fe46ef___UF.GRC_YLCV_Lab 01653.JPG,,,True
7,False,test--train,Tomato___Tomato_Yellow_Leaf_Curl_Virus,train\Tomato___Tomato_Yellow_Leaf_Curl_Virus\adc39e1b-cbf8-4265-9285-cb5a62e7b803___YLCV_GCREC 2744.JPG,train\Tomato___Tomato_Yellow_Leaf_Curl_Virus\e282562f-2754-4412-8673-fa96e572ff1d___YLCV_GCREC 2800.JPG,Tomato___Tomato_Yellow_Leaf_Curl_Virus:::212.0,Tomato___Tomato_Yellow_Leaf_Curl_Virus:::226.0,False
7,False,test--train,Tomato___Tomato_Yellow_Leaf_Curl_Virus,train\Tomato___Tomato_Yellow_Leaf_Curl_Virus\b056a7d8-49bb-495a-bc7a-c699f804c7ea___YLCV_NREC 0212.JPG,train\Tomato___Tomato_Yellow_Leaf_Curl_Virus\47744ad1-e745-46f0-811b-ea825c79d664___YLCV_GCREC 5518.JPG,Tomato___Tomato_Yellow_Leaf_Curl_Virus:::408.0,Tomato___Tomato_Yellow_Leaf_Curl_Virus:::362.0,False
7,False,test--train,Tomato___Tomato_Yellow_Leaf_Curl_Virus,train\Tomato___Tomato_Yellow_Leaf_Curl_Virus\b056a7d8-49bb-495a-bc7a-c699f804c7ea___YLCV_NREC 0212.JPG,train\Tomato___Tomato_Yellow_Leaf_Curl_Virus\9a1d3db0-de93-4108-a1e6-612c7e107f93___YLCV_GCREC 2736.JPG,Tomato___Tomato_Yellow_Leaf_Curl_Virus:::408.0,Tomato___Tomato_Yellow_Leaf_Curl_Virus:::210.0,False
7,False,test--train,Tomato___Tomato_Yellow_Leaf_Curl_Virus,train\Tomato___Tomato_Yellow_Leaf_Curl_Virus\ba1232d4-0334-41c3-a4ce-ff0827d008cf___UF.GRC_YLCV_Lab 02194.JPG,val\Tomato___Tomato_Yellow_Leaf_Curl_Virus\d2647521-b264-47bb-ac13-4fd3c61390d1___UF.GRC_YLCV_Lab 02195.JPG,,,True
7,False,test--train,Tomato___Tomato_Yellow_Leaf_Curl_Virus,train\Tomato___Tomato_Yellow_Leaf_Curl_Virus\d763fcb9-4407-4bc9-91f6-b43ef24a5e1a___UF.GRC_YLCV_Lab 02671.JPG,val\Tomato___Tomato_Yellow_Leaf_Curl_Virus\8bd55b06-6ef9-44eb-94c3-99e679e6021b___UF.GRC_YLCV_Lab 02659.JPG,,,True
7,False,test--train,Tomato___Tomato_Yellow_Leaf_Curl_Virus,train\Tomato___Tomato_Yellow_Leaf_Curl_Virus\e7fdf3f1-863c-4139-8f86-e9240d3417a4___UF.GRC_YLCV_Lab 03163.JPG,train\Tomato___Tomato_Yellow_Leaf_Curl_Virus\9ba54ed6-4cfa-405c-a851-c942cd24c96f___UF.GRC_YLCV_Lab 03162.JPG,,,True
7,False,test--train,Tomato___Tomato_Yellow_Leaf_Curl_Virus,train\Tomato___Tomato_Yellow_Leaf_Curl_Virus\f0b84f9a-8c3e-4420-a82f-bd000167d219___YLCV_NREC 2947.JPG,train\Tomato___Tomato_Yellow_Leaf_Curl_Virus\67727242-9c27-4ab5-8b7b-2ae2a33080c8___YLCV_NREC 2750.JPG,Tomato___Tomato_Yellow_Leaf_Curl_Virus:::674.0,Tomato___Tomato_Yellow_Leaf_Curl_Virus:::625.0,False
7,False,test--train,Tomato___Tomato_Yellow_Leaf_Curl_Virus,train\Tomato___Tomato_Yellow_Leaf_Curl_Virus\f74a7680-7b4e-47b2-8eef-e5274847ca9c___YLCV_GCREC 2219.JPG,train\Tomato___Tomato_Yellow_Leaf_Curl_Virus\95614d3c-63eb-450a-b60d-ae70156689c9___YLCV_GCREC 2768.JPG,Tomato___Tomato_Yellow_Leaf_Curl_Virus:::81.0,Tomato___Tomato_Yellow_Leaf_Curl_Virus:::218.0,False
7,False,test--train,Tomato___Tomato_Yellow_Leaf_Curl_Virus,train\Tomato___Tomato_Yellow_Leaf_Curl_Virus\fafa446d-bbd4-4fe2-a0a8-72472392548e___UF.GRC_YLCV_Lab 03233.JPG,val\Tomato___Tomato_Yellow_Leaf_Curl_Virus\57faea2c-eb21-4af3-95f9-87ccef203c42___UF.GRC_YLCV_Lab 03232.JPG,,,True
7,False,test--train,Tomato___Tomato_Yellow_Leaf_Curl_Virus,val\Tomato___Tomato_Yellow_Leaf_Curl_Virus\162a2c9a-53ec-468c-bbaa-145e7acdb8db___UF.GRC_YLCV_Lab 02537.JPG,train\Tomato___Tomato_Yellow_Leaf_Curl_Virus\53881cde-cbe3-4d32-87f6-9980cd247508___UF.GRC_YLCV_Lab 02531.JPG,,,True
7,False,test--train,Tomato___Tomato_Yellow_Leaf_Curl_Virus,val\Tomato___Tomato_Yellow_Leaf_Curl_Virus\162a2c9a-53ec-468c-bbaa-145e7acdb8db___UF.GRC_YLCV_Lab 02537.JPG,train\Tomato___Tomato_Yellow_Leaf_Curl_Virus\6bc71828-8107-4cf7-9da1-54ac9f7c73da___UF.GRC_YLCV_Lab 02534.JPG,,,True
7,False,test--train,Tomato___Tomato_Yellow_Leaf_Curl_Virus,val\Tomato___Tomato_Yellow_Leaf_Curl_Virus\802fa81e-91e9-4b19-854e-deaf0f72beb5___YLCV_NREC 2895.JPG,train\Tomato___Tomato_Yellow_Leaf_Curl_Virus\adc3a730-4492-412b-b282-23a43f68a516___YLCV_NREC 0304.JPG,Tomato___Tomato_Yellow_Leaf_Curl_Virus:::661.0,Tomato___Tomato_Yellow_Leaf_Curl_Virus:::431.0,False
7,False,test--train,Tomato___Tomato_Yellow_Leaf_Curl_Virus,val\Tomato___Tomato_Yellow_Leaf_Curl_Virus\80bfd3c9-0308-466f-b250-fdce8f8eafe2___YLCV_GCREC 2728.JPG,train\Tomato___Tomato_Yellow_Leaf_Curl_Virus\82bfedaf-02ec-47df-b93d-86afa55ed895___YLCV_GCREC 2752.JPG,Tomato___Tomato_Yellow_Leaf_Curl_Virus:::208.0,Tomato___Tomato_Yellow_Leaf_Curl_Virus:::214.0,False
7,False,test--train,Tomato___Tomato_Yellow_Leaf_Curl_Virus,val\Tomato___Tomato_Yellow_Leaf_Curl_Virus\aa59ae39-6041-4e78-8c25-9c26f6bd585f___YLCV_GCREC 5498.JPG,train\Tomato___Tomato_Yellow_Leaf_Curl_Virus\0dc37de6-047f-43d5-8b83-cd50628b1606___YLCV_NREC 2611.JPG,Tomato___Tomato_Yellow_Leaf_Curl_Virus:::357.0,Tomato___Tomato_Yellow_Leaf_Curl_Virus:::590.0,False
7,False,test--train,Tomato___Tomato_Yellow_Leaf_Curl_Virus,val\Tomato___Tomato_Yellow_Leaf_Curl_Virus\bdba6b3a-019c-432d-921f-d5cf7614687b___UF.GRC_YLCV_Lab 02575.JPG,train\Tomato___Tomato_Yellow_Leaf_Curl_Virus\20ab92ef-69fb-40ca-9410-4d34c97b5638___UF.GRC_YLCV_Lab 02574.JPG,,,True
7,False,test--train,Tomato___Tomato_Yellow_Leaf_Curl_Virus,val\Tomato___Tomato_Yellow_Leaf_Curl_Virus\c7328a1e-ca49-4576-b106-0efe6a5409a6___UF.GRC_YLCV_Lab 02617.JPG,train\Tomato___Tomato_Yellow_Leaf_Curl_Virus\2c63abde-6c3f-422f-861d-ef78dce24a3c___UF.GRC_YLCV_Lab 02630.JPG,,,True
7,False,test--train,Tomato___Tomato_Yellow_Leaf_Curl_Virus,val\Tomato___Tomato_Yellow_Leaf_Curl_Virus\c7328a1e-ca49-4576-b106-0efe6a5409a6___UF.GRC_YLCV_Lab 02617.JPG,val\Tomato___Tomato_Yellow_Leaf_Curl_Virus\8c4a2a09-d478-47d6-a0ae-90e30578e943___UF.GRC_YLCV_Lab 02623.JPG,,,True
7,False,test--train,Tomato___Tomato_Yellow_Leaf_Curl_Virus,val\Tomato___Tomato_Yellow_Leaf_Curl_Virus\eb23af5e-64f8-4402-b91d-8cac0ae8d064___UF.GRC_YLCV_Lab 01275.JPG,val\Tomato___Tomato_Yellow_Leaf_Curl_Virus\ae620115-c69b-4ff4-bc62-cd67175c94e4___UF.GRC_YLCV_Lab 01274.JPG,,,True
7,False,test--train,Tomato___healthy,train\Tomato___healthy\63612a6e-c1f1-4ae1-9741-52c28b264dfa___GH_HL Leaf 464.JPG,train\Tomato___healthy\4ce6844e-2a92-47aa-9115-0eb1a9a0611c___GH_HL Leaf 464.1.JPG,,,True
7,False,test--train,Tomato___healthy,train\Tomato___healthy\e545c1a3-4e0a-4951-be42-4d41a14441d7___GH_HL Leaf 211.JPG,train\Tomato___healthy\247e79d6-1874-4ce4-a777-a03a4f94edbf___GH_HL Leaf 211.1.JPG,,,True
7,False,test--train,Tomato___healthy,train\Tomato___healthy\fe0b76dc-4263-4cda-8840-310ebe72a432___GH_HL Leaf 490.JPG,train\Tomato___healthy\5c51ad21-b0e9-4b61-8980-d5e7a225b594___GH_HL Leaf 485.JPG,,,True
7,False,test--train,Tomato___healthy,train\Tomato___healthy\fe0b76dc-4263-4cda-8840-310ebe72a432___GH_HL Leaf 490.JPG,train\Tomato___healthy\7ad747e8-af36-4128-a819-b35e55c93b56___GH_HL Leaf 489.1.JPG,,,True
7,False,test--train,Tomato___healthy,val\Tomato___healthy\f65afb75-30bc-4d44-adbd-d262ebe07ad5___GH_HL Leaf 222.1.JPG,train\Tomato___healthy\51fda747-5f6a-4870-a874-2a53f706c015___GH_HL Leaf 220.1.JPG,,,True
7,False,test--validation,Cherry_(including_sour)___healthy,train\Cherry_(including_sour)___healthy\e681961f-9b24-4191-b3e3-2e9a5b48f3b5___JR_HL 9630.JPG,train\Cherry_(including_sour)___healthy\25dd43a5-9a2b-4051-abdc-1f3a6311915a___JR_HL 9516.JPG,Cherry_(including_sour)___healthy:::68.0,Cherry_(including_sour)___healthy:::52.0,False
7,False,test--validation,Corn_(maize)___Common_rust_,train\Corn_(maize)___Common_rust_\RS_Rust 2532.JPG,train\Corn_(maize)___Common_rust_\RS_Rust 1594.JPG,,,True
7,False,test--validation,Corn_(maize)___Common_rust_,train\Corn_(maize)___Common_rust_\RS_Rust 2532.JPG,train\Corn_(maize)___Common_rust_\RS_Rust 2439.JPG,,,True
7,False,test--validation,Corn_(maize)___Common_rust_,train\Corn_(maize)___Common_rust_\RS_Rust 2532.JPG,val\Corn_(maize)___Common_rust_\RS_Rust 1886.JPG,,,True
7,False,test--validation,Grape___Black_rot,train\Grape___Black_rot\61c865cc-fecf-437d-aa7d-e1d836723f62___FAM_B.Rot 3040.JPG,train\Grape___Black_rot\5092a40d-5a54-4969-ba1b-81021732a6a1___FAM_B.Rot 3477.JPG,Grape___Black_rot:::122.0,Grape___Black_rot:::231.0,False
7,False,test--validation,Grape___Black_rot,train\Grape___Black_rot\97792211-9918-48f1-a3de-e02d9348090d___FAM_B.Rot 3517.JPG,train\Grape___Black_rot\4dca234a-1cf7-4524-ade0-7aadda601943___FAM_B.Rot 0525.JPG,Grape___Black_rot:::241.0,Grape___Black_rot:::51.0,False
7,False,test--validation,Orange___Haunglongbing_(Citrus_greening),train\Orange___Haunglongbing_(Citrus_greening)\56a81bbe-e16e-4be3-a521-0265638ab69f___CREC_HLB 5195.JPG,train\Orange___Haunglongbing_(Citrus_greening)\1374c925-cc1b-4bd5-b701-47eef6398587___CREC_HLB 5263.JPG,Orange___Haunglongbing_(Citrus_greening):::OCT_331.0,Orange___Haunglongbing_(Citrus_greening):::OCT_348.0,False
7,False,test--validation,Orange___Haunglongbing_(Citrus_greening),train\Orange___Haunglongbing_(Citrus_greening)\5fea6051-1ae4-42aa-b3b2-4fcd608137b1___CREC_HLB 4068.JPG,train\Orange___Haunglongbing_(Citrus_greening)\6c0437cd-977a-4eba-87b3-5d7fe9be8d20___CREC_HLB 4255.JPG,Orange___Haunglongbing_(Citrus_greening):::OCT_51.0,Orange___Haunglongbing_(Citrus_greening):::OCT_98.0,False
7,False,test--validation,Orange___Haunglongbing_(Citrus_greening),train\Orange___Haunglongbing_(Citrus_greening)\66d857ed-948f-4084-880f-aa06e661d8ba___UF.Citrus_HLB_Lab 1562.JPG,train\Orange___Haunglongbing_(Citrus_greening)\388fc281-3b05-47d7-8e36-616f05687aec___UF.Citrus_HLB_Lab 1210.JPG,Orange___Haunglongbing_(Citrus_greening):::97.0,Orange___Haunglongbing_(Citrus_greening):::76.0,False
7,False,test--validation,Orange___Haunglongbing_(Citrus_greening),train\Orange___Haunglongbing_(Citrus_greening)\79051011-a0a6-467a-8de5-4b1d861d3840___CREC_HLB 4848.JPG,train\Orange___Haunglongbing_(Citrus_greening)\4bf406d5-11f6-4caa-946c-1ef6f0735a81___CREC_HLB 3941.JPG,Orange___Haunglongbing_(Citrus_greening):::OCT_244.0,Orange___Haunglongbing_(Citrus_greening):::OCT_19.0,False
7,False,test--validation,Orange___Haunglongbing_(Citrus_greening),train\Orange___Haunglongbing_(Citrus_greening)\cb67da3b-8201-4a82-8e48-729c401ab4a0___CREC_HLB 4782.JPG,train\Orange___Haunglongbing_(Citrus_greening)\0a5bd69f-8b7a-495d-96ff-413c83aed4d3___CREC_HLB 4778.JPG,Orange___Haunglongbing_(Citrus_greening):::OCT_228.0,Orange___Haunglongbing_(Citrus_greening):::OCT_227.0,False
7,False,test--validation,Orange___Haunglongbing_(Citrus_greening),train\Orange___Haunglongbing_(Citrus_greening)\f67a738a-39d5-44fd-a978-177c6217720e___CREC_HLB 6878.JPG,train\Orange___Haunglongbing_(Citrus_greening)\00fea166-176f-4ff9-a0c2-08d3d0263987___CREC_HLB 4726.JPG,Orange___Haunglongbing_(Citrus_greening):::OCT_580.0,Orange___Haunglongbing_(Citrus_greening):::OCT_214.0,False
7,False,test--validation,Peach___Bacterial_spot,train\Peach___Bacterial_spot\09e1e0ed-2535-496e-885d-a51999b51820___Rut._Bact.S 0988.JPG,train\Peach___Bacterial_spot\f9387df3-a240-43ba-9c75-552f74a3cf85___Rut._Bact.S 1299.JPG,Peach___Bacterial_spot:::42.0,Peach___Bacterial_spot:::94.0,False
7,False,test--validation,Peach___Bacterial_spot,train\Peach___Bacterial_spot\485e0319-4f79-4504-b3eb-8c3f2dcc0c3e___Rut._Bact.S 0750.JPG,train\Peach___Bacterial_spot\ef32ff5c-d480-4b68-941b-821ee2dbcf15___Rutg._Bact.S 2216.JPG,Peach___Bacterial_spot:::2.0,Peach___Bacterial_spot:::312.0,False
7,False,test--validation,Peach___Bacterial_spot,train\Peach___Bacterial_spot\96059642-7fa3-47a7-8aa9-ed37689d6a3b___Rut._Bact.S 1242.JPG,val\Peach___Bacterial_spot\fc18670e-e9c8-435c-99f6-883d3e812489___Rut._Bact.S 1345.JPG,Peach___Bacterial_spot:::84.0,Peach___Bacterial_spot:::101.0,False
7,False,test--validation,Peach___Bacterial_spot,train\Peach___Bacterial_spot\96d520f0-53e6-4d71-8913-568df580bb29___Rut._Bact.S 1498.JPG,train\Peach___Bacterial_spot\a2f81059-9171-41d2-acca-ef3d02d81438___Rut._Bact.S 1209.JPG,Peach___Bacterial_spot:::127.0,Peach___Bacterial_spot:::79.0,False
7,False,test--validation,Peach___Bacterial_spot,train\Peach___Bacterial_spot\b2db309a-d37e-4093-a825-c119d3248c86___Rut._Bact.S 0785.JPG,train\Peach___Bacterial_spot\8961fa91-1a31-4328-869e-724fd5550846___Rut._Bact.S 1341.JPG,Peach___Bacterial_spot:::8.0,Peach___Bacterial_spot:::101.0,False
7,False,test--validation,Peach___Bacterial_spot,train\Peach___Bacterial_spot\b2db309a-d37e-4093-a825-c119d3248c86___Rut._Bact.S 0785.JPG,train\Peach___Bacterial_spot\ef32ff5c-d480-4b68-941b-821ee2dbcf15___Rutg._Bact.S 2216.JPG,Peach___Bacterial_spot:::8.0,Peach___Bacterial_spot:::312.0,False
7,False,test--validation,Peach___Bacterial_spot,train\Peach___Bacterial_spot\ee63ad7f-a004-45ea-a6d7-2a859cf9ca03___Rut._Bact.S 1372.JPG,train\Peach___Bacterial_spot\ef32ff5c-d480-4b68-941b-821ee2dbcf15___Rutg._Bact.S 2216.JPG,Peach___Bacterial_spot:::106.0,Peach___Bacterial_spot:::312.0,False
7,False,test--validation,Peach___healthy,train\Peach___healthy\6544ed11-a701-4a1a-8b7c-9cfbdfd8154c___Rutg._HL 3607.JPG,train\Peach___healthy\d6248627-9a42-424d-95d3-ca56eb076206___Rutg._HL 3629.JPG,Peach___healthy:::35.0,Peach___healthy:::38.0,False
7,False,test--validation,Peach___healthy,val\Peach___healthy\15fa9ad3-5775-47e7-a8eb-4218000625c9___Rutg._HL 3605.JPG,val\Peach___healthy\93419b00-008e-4b29-bb93-b9e2769aa450___Rutg._HL 3627.JPG,Peach___healthy:::35.0,Peach___healthy:::38.0,False
7,False,test--validation,"Pepper,_bell___healthy","train\Pepper,_bell___healthy\1dcc5be2-abd6-4fb3-8e75-d75b7a123e45___JR_HL 8763.JPG","train\Pepper,_bell___healthy\19f9585d-868d-42e8-9d63-cae9fe345bd4___JR_HL 5839.JPG","Pepper,_bell___healthy:::155.0","Pepper,_bell___healthy:::5.0",False
7,False,test--validation,"Pepper,_bell___healthy","train\Pepper,_bell___healthy\91310cb0-97cf-4d2d-88c2-c4ea77de4442___JR_HL 5947.JPG","train\Pepper,_bell___healthy\4d525b16-48dc-40af-9721-024f002d5929___JR_HL 5970.JPG","Pepper,_bell___healthy:::18.0","Pepper,_bell___healthy:::21.0",False
7,False,test--validation,"Pepper,_bell___healthy","train\Pepper,_bell___healthy\fce5fec3-2fc8-4a74-bedf-cd2f55eb3195___JR_HL 7920.JPG","train\Pepper,_bell___healthy\d212a7d8-8b14-4461-8cdd-d946cc366724___JR_HL 8360.JPG","Pepper,_bell___healthy:::65.0","Pepper,_bell___healthy:::110.0",False
7,False,test--validation,Potato___Late_blight,train\Potato___Late_blight\a1523281-33d2-4cc4-910a-3d614a4cd085___RS_LB 2816.JPG,val\Potato___Late_blight\b03529cf-21fd-4c94-a948-461a8d17e01c___RS_LB 4828.JPG,Potato___Late_blight:::38.0,Potato___Late_blight:::196.0,False
7,False,test--validation,Soybean___healthy,train\Soybean___healthy\1d1d56bc-6645-493f-a6bb-4904aadc3c25___RS_HL 3292.JPG,train\Soybean___healthy\1edd94a0-0f9d-4bdb-b083-78dfc250a54f___RS_HL 4630.JPG,Soybean___healthy:::67.0,Soybean___healthy:::215.0,False
7,False,test--validation,Soybean___healthy,train\Soybean___healthy\3696a50b-9ff2-4da1-9ab7-1ca2cc06a462___RS_HL 5326.JPG,val\Soybean___healthy\1c801474-f064-4b50-8d7c-50f32ed242aa___RS_HL 3859.JPG,Soybean___healthy:::293.0,Soybean___healthy:::123.0,False
7,False,test--validation,Soybean___healthy,train\Soybean___healthy\4527250a-aba0-4bbb-a2fd-6013d104cdec___RS_HL 3492.JPG,train\Soybean___healthy\fa4a6106-fca8-406c-a865-8a862215ca07___RS_HL 5547 1.JPG,Soybean___healthy:::86.0,Soybean___healthy:::320.0,False
7,False,test--validation,Soybean___healthy,train\Soybean___healthy\50848e00-7d69-4083-875b-0bf81835abdd___RS_HL 5592 1.JPG,train\Soybean___healthy\2773d8ad-5fa3-4b41-91e9-5d47174184be___RS_HL 7061.JPG,Soybean___healthy:::328.0,Soybean___healthy:::468.0,False
7,False,test--validation,Soybean___healthy,train\Soybean___healthy\86349a4a-aae5-464a-99bf-4f8bb5fb7e96___RS_HL 5582 1.JPG,train\Soybean___healthy\69824dd2-95b4-462a-bda9-ca15d6c47821___RS_HL 3844.JPG,Soybean___healthy:::326.0,Soybean___healthy:::122.0,False
7,False,test--validation,Soybean___healthy,train\Soybean___healthy\8bbeb1d3-6cf0-43a0-9beb-4ccf96e813da___RS_HL 5541.JPG,train\Soybean___healthy\9e416313-4813-4107-bedc-c8afea09bd55___RS_HL 6212.JPG,Soybean___healthy:::318.0,Soybean___healthy:::395.0,False
7,False,test--validation,Soybean___healthy,train\Soybean___healthy\8eafaba5-43ac-4bd8-ab79-17d4e626a84d___RS_HL 6934.JPG,train\Soybean___healthy\28caf694-7838-4426-b611-5b5ee98c9cd3___RS_HL 7071.JPG,Soybean___healthy:::457.0,Soybean___healthy:::468.0,False
7,False,test--validation,Soybean___healthy,train\Soybean___healthy\8eafaba5-43ac-4bd8-ab79-17d4e626a84d___RS_HL 6934.JPG,train\Soybean___healthy\9e416313-4813-4107-bedc-c8afea09bd55___RS_HL 6212.JPG,Soybean___healthy:::457.0,Soybean___healthy:::395.0,False
7,False,test--validation,Soybean___healthy,train\Soybean___healthy\bab318a4-89b6-4ccc-a376-a2fe49ba3e5a___RS_HL 5503.JPG,val\Soybean___healthy\80bcfb81-857c-4d68-9500-a853b8583bbc___RS_HL 4487.JPG,Soybean___healthy:::313.0,Soybean___healthy:::200.0,False
7,False,test--validation,Soybean___healthy,train\Soybean___healthy\bb880e71-85b8-469f-9f19-8ae8685eec31___RS_HL 5218.JPG,val\Soybean___healthy\e3f56ae8-ef65-4599-b165-d01f370c3a9f___RS_HL 3709.JPG,Soybean___healthy:::280.0,Soybean___healthy:::106.0,False
7,False,test--validation,Soybean___healthy,train\Soybean___healthy\cd087ec1-9933-4f15-bde8-7b4f88e43d25___RS_HL 6374.JPG,val\Soybean___healthy\95b3a399-9e0f-465e-9642-b8098e9da121___RS_HL 6566.JPG,Soybean___healthy:::409.0,Soybean___healthy:::426.0,False
7,False,test--validation,Soybean___healthy,train\Soybean___healthy\e9daa68b-bb9d-4bfd-8e97-fd0f39e94939___RS_HL 4837.JPG,train\Soybean___healthy\30e4eabc-5e4e-4141-b331-5c1609690356___RS_HL 5418.JPG,Soybean___healthy:::238.0,Soybean___healthy:::304.0,False
7,False,test--validation,Soybean___healthy,train\Soybean___healthy\ee8b1116-0663-4c17-bcd7-c4628b4b4aff___RS_HL 4546.JPG,train\Soybean___healthy\4bf93fae-8468-4214-a855-e71c9de50c4e___RS_HL 3773.JPG,Soybean___healthy:::206.0,Soybean___healthy:::114.0,False
7,False,test--validation,Soybean___healthy,train\Soybean___healthy\fe97769f-3e58-4997-953d-c63c3e917783___RS_HL 2985.JPG,train\Soybean___healthy\dac0a114-64b2-4b8f-ab2b-f4db86db7562___RS_HL 3657.JPG,Soybean___healthy:::34.0,Soybean___healthy:::101.0,False
7,False,test--validation,Soybean___healthy,val\Soybean___healthy\65e05b9b-a838-4623-8ce4-e09267560bea___RS_HL 2828.JPG,train\Soybean___healthy\8f89b238-5e1d-422f-b04f-defb2564f31f___RS_HL 4646.JPG,Soybean___healthy:::16.0,Soybean___healthy:::217.0,False
7,False,test--validation,Soybean___healthy,val\Soybean___healthy\9664f7f6-4780-467e-8368-62dd94313ac8___RS_HL 4213.JPG,train\Soybean___healthy\36c737ab-2107-47bf-9f82-dfff7783a655___RS_HL 6764.JPG,Soybean___healthy:::166.0,Soybean___healthy:::444.0,False
7,False,test--validation,Tomato___Bacterial_spot,train\Tomato___Bacterial_spot\61c2fc74-79b0-4c16-8d6e-14d054281bc8___GCREC_Bact.Sp 3086.JPG,val\Tomato___Bacterial_spot\3256b07a-4561-45b8-b3d5-9422c0241c00___GCREC_Bact.Sp 3054.JPG,Tomato___Bacterial_spot:::36.0,Tomato___Bacterial_spot:::28.0,False
7,False,test--validation,Tomato___Late_blight,train\Tomato___Late_blight\023315df-8824-4760-9480-4dca3a023931___GHLB2 Leaf 8719.JPG,train\Tomato___Late_blight\fd26b445-5839-4337-858c-a91dfdd812cc___GHLB2 Leaf 8743.JPG,,,True
7,False,test--validation,Tomato___Late_blight,train\Tomato___Late_blight\1a9a2cbf-75f3-4dd9-93ef-3d3c58e97d06___GHLB2 Leaf 8666.JPG,train\Tomato___Late_blight\fd26b445-5839-4337-858c-a91dfdd812cc___GHLB2 Leaf 8743.JPG,,,True
7,False,test--validation,Tomato___Late_blight,train\Tomato___Late_blight\974a15f0-913a-41ab-b5a4-30015f159902___GHLB2 Leaf 8792.JPG,train\Tomato___Late_blight\2159d0f7-09ef-46ad-ad49-749e8ce1becc___GHLB2 Leaf 8836.JPG,,,True
7,False,test--validation,Tomato___Late_blight,train\Tomato___Late_blight\974a15f0-913a-41ab-b5a4-30015f159902___GHLB2 Leaf 8792.JPG,train\Tomato___Late_blight\fd26b445-5839-4337-858c-a91dfdd812cc___GHLB2 Leaf 8743.JPG,,,True
7,False,test--validation,Tomato___Late_blight,train\Tomato___Late_blight\a86b02a2-3f97-4ce9-a9ff-1a77c36f9e4d___GHLB2 Leaf 8903.JPG,train\Tomato___Late_blight\b694de0e-542c-4b7a-b322-30cea130719d___GHLB2 Leaf 8720.JPG,,,True
7,False,test--validation,Tomato___Late_blight,val\Tomato___Late_blight\8130621c-8ff8-4fd9-bd54-765491adc31f___GHLB2 Leaf 8822.JPG,train\Tomato___Late_blight\08a723e4-6b51-4395-8013-b1f3f03709b8___GHLB2 Leaf 8967.JPG,,,True
7,False,test--validation,Tomato___Late_blight,val\Tomato___Late_blight\e56aa8e4-cb6f-4333-816b-3494fc4fe25e___GHLB2 Leaf 8764.JPG,train\Tomato___Late_blight\fcd37e39-9a92-4896-8673-af928a380078___GHLB2 Leaf 8733.JPG,,,True
7,False,test--validation,Tomato___Spider_mites Two-spotted_spider_mite,train\Tomato___Spider_mites Two-spotted_spider_mite\548ac4de-ccf8-45b0-bd2e-84d4456427dd___Com.G_SpM_FL 8553.JPG,val\Tomato___Spider_mites Two-spotted_spider_mite\a0900c57-a463-4412-a3bc-83b413d3eae3___Com.G_SpM_FL 1395.JPG,Tomato___Spider_mites Two-spotted_spider_mite:::197.0,Tomato___Spider_mites Two-spotted_spider_mite:::66.0,False
7,False,test--validation,Tomato___Spider_mites Two-spotted_spider_mite,val\Tomato___Spider_mites Two-spotted_spider_mite\3eb2dbc2-ea12-40b3-9d38-11d5bfa97af1___Com.G_SpM_FL 9316.JPG,train\Tomato___Spider_mites Two-spotted_spider_mite\c3586675-5908-4830-b952-0418aabc79e5___Com.G_SpM_FL 1480.JPG,Tomato___Spider_mites Two-spotted_spider_mite:::335.0,Tomato___Spider_mites Two-spotted_spider_mite:::87.0,False
7,False,test--validation,Tomato___Spider_mites Two-spotted_spider_mite,val\Tomato___Spider_mites Two-spotted_spider_mite\bacb5257-5987-4eb2-af91-4d555df8b390___Com.G_SpM_FL 1744.JPG,train\Tomato___Spider_mites Two-spotted_spider_mite\e2aa2f14-9b4e-4b25-aa44-797be70717f4___Com.G_SpM_FL 1620.JPG,Tomato___Spider_mites Two-spotted_spider_mite:::152.0,Tomato___Spider_mites Two-spotted_spider_mite:::121.0,False
7,False,test--validation,Tomato___Tomato_Yellow_Leaf_Curl_Virus,train\Tomato___Tomato_Yellow_Leaf_Curl_Virus\07d5a888-c3d3-463b-9245-150a8aec1ce1___YLCV_GCREC 5145.JPG,train\Tomato___Tomato_Yellow_Leaf_Curl_Virus\85830b6a-8884-45c2-b9c4-8c89f7656fa2___YLCV_NREC 2578.JPG,Tomato___Tomato_Yellow_Leaf_Curl_Virus:::271.0,Tomato___Tomato_Yellow_Leaf_Curl_Virus:::582.0,False
7,False,test--validation,Tomato___Tomato_Yellow_Leaf_Curl_Virus,train\Tomato___Tomato_Yellow_Leaf_Curl_Virus\08f78a80-46f5-45a6-937c-4d05d61c08c2___UF.GRC_YLCV_Lab 01895.JPG,train\Tomato___Tomato_Yellow_Leaf_Curl_Virus\9152d7df-6394-4456-971b-551a87a15028___UF.GRC_YLCV_Lab 01903.JPG,,,True
7,False,test--validation,Tomato___Tomato_Yellow_Leaf_Curl_Virus,train\Tomato___Tomato_Yellow_Leaf_Curl_Virus\62a66e0a-e057-4d7a-8347-9a2b80c44f79___YLCV_GCREC 5398.JPG,train\Tomato___Tomato_Yellow_Leaf_Curl_Virus\af9edb4a-f956-4ae5-8d87-a5fbf5899bc2___YLCV_GCREC 2047.JPG,Tomato___Tomato_Yellow_Leaf_Curl_Virus:::332.0,Tomato___Tomato_Yellow_Leaf_Curl_Virus:::39.0,False
7,False,test--validation,Tomato___Tomato_Yellow_Leaf_Curl_Virus,train\Tomato___Tomato_Yellow_Leaf_Curl_Virus\76705bf6-0351-425b-9446-180be40dac89___YLCV_GCREC 2426.JPG,train\Tomato___Tomato_Yellow_Leaf_Curl_Virus\93e49a6e-2920-4cf5-bb45-75364a2692d8___YLCV_GCREC 2035.JPG,Tomato___Tomato_Yellow_Leaf_Curl_Virus:::133.0,Tomato___Tomato_Yellow_Leaf_Curl_Virus:::36.0,False
7,False,test--validation,Tomato___Tomato_Yellow_Leaf_Curl_Virus,train\Tomato___Tomato_Yellow_Leaf_Curl_Virus\adc39e1b-cbf8-4265-9285-cb5a62e7b803___YLCV_GCREC 2744.JPG,val\Tomato___Tomato_Yellow_Leaf_Curl_Virus\8c53833e-df06-4326-adfb-0395949b3c61___YLCV_NREC 0120.JPG,Tomato___Tomato_Yellow_Leaf_Curl_Virus:::212.0,Tomato___Tomato_Yellow_Leaf_Curl_Virus:::385.0,False
7,False,test--validation,Tomato___Tomato_Yellow_Leaf_Curl_Virus,train\Tomato___Tomato_Yellow_Leaf_Curl_Virus\b056a7d8-49bb-495a-bc7a-c699f804c7ea___YLCV_NREC 0212.JPG,train\Tomato___Tomato_Yellow_Leaf_Curl_Virus\9f41a7d7-d1a1-474e-8a5e-0835bc2e6a0c___YLCV_GCREC 2037.JPG,Tomato___Tomato_Yellow_Leaf_Curl_Virus:::408.0,Tomato___Tomato_Yellow_Leaf_Curl_Virus:::36.0,False
7,False,test--validation,Tomato___Tomato_Yellow_Leaf_Curl_Virus,train\Tomato___Tomato_Yellow_Leaf_Curl_Virus\b15d8e06-e6dc-4c14-b20e-89c6ba801daf___UF.GRC_YLCV_Lab 02795.JPG,train\Tomato___Tomato_Yellow_Leaf_Curl_Virus\616c01c1-b1ed-4bf6-b84a-d8cfd23adc4c___UF.GRC_YLCV_Lab 02801.JPG,,,True
7,False,test--validation,Tomato___Tomato_Yellow_Leaf_Curl_Virus,train\Tomato___Tomato_Yellow_Leaf_Curl_Virus\f040657b-3db1-4bb3-bea8-1e821c36e655___UF.GRC_YLCV_Lab 02866.JPG,train\Tomato___Tomato_Yellow_Leaf_Curl_Virus\3a389749-e245-4308-a1c6-a4d872e2833c___UF.GRC_YLCV_Lab 02871.JPG,,,True
7,False,test--validation,Tomato___Tomato_Yellow_Leaf_Curl_Virus,val\Tomato___Tomato_Yellow_Leaf_Curl_Virus\4e31c6ed-e785-4c65-8694-89ef2b4a1b0d___UF.GRC_YLCV_Lab 02507.JPG,train\Tomato___Tomato_Yellow_Leaf_Curl_Virus\fa16f530-1e23-4a86-acb1-1ff53dd49e37___UF.GRC_YLCV_Lab 02499.JPG,,,True
7,False,test--validation,Tomato___Tomato_Yellow_Leaf_Curl_Virus,val\Tomato___Tomato_Yellow_Leaf_Curl_Virus\80bfd3c9-0308-466f-b250-fdce8f8eafe2___YLCV_GCREC 2728.JPG,train\Tomato___Tomato_Yellow_Leaf_Curl_Virus\c4cc0c05-8038-406c-92da-37791f0ddbf2___YLCV_GCREC 5503.JPG,Tomato___Tomato_Yellow_Leaf_Curl_Virus:::208.0,Tomato___Tomato_Yellow_Leaf_Curl_Virus:::359.0,False
7,False,train--validation,Apple___healthy,val\Apple___healthy\435d4aff-f96c-415a-91a4-07e21179a3d0___RS_HL 8159.JPG,train\Apple___healthy\83849d18-49c5-412b-91c5-3fe882335e88___RS_HL 7840.JPG,Apple___healthy:::251.0,Apple___healthy:::209.0,False
7,False,train--validation,Blueberry___healthy,train\Blueberry___healthy\53fcae82-9f10-419f-b2bb-cb4d46d73c3e___RS_HL 4943.JPG,train\Blueberry___healthy\3675a873-ea6a-4475-9fa9-bce1532bcc67___RS_HL 5005.JPG,Blueberry___healthy:::119.0,Blueberry___healthy:::125.0,False
7,False,train--validation,Blueberry___healthy,train\Blueberry___healthy\ccb8b4b6-0452-465e-b7b8-747df5827dbe___RS_HL 5001.JPG,train\Blueberry___healthy\76841f84-7f0e-47d4-a3a7-3cdb2e901323___RS_HL 5006.JPG,Blueberry___healthy:::124.0,Blueberry___healthy:::125.0,False
7,False,train--validation,Cherry_(including_sour)___Powdery_mildew,train\Cherry_(including_sour)___Powdery_mildew\1c0ef846-0a17-4c88-b0c2-11eea5a40378___FREC_Pwd.M 0525.JPG,val\Cherry_(including_sour)___Powdery_mildew\82002c9f-b763-411f-9795-497c1de9ca6d___FREC_Pwd.M 0249.JPG,Cherry_(including_sour)___Powdery_mildew:::14.0,Cherry_(including_sour)___Powdery_mildew:::1.0,False
7,False,train--validation,Cherry_(including_sour)___healthy,train\Cherry_(including_sour)___healthy\16952b2d-daf9-47c6-b15e-c2c465bd5cf0___JR_HL 9882.JPG,val\Cherry_(including_sour)___healthy\e0f4ea8e-63d9-4440-8330-82ac0e34f881___JR_HL 9799.JPG,Cherry_(including_sour)___healthy:::104.0,Cherry_(including_sour)___healthy:::90.0,False
7,False,train--validation,Cherry_(including_sour)___healthy,train\Cherry_(including_sour)___healthy\5d6ae672-3a2e-4be6-905c-c9e42e381a8a___JR_HL 9841.JPG,val\Cherry_(including_sour)___healthy\e0f4ea8e-63d9-4440-8330-82ac0e34f881___JR_HL 9799.JPG,Cherry_(including_sour)___healthy:::96.0,Cherry_(including_sour)___healthy:::90.0,False
7,False,train--validation,Cherry_(including_sour)___healthy,train\Cherry_(including_sour)___healthy\b4ac3179-6fd4-4b2a-bf8c-479de4348ff4___JR_HL 9535.JPG,val\Cherry_(including_sour)___healthy\6ae3fb47-fad5-4167-b106-782bc5ef68d6___JR_HL 9513.JPG,Cherry_(including_sour)___healthy:::55.0,Cherry_(including_sour)___healthy:::52.0,False
7,False,train--validation,Cherry_(including_sour)___healthy,train\Cherry_(including_sour)___healthy\d1783f85-5cb9-4683-b493-4e9112749f23___JR_HL 9507.JPG,val\Cherry_(including_sour)___healthy\e0f4ea8e-63d9-4440-8330-82ac0e34f881___JR_HL 9799.JPG,Cherry_(including_sour)___healthy:::51.0,Cherry_(including_sour)___healthy:::90.0,False
7,False,train--validation,Cherry_(including_sour)___healthy,train\Cherry_(including_sour)___healthy\ec1514ea-278c-4baf-889c-f2d057328abb___JR_HL 9752.JPG,val\Cherry_(including_sour)___healthy\6ae3fb47-fad5-4167-b106-782bc5ef68d6___JR_HL 9513.JPG,Cherry_(including_sour)___healthy:::84.0,Cherry_(including_sour)___healthy:::52.0,False
7,False,train--validation,Cherry_(including_sour)___healthy,train\Cherry_(including_sour)___healthy\efa7860b-6a2b-400e-8671-9a3226c08a37___JR_HL 4140.JPG,val\Cherry_(including_sour)___healthy\6abcc809-0fc3-4603-b403-7ec9366a37c2___JR_HL 4026.JPG,Cherry_(including_sour)___healthy:::20.0,Cherry_(including_sour)___healthy:::10.0,False
7,False,train--validation,Corn_(maize)___Common_rust_,train\Corn_(maize)___Common_rust_\RS_Rust 2501.JPG,val\Corn_(maize)___Common_rust_\RS_Rust 2749.JPG,,,True
7,False,train--validation,Corn_(maize)___Common_rust_,train\Corn_(maize)___Common_rust_\RS_Rust 2502.JPG,val\Corn_(maize)___Common_rust_\RS_Rust 2566.JPG,,,True
7,False,train--validation,Corn_(maize)___Common_rust_,train\Corn_(maize)___Common_rust_\RS_Rust 2610.JPG,val\Corn_(maize)___Common_rust_\RS_Rust 2566.JPG,,,True
7,False,train--validation,Grape___Black_rot,train\Grape___Black_rot\630cea2f-1457-4f55-b9cf-ca3a5362fd63___FAM_B.Rot 3075.JPG,train\Grape___Black_rot\c01ce5a9-a37d-4698-be6a-335868371a54___FAM_B.Rot 3594.JPG,Grape___Black_rot:::131.0,Grape___Black_rot:::260.0,False
7,False,train--validation,Grape___Black_rot,train\Grape___Black_rot\6acf2de1-9910-489e-b856-95bc36d5e37d___FAM_B.Rot 0754.JPG,train\Grape___Black_rot\e2dca6ce-4b58-4850-b6c0-1f15189fe944___FAM_B.Rot 0431.JPG,Grape___Black_rot:::108.0,Grape___Black_rot:::28.0,False
7,False,train--validation,Grape___Black_rot,train\Grape___Black_rot\9c6f5534-bf07-41f8-bc8d-4f58dce56211___FAM_B.Rot 0373.JPG,train\Grape___Black_rot\6d315a9e-3773-473c-bb88-64160bc7f480___FAM_B.Rot 3273.JPG,Grape___Black_rot:::13.0,Grape___Black_rot:::180.0,False
7,False,train--validation,Grape___Black_rot,train\Grape___Black_rot\accafd2a-8339-48b3-aa3e-715f47494970___FAM_B.Rot 3305.JPG,val\Grape___Black_rot\4c2cf28e-6bec-4105-bdaf-b36fb046ab3e___FAM_B.Rot 3024.JPG,Grape___Black_rot:::188.0,Grape___Black_rot:::118.0,False
7,False,train--validation,Grape___Black_rot,val\Grape___Black_rot\3e3a84bc-ec5a-495a-9687-f5b1aa0b5836___FAM_B.Rot 3322.JPG,train\Grape___Black_rot\75fab4cc-1f7c-4b57-bf9f-a6ebe1de59d0___FAM_B.Rot 0649.JPG,Grape___Black_rot:::193.0,Grape___Black_rot:::82.0,False
7,False,train--validation,Grape___Esca_(Black_Measles),train\Grape___Esca_(Black_Measles)\afd64a5c-0f05-4494-a5a2-0be0a12339cb___FAM_B.Msls 1763.JPG,train\Grape___Esca_(Black_Measles)\1ba4a426-8082-4ced-a685-176c649c5cff___FAM_B.Msls 1808.JPG,Grape___Esca_(Black_Measles):::142.0,Grape___Esca_(Black_Measles):::153.0,False
7,False,train--validation,Grape___Esca_(Black_Measles),train\Grape___Esca_(Black_Measles)\e9dec9be-76c0-4a5b-a0a3-31686adc849a___FAM_B.Msls 4462.JPG,train\Grape___Esca_(Black_Measles)\a2027312-f55d-4e37-8f96-1dd323ae2336___FAM_B.Msls 4095.JPG,Grape___Esca_(Black_Measles):::338.0,Grape___Esca_(Black_Measles):::247.0,False
7,False,train--validation,Grape___Leaf_blight_(Isariopsis_Leaf_Spot),train\Grape___Leaf_blight_(Isariopsis_Leaf_Spot)\87738ce1-94f8-45bf-95e0-9836abc0f5aa___FAM_L.Blight 1446.JPG,train\Grape___Leaf_blight_(Isariopsis_Leaf_Spot)\6d1b8a4c-e7c0-4bab-a9fa-312516c91849___FAM_L.Blight 4739.JPG,Grape___Leaf_blight_(Isariopsis_Leaf_Spot):::34.0,Grape___Leaf_blight_(Isariopsis_Leaf_Spot):::204.0,False
7,False,train--validation,Grape___Leaf_blight_(Isariopsis_Leaf_Spot),train\Grape___Leaf_blight_(Isariopsis_Leaf_Spot)\c2ca02ef-34b9-4d0a-bfae-11138f5e29e6___FAM_L.Blight 4571.JPG,train\Grape___Leaf_blight_(Isariopsis_Leaf_Spot)\19278e7d-ac39-4bd4-a04f-f04014adbd7e___FAM_L.Blight 1486.JPG,Grape___Leaf_blight_(Isariopsis_Leaf_Spot):::162.0,Grape___Leaf_blight_(Isariopsis_Leaf_Spot):::44.0,False
7,False,train--validation,Grape___healthy,val\Grape___healthy\f7c74956-3e0c-4669-b313-bf6e4559a91d___Mt.N.V_HL 9086.JPG,train\Grape___healthy\15fc132f-e222-4eda-bc5c-32e49def3eaa___Mt.N.V_HL 9090.JPG,,,True
7,False,train--validation,Orange___Haunglongbing_(Citrus_greening),train\Orange___Haunglongbing_(Citrus_greening)\03d15889-0ce7-4324-b788-e5ec2336f3e9___CREC_HLB 4863.JPG,train\Orange___Haunglongbing_(Citrus_greening)\0a5bd69f-8b7a-495d-96ff-413c83aed4d3___CREC_HLB 4778.JPG,Orange___Haunglongbing_(Citrus_greening):::OCT_248.0,Orange___Haunglongbing_(Citrus_greening):::OCT_227.0,False
7,False,train--validation,Orange___Haunglongbing_(Citrus_greening),train\Orange___Haunglongbing_(Citrus_greening)\0c15780d-2457-436c-bf01-d54b29ac54e9___CREC_HLB 4204.JPG,train\Orange___Haunglongbing_(Citrus_greening)\2be534b7-1fa0-4120-980c-3233be0e1d95___CREC_HLB 4256.JPG,Orange___Haunglongbing_(Citrus_greening):::OCT_85.0,Orange___Haunglongbing_(Citrus_greening):::OCT_98.0,False
7,False,train--validation,Orange___Haunglongbing_(Citrus_greening),train\Orange___Haunglongbing_(Citrus_greening)\0c978f86-d47a-4582-803a-612498f6fa90___CREC_HLB 4831.JPG,train\Orange___Haunglongbing_(Citrus_greening)\ac23c8e7-5320-4440-acef-04f67d53a8b3___CREC_HLB 7611.JPG,Orange___Haunglongbing_(Citrus_greening):::OCT_240.0,Orange___Haunglongbing_(Citrus_greening):::OCT_762.0,False
7,False,train--validation,Orange___Haunglongbing_(Citrus_greening),train\Orange___Haunglongbing_(Citrus_greening)\0cfbf207-1f9e-4241-9018-95764f42ed5b___CREC_HLB 7496.JPG,train\Orange___Haunglongbing_(Citrus_greening)\e5e2cdea-35bb-4833-a48a-88bfdf0e9ab0___CREC_HLB 7571.JPG,Orange___Haunglongbing_(Citrus_greening):::OCT_734.0,Orange___Haunglongbing_(Citrus_greening):::OCT_752.0,False
7,False,train--validation,Orange___Haunglongbing_(Citrus_greening),train\Orange___Haunglongbing_(Citrus_greening)\0fb9c46f-4fe2-4576-bf6a-3bdda9089329___UF.Citrus_HLB_Lab 9797.JPG,train\Orange___Haunglongbing_(Citrus_greening)\949572ca-910e-4006-8e3a-1d0b38ebb586___UF.Citrus_HLB_Lab 9898.JPG,Orange___Haunglongbing_(Citrus_greening):::128.0,Orange___Haunglongbing_(Citrus_greening):::139.0,False
7,False,train--validation,Orange___Haunglongbing_(Citrus_greening),train\Orange___Haunglongbing_(Citrus_greening)\11fb5063-279f-4128-9017-35cf81989224___CREC_HLB 4398.JPG,train\Orange___Haunglongbing_(Citrus_greening)\9b0a8e84-2627-46f1-b977-6b7fb5132e4a___CREC_HLB 4044.JPG,Orange___Haunglongbing_(Citrus_greening):::OCT_133.0,Orange___Haunglongbing_(Citrus_greening):::OCT_45.0,False
7,False,train--validation,Orange___Haunglongbing_(Citrus_greening),train\Orange___Haunglongbing_(Citrus_greening)\1bd78357-4bf5-489b-8996-11af66457581___CREC_HLB 4378.JPG,train\Orange___Haunglongbing_(Citrus_greening)\836f124c-c420-40d0-9101-f888ce2b6aea___CREC_HLB 4777.JPG,Orange___Haunglongbing_(Citrus_greening):::OCT_128.0,Orange___Haunglongbing_(Citrus_greening):::OCT_227.0,False
7,False,train--validation,Orange___Haunglongbing_(Citrus_greening),train\Orange___Haunglongbing_(Citrus_greening)\1dfca35f-2606-40af-b709-0f97bddba330___CREC_HLB 5403.JPG,train\Orange___Haunglongbing_(Citrus_greening)\51ac236c-10bb-43c6-9607-abba329f9bb7___CREC_HLB 4734.JPG,Orange___Haunglongbing_(Citrus_greening):::OCT_383.0,Orange___Haunglongbing_(Citrus_greening):::OCT_216.0,False
7,False,train--validation,Orange___Haunglongbing_(Citrus_greening),train\Orange___Haunglongbing_(Citrus_greening)\1f063981-94f8-4509-8aef-06ca270224b7___UF.Citrus_HLB_Lab 1648.JPG,train\Orange___Haunglongbing_(Citrus_greening)\6f0d7489-7122-4e38-bfe4-1bd6a26c2bdc___UF.Citrus_HLB_Lab 1203.JPG,Orange___Haunglongbing_(Citrus_greening):::104.0,Orange___Haunglongbing_(Citrus_greening):::76.0,False
7,False,train--validation,Orange___Haunglongbing_(Citrus_greening),train\Orange___Haunglongbing_(Citrus_greening)\1f410d04-fb7b-4ce8-9875-f5857e651ebf___CREC_HLB 7554.JPG,train\Orange___Haunglongbing_(Citrus_greening)\9b0a8e84-2627-46f1-b977-6b7fb5132e4a___CREC_HLB 4044.JPG,Orange___Haunglongbing_(Citrus_greening):::OCT_748.0,Orange___Haunglongbing_(Citrus_greening):::OCT_45.0,False
7,False,train--validation,Orange___Haunglongbing_(Citrus_greening),train\Orange___Haunglongbing_(Citrus_greening)\2ecb29a5-1d59-421f-8a1b-672a25c5f934___CREC_HLB 3902.JPG,train\Orange___Haunglongbing_(Citrus_greening)\117ed404-3f06-41d1-924a-9e39115a7f6f___CREC_HLB 5265.JPG,Orange___Haunglongbing_(Citrus_greening):::OCT_9.0,Orange___Haunglongbing_(Citrus_greening):::OCT_348.0,False
7,False,train--validation,Orange___Haunglongbing_(Citrus_greening),train\Orange___Haunglongbing_(Citrus_greening)\3417d9f0-835b-45ef-800e-07f17e6035ee___CREC_HLB 4328.JPG,train\Orange___Haunglongbing_(Citrus_greening)\dbbd4302-e2a5-4e8c-a11a-d83c2b5a186a___CREC_HLB 4488.JPG,Orange___Haunglongbing_(Citrus_greening):::OCT_115.0,Orange___Haunglongbing_(Citrus_greening):::OCT_155.0,False
7,False,train--validation,Orange___Haunglongbing_(Citrus_greening),train\Orange___Haunglongbing_(Citrus_greening)\35a652b7-2842-4c17-bedd-5bf42609f815___CREC_HLB 3899.JPG,train\Orange___Haunglongbing_(Citrus_greening)\117ed404-3f06-41d1-924a-9e39115a7f6f___CREC_HLB 5265.JPG,Orange___Haunglongbing_(Citrus_greening):::OCT_9.0,Orange___Haunglongbing_(Citrus_greening):::OCT_348.0,False
7,False,train--validation,Orange___Haunglongbing_(Citrus_greening),train\Orange___Haunglongbing_(Citrus_greening)\36883db6-638b-4faf-ae08-c6753910e054___UF.Citrus_HLB_Lab 1355.JPG,train\Orange___Haunglongbing_(Citrus_greening)\65afb2ac-7010-476c-be62-1524a518034a___UF.Citrus_HLB_Lab 1342.JPG,Orange___Haunglongbing_(Citrus_greening):::87.0,Orange___Haunglongbing_(Citrus_greening):::86.0,False
7,False,train--validation,Orange___Haunglongbing_(Citrus_greening),train\Orange___Haunglongbing_(Citrus_greening)\445d75f1-5c8c-4580-ba8c-3c1c2c516a93___CREC_HLB 5231.JPG,train\Orange___Haunglongbing_(Citrus_greening)\2bb9b733-61f3-45c1-a456-bf1d716967b9___CREC_HLB 4751.JPG,Orange___Haunglongbing_(Citrus_greening):::OCT_340.0,Orange___Haunglongbing_(Citrus_greening):::OCT_220.0,False
7,False,train--validation,Orange___Haunglongbing_(Citrus_greening),train\Orange___Haunglongbing_(Citrus_greening)\55d555d0-b475-46f0-a69c-57ecdc0c98d6___CREC_HLB 4336.JPG,train\Orange___Haunglongbing_(Citrus_greening)\1374c925-cc1b-4bd5-b701-47eef6398587___CREC_HLB 5263.JPG,Orange___Haunglongbing_(Citrus_greening):::OCT_117.0,Orange___Haunglongbing_(Citrus_greening):::OCT_348.0,False
7,False,train--validation,Orange___Haunglongbing_(Citrus_greening),train\Orange___Haunglongbing_(Citrus_greening)\57546099-9d43-46ed-907a-8ac0d76d9e71___CREC_HLB 4120.JPG,train\Orange___Haunglongbing_(Citrus_greening)\2cba74b9-b924-4791-87fa-75d35323cfaf___CREC_HLB 5299.JPG,Orange___Haunglongbing_(Citrus_greening):::OCT_64.0,Orange___Haunglongbing_(Citrus_greening):::OCT_357.0,False
7,False,train--validation,Orange___Haunglongbing_(Citrus_greening),train\Orange___Haunglongbing_(Citrus_greening)\5a623871-630f-4917-ab1e-6bed5b3fa66e___CREC_HLB 4679.JPG,train\Orange___Haunglongbing_(Citrus_greening)\c4dfb655-344e-457c-8992-1437ce8ed31a___CREC_HLB 4750.JPG,Orange___Haunglongbing_(Citrus_greening):::OCT_203.0,Orange___Haunglongbing_(Citrus_greening):::OCT_220.0,False
7,False,train--validation,Orange___Haunglongbing_(Citrus_greening),train\Orange___Haunglongbing_(Citrus_greening)\5d8bc662-a4e9-4280-98d4-f0715cb7290c___CREC_HLB 5269.JPG,train\Orange___Haunglongbing_(Citrus_greening)\fdcf6e05-d8af-4762-b869-cc54b59aa0d8___CREC_HLB 6697.JPG,Orange___Haunglongbing_(Citrus_greening):::OCT_349.0,Orange___Haunglongbing_(Citrus_greening):::OCT_535.0,False
7,False,train--validation,Orange___Haunglongbing_(Citrus_greening),train\Orange___Haunglongbing_(Citrus_greening)\626e3c1d-d777-4884-9b25-c9212bbde528___CREC_HLB 5450.JPG,train\Orange___Haunglongbing_(Citrus_greening)\e5e2cdea-35bb-4833-a48a-88bfdf0e9ab0___CREC_HLB 7571.JPG,Orange___Haunglongbing_(Citrus_greening):::OCT_394.0,Orange___Haunglongbing_(Citrus_greening):::OCT_752.0,False
7,False,train--validation,Orange___Haunglongbing_(Citrus_greening),train\Orange___Haunglongbing_(Citrus_greening)\658ca5df-3774-4931-b262-c52cadb20571___CREC_HLB 5054.JPG,train\Orange___Haunglongbing_(Citrus_greening)\2cba74b9-b924-4791-87fa-75d35323cfaf___CREC_HLB 5299.JPG,Orange___Haunglongbing_(Citrus_greening):::OCT_296.0,Orange___Haunglongbing_(Citrus_greening):::OCT_357.0,False
7,False,train--validation,Orange___Haunglongbing_(Citrus_greening),train\Orange___Haunglongbing_(Citrus_greening)\6a595b97-9fd3-4947-9bb2-c967b25bca7f___CREC_HLB 7494.JPG,train\Orange___Haunglongbing_(Citrus_greening)\0e907573-62f5-482a-b10c-2fcbca3dc2c0___CREC_HLB 5416.JPG,Orange___Haunglongbing_(Citrus_greening):::OCT_734.0,Orange___Haunglongbing_(Citrus_greening):::OCT_386.0,False
7,False,train--validation,Orange___Haunglongbing_(Citrus_greening),train\Orange___Haunglongbing_(Citrus_greening)\6e6f7ac5-c6dd-40d8-b02b-6f1d94577853___CREC_HLB 4568.JPG,train\Orange___Haunglongbing_(Citrus_greening)\1374c925-cc1b-4bd5-b701-47eef6398587___CREC_HLB 5263.JPG,Orange___Haunglongbing_(Citrus_greening):::OCT_175.0,Orange___Haunglongbing_(Citrus_greening):::OCT_348.0,False
7,False,train--validation,Orange___Haunglongbing_(Citrus_greening),train\Orange___Haunglongbing_(Citrus_greening)\764b579b-fb83-475b-b941-cbfc8a90eee1___CREC_HLB 6457.JPG,train\Orange___Haunglongbing_(Citrus_greening)\a1399e19-7c4e-4efd-b193-4d6f2c0615a0___CREC_HLB 4384.JPG,Orange___Haunglongbing_(Citrus_greening):::OCT_475.0,Orange___Haunglongbing_(Citrus_greening):::OCT_129.0,False
7,False,train--validation,Orange___Haunglongbing_(Citrus_greening),train\Orange___Haunglongbing_(Citrus_greening)\76d6f44b-6172-4b1d-b743-91cd28163367___CREC_HLB 5384.JPG,val\Orange___Haunglongbing_(Citrus_greening)\e069c319-56a1-48f9-80ef-40c73ba59e4e___CREC_HLB 6628.JPG,Orange___Haunglongbing_(Citrus_greening):::OCT_378.0,Orange___Haunglongbing_(Citrus_greening):::OCT_518.0,False
7,False,train--validation,Orange___Haunglongbing_(Citrus_greening),train\Orange___Haunglongbing_(Citrus_greening)\806af371-db34-4750-a8b0-1e03a1fc220c___UF.Citrus_HLB_Lab 0199.JPG,val\Orange___Haunglongbing_(Citrus_greening)\3410fd4a-b398-44c9-acc0-0fed4740ca3b___UF.Citrus_HLB_Lab 1051.JPG,Orange___Haunglongbing_(Citrus_greening):::18.0,Orange___Haunglongbing_(Citrus_greening):::65.0,False
7,False,train--validation,Orange___Haunglongbing_(Citrus_greening),train\Orange___Haunglongbing_(Citrus_greening)\818c1c57-e6a9-46bb-b681-06c08fe3556b___CREC_HLB 5250.JPG,val\Orange___Haunglongbing_(Citrus_greening)\2400d1a1-ff98-40e4-ab16-28f91621cac9___CREC_HLB 7879.JPG,Orange___Haunglongbing_(Citrus_greening):::OCT_344.0,Orange___Haunglongbing_(Citrus_greening):::OCT_828.0,False
7,False,train--validation,Orange___Haunglongbing_(Citrus_greening),train\Orange___Haunglongbing_(Citrus_greening)\8489a0c2-cedb-430c-8471-e9f0d5fe3cce___UF.Citrus_HLB_Lab 9859.JPG,train\Orange___Haunglongbing_(Citrus_greening)\7788fe9a-4310-4204-b1c0-8c9eef2db545___CREC_HLB 6763.JPG,Orange___Haunglongbing_(Citrus_greening):::134.0,Orange___Haunglongbing_(Citrus_greening):::OCT_552.0,False
7,False,train--validation,Orange___Haunglongbing_(Citrus_greening),train\Orange___Haunglongbing_(Citrus_greening)\8adaebf7-a752-4720-8ea2-aa3460e98198___UF.Citrus_HLB_Lab 1024.JPG,train\Orange___Haunglongbing_(Citrus_greening)\37f10be7-f592-4b75-a4bd-2040dd9af3f5___UF.Citrus_HLB_Lab 1485.JPG,Orange___Haunglongbing_(Citrus_greening):::64.0,Orange___Haunglongbing_(Citrus_greening):::94.0,False
7,False,train--validation,Orange___Haunglongbing_(Citrus_greening),train\Orange___Haunglongbing_(Citrus_greening)\8adaebf7-a752-4720-8ea2-aa3460e98198___UF.Citrus_HLB_Lab 1024.JPG,val\Orange___Haunglongbing_(Citrus_greening)\833eef88-8785-4f3d-81d4-e16bc1ab8dec___UF.Citrus_HLB_Lab 1492.JPG,Orange___Haunglongbing_(Citrus_greening):::64.0,Orange___Haunglongbing_(Citrus_greening):::94.0,False
7,False,train--validation,Orange___Haunglongbing_(Citrus_greening),train\Orange___Haunglongbing_(Citrus_greening)\8b7ef79a-e05c-47e7-9110-ed712a1ab509___CREC_HLB 5026.JPG,train\Orange___Haunglongbing_(Citrus_greening)\2cba74b9-b924-4791-87fa-75d35323cfaf___CREC_HLB 5299.JPG,Orange___Haunglongbing_(Citrus_greening):::OCT_289.0,Orange___Haunglongbing_(Citrus_greening):::OCT_357.0,False
7,False,train--validation,Orange___Haunglongbing_(Citrus_greening),train\Orange___Haunglongbing_(Citrus_greening)\92a8c5ea-a129-4b4c-b31b-224a513c1648___CREC_HLB 4097.JPG,train\Orange___Haunglongbing_(Citrus_greening)\1e6c9050-90ae-4434-9bbb-8dc135e17e9a___CREC_HLB 5301.JPG,Orange___Haunglongbing_(Citrus_greening):::OCT_58.0,Orange___Haunglongbing_(Citrus_greening):::OCT_357.0,False
7,False,train--validation,Orange___Haunglongbing_(Citrus_greening),train\Orange___Haunglongbing_(Citrus_greening)\9ac459a8-ce97-4ae2-b630-44ae6e608972___UF.Citrus_HLB_Lab 1188.JPG,train\Orange___Haunglongbing_(Citrus_greening)\379fba2e-2f85-4161-aa68-fbc2038a2394___UF.Citrus_HLB_Lab 9907.JPG,Orange___Haunglongbing_(Citrus_greening):::75.0,Orange___Haunglongbing_(Citrus_greening):::139.0,False
7,False,train--validation,Orange___Haunglongbing_(Citrus_greening),train\Orange___Haunglongbing_(Citrus_greening)\a489a8f1-aa4c-4a6c-b26a-afb5c16df90b___UF.Citrus_HLB_Lab 1336.JPG,train\Orange___Haunglongbing_(Citrus_greening)\ee2bc92b-b894-4873-ba7f-255274bb3696___UF.Citrus_HLB_Lab 1209.JPG,Orange___Haunglongbing_(Citrus_greening):::85.0,Orange___Haunglongbing_(Citrus_greening):::76.0,False
7,False,train--validation,Orange___Haunglongbing_(Citrus_greening),train\Orange___Haunglongbing_(Citrus_greening)\a86ce038-6e7c-4556-be40-4a035a1d153e___CREC_HLB 5314.JPG,train\Orange___Haunglongbing_(Citrus_greening)\69098935-5378-4a6f-aad0-dc1d67f0350b___CREC_HLB 4616.JPG,Orange___Haunglongbing_(Citrus_greening):::OCT_360.0,Orange___Haunglongbing_(Citrus_greening):::OCT_187.0,False
7,False,train--validation,Orange___Haunglongbing_(Citrus_greening),train\Orange___Haunglongbing_(Citrus_greening)\b0abaf0a-df7d-41b9-b9ad-19cfb0e2aec2___CREC_HLB 5102.JPG,train\Orange___Haunglongbing_(Citrus_greening)\b5a69117-4155-4fc6-819c-0cb1fd95c168___CREC_HLB 4733.JPG,Orange___Haunglongbing_(Citrus_greening):::OCT_307.0,Orange___Haunglongbing_(Citrus_greening):::OCT_216.0,False
7,False,train--validation,Orange___Haunglongbing_(Citrus_greening),train\Orange___Haunglongbing_(Citrus_greening)\b56bbe7e-eb08-4e89-a644-cbbbc2d236d2___CREC_HLB 4108.JPG,train\Orange___Haunglongbing_(Citrus_greening)\9d60bd74-cafd-4e6d-9d7b-2dd65cc0525b___CREC_HLB 6627.JPG,Orange___Haunglongbing_(Citrus_greening):::OCT_61.0,Orange___Haunglongbing_(Citrus_greening):::OCT_518.0,False
7,False,train--validation,Orange___Haunglongbing_(Citrus_greening),train\Orange___Haunglongbing_(Citrus_greening)\b63f931e-8dad-462a-afa7-fcbca4ce958a___CREC_HLB 4002.JPG,train\Orange___Haunglongbing_(Citrus_greening)\4acb9d96-aa76-43cd-a33b-164f4711aa89___CREC_HLB 4752.JPG,Orange___Haunglongbing_(Citrus_greening):::OCT_34.0,Orange___Haunglongbing_(Citrus_greening):::OCT_220.0,False
7,False,train--validation,Orange___Haunglongbing_(Citrus_greening),train\Orange___Haunglongbing_(Citrus_greening)\b63f931e-8dad-462a-afa7-fcbca4ce958a___CREC_HLB 4002.JPG,train\Orange___Haunglongbing_(Citrus_greening)\e5e2cdea-35bb-4833-a48a-88bfdf0e9ab0___CREC_HLB 7571.JPG,Orange___Haunglongbing_(Citrus_greening):::OCT_34.0,Orange___Haunglongbing_(Citrus_greening):::OCT_752.0,False
7,False,train--validation,Orange___Haunglongbing_(Citrus_greening),train\Orange___Haunglongbing_(Citrus_greening)\b648bfd5-f3f7-4849-b3a6-3a6a10c48807___CREC_HLB 4116.JPG,train\Orange___Haunglongbing_(Citrus_greening)\9d60bd74-cafd-4e6d-9d7b-2dd65cc0525b___CREC_HLB 6627.JPG,Orange___Haunglongbing_(Citrus_greening):::OCT_63.0,Orange___Haunglongbing_(Citrus_greening):::OCT_518.0,False
7,False,train--validation,Orange___Haunglongbing_(Citrus_greening),train\Orange___Haunglongbing_(Citrus_greening)\c8f5394b-f88f-4e09-bab4-f93a0ad52b3e___CREC_HLB 4226.JPG,train\Orange___Haunglongbing_(Citrus_greening)\1374c925-cc1b-4bd5-b701-47eef6398587___CREC_HLB 5263.JPG,Orange___Haunglongbing_(Citrus_greening):::OCT_90.0,Orange___Haunglongbing_(Citrus_greening):::OCT_348.0,False
7,False,train--validation,Orange___Haunglongbing_(Citrus_greening),train\Orange___Haunglongbing_(Citrus_greening)\c8f5394b-f88f-4e09-bab4-f93a0ad52b3e___CREC_HLB 4226.JPG,train\Orange___Haunglongbing_(Citrus_greening)\4e611d3c-c91e-43e8-9c55-1fbe4b39d133___CREC_HLB 6696.JPG,Orange___Haunglongbing_(Citrus_greening):::OCT_90.0,Orange___Haunglongbing_(Citrus_greening):::OCT_535.0,False
7,False,train--validation,Orange___Haunglongbing_(Citrus_greening),train\Orange___Haunglongbing_(Citrus_greening)\d1fddb43-88d4-42c2-9e2c-4ea312fc1c55___UF.Citrus_HLB_Lab 0314.JPG,train\Orange___Haunglongbing_(Citrus_greening)\6f0d7489-7122-4e38-bfe4-1bd6a26c2bdc___UF.Citrus_HLB_Lab 1203.JPG,Orange___Haunglongbing_(Citrus_greening):::24.0,Orange___Haunglongbing_(Citrus_greening):::76.0,False
7,False,train--validation,Orange___Haunglongbing_(Citrus_greening),train\Orange___Haunglongbing_(Citrus_greening)\d5dd5e43-f147-415f-b128-0b1ee24435e8___CREC_HLB 4536.JPG,train\Orange___Haunglongbing_(Citrus_greening)\51e56b04-fd16-4fa2-ba8f-78a44a9b8ca4___CREC_HLB 4745.JPG,Orange___Haunglongbing_(Citrus_greening):::OCT_167.0,Orange___Haunglongbing_(Citrus_greening):::OCT_219.0,False
7,False,train--validation,Orange___Haunglongbing_(Citrus_greening),train\Orange___Haunglongbing_(Citrus_greening)\e338d819-222d-4acb-8361-b2415adb5f0b___CREC_HLB 6918.JPG,val\Orange___Haunglongbing_(Citrus_greening)\f17975dc-89bd-4e4f-a604-15d7440c24e6___CREC_HLB 4663.JPG,Orange___Haunglongbing_(Citrus_greening):::OCT_590.0,Orange___Haunglongbing_(Citrus_greening):::OCT_199.0,False
7,False,train--validation,Orange___Haunglongbing_(Citrus_greening),train\Orange___Haunglongbing_(Citrus_greening)\feed62e9-6b49-4eaf-aee9-61e1d32b3d81___CREC_HLB 5183.JPG,train\Orange___Haunglongbing_(Citrus_greening)\ec291e22-b93d-4d45-9241-87b66ef44072___CREC_HLB 4779.JPG,Orange___Haunglongbing_(Citrus_greening):::OCT_328.0,Orange___Haunglongbing_(Citrus_greening):::OCT_227.0,False
7,False,train--validation,Orange___Haunglongbing_(Citrus_greening),val\Orange___Haunglongbing_(Citrus_greening)\44288275-cc14-4897-a427-c5b87a50258d___CREC_HLB 4813.JPG,train\Orange___Haunglongbing_(Citrus_greening)\836f124c-c420-40d0-9101-f888ce2b6aea___CREC_HLB 4777.JPG,Orange___Haunglongbing_(Citrus_greening):::OCT_236.0,Orange___Haunglongbing_(Citrus_greening):::OCT_227.0,False
7,False,train--validation,Orange___Haunglongbing_(Citrus_greening),val\Orange___Haunglongbing_(Citrus_greening)\4a3d6de2-a62d-4f1b-8a20-0536cde50fdd___CREC_HLB 5305.JPG,train\Orange___Haunglongbing_(Citrus_greening)\836f124c-c420-40d0-9101-f888ce2b6aea___CREC_HLB 4777.JPG,Orange___Haunglongbing_(Citrus_greening):::OCT_358.0,Orange___Haunglongbing_(Citrus_greening):::OCT_227.0,False
7,False,train--validation,Orange___Haunglongbing_(Citrus_greening),val\Orange___Haunglongbing_(Citrus_greening)\51a85964-1889-487e-b9e7-274b87909f4e___UF.Citrus_HLB_Lab 1001.JPG,val\Orange___Haunglongbing_(Citrus_greening)\2a507698-2acd-4ad5-8883-017bf54336f2___UF.Citrus_HLB_Lab 9732.JPG,Orange___Haunglongbing_(Citrus_greening):::62.0,Orange___Haunglongbing_(Citrus_greening):::121.0,False
7,False,train--validation,Orange___Haunglongbing_(Citrus_greening),val\Orange___Haunglongbing_(Citrus_greening)\6af7a360-6578-4fc8-a48d-3f4544c6792a___CREC_HLB 4052.JPG,val\Orange___Haunglongbing_(Citrus_greening)\e883db2c-0134-4152-aa2f-1063317a6de6___CREC_HLB 7748.JPG,Orange___Haunglongbing_(Citrus_greening):::OCT_47.0,Orange___Haunglongbing_(Citrus_greening):::OCT_796.0,False
7,False,train--validation,Orange___Haunglongbing_(Citrus_greening),val\Orange___Haunglongbing_(Citrus_greening)\72f48506-d2aa-461b-8585-13226232a5c9___CREC_HLB 4051.JPG,train\Orange___Haunglongbing_(Citrus_greening)\d59198cc-9ecd-4019-8615-123243439918___CREC_HLB 4151.JPG,Orange___Haunglongbing_(Citrus_greening):::OCT_47.0,Orange___Haunglongbing_(Citrus_greening):::OCT_72.0,False
7,False,train--validation,Orange___Haunglongbing_(Citrus_greening),val\Orange___Haunglongbing_(Citrus_greening)\8d6d6f5e-0c73-4616-8e7d-dfb33965c183___CREC_HLB 6761.JPG,train\Orange___Haunglongbing_(Citrus_greening)\e5e2cdea-35bb-4833-a48a-88bfdf0e9ab0___CREC_HLB 7571.JPG,Orange___Haunglongbing_(Citrus_greening):::OCT_551.0,Orange___Haunglongbing_(Citrus_greening):::OCT_752.0,False
7,False,train--validation,Orange___Haunglongbing_(Citrus_greening),val\Orange___Haunglongbing_(Citrus_greening)\ae6208b2-1ffd-4596-96c3-b476b6fd78ab___UF.Citrus_HLB_Lab 1728.JPG,train\Orange___Haunglongbing_(Citrus_greening)\312d5081-2a01-4a9c-961b-af1ba6ae7118___UF.Citrus_HLB_Lab 1205.JPG,Orange___Haunglongbing_(Citrus_greening):::108.0,Orange___Haunglongbing_(Citrus_greening):::76.0,False
7,False,train--validation,Orange___Haunglongbing_(Citrus_greening),val\Orange___Haunglongbing_(Citrus_greening)\b1b3d869-f51a-4227-bab3-2d42e168935f___CREC_HLB 6496.JPG,train\Orange___Haunglongbing_(Citrus_greening)\aecd98bd-51ce-4eba-8d8b-6f316abddc16___CREC_HLB 6626.JPG,Orange___Haunglongbing_(Citrus_greening):::OCT_485.0,Orange___Haunglongbing_(Citrus_greening):::OCT_518.0,False
7,False,train--validation,Orange___Haunglongbing_(Citrus_greening),val\Orange___Haunglongbing_(Citrus_greening)\eb404af9-6f23-4dcf-b21b-8f1473fbb0d8___CREC_HLB 4150.JPG,train\Orange___Haunglongbing_(Citrus_greening)\836f124c-c420-40d0-9101-f888ce2b6aea___CREC_HLB 4777.JPG,Orange___Haunglongbing_(Citrus_greening):::OCT_71.0,Orange___Haunglongbing_(Citrus_greening):::OCT_227.0,False
7,False,train--validation,Peach___Bacterial_spot,train\Peach___Bacterial_spot\04ff1fcd-80c7-45ce-85bc-89640c227d07___Rutg._Bact.S 2260.JPG,train\Peach___Bacterial_spot\6c38cb59-a621-4595-8ff7-4d24674606d4___Rut._Bact.S 1342.JPG,Peach___Bacterial_spot:::317.0,Peach___Bacterial_spot:::101.0,False
7,False,train--validation,Peach___Bacterial_spot,train\Peach___Bacterial_spot\1ce95fc0-f6dc-4097-baf3-9a0ae9a187a7___Rut._Bact.S 1546.JPG,val\Peach___Bacterial_spot\3382cb3d-6e67-4504-b547-d812e56e78fa___Rut._Bact.S 1418.JPG,Peach___Bacterial_spot:::135.0,Peach___Bacterial_spot:::113.0,False
7,False,train--validation,Peach___Bacterial_spot,train\Peach___Bacterial_spot\265e6c18-6d4c-4ea7-8677-da5d2ffe94ee___Rut._Bact.S 0860.JPG,train\Peach___Bacterial_spot\ef32ff5c-d480-4b68-941b-821ee2dbcf15___Rutg._Bact.S 2216.JPG,Peach___Bacterial_spot:::21.0,Peach___Bacterial_spot:::312.0,False
7,False,train--validation,Peach___Bacterial_spot,train\Peach___Bacterial_spot\2d341d51-ed72-4ab3-87d3-4d36fae79f4b___Rut._Bact.S 1274.JPG,train\Peach___Bacterial_spot\6efc9fea-0aac-45d8-b9c8-3f8707e41ad0___Rutg._Bact.S 2214.JPG,Peach___Bacterial_spot:::90.0,Peach___Bacterial_spot:::312.0,False
7,False,train--validation,Peach___Bacterial_spot,train\Peach___Bacterial_spot\3c4ee7e3-7b4f-43a0-98c4-dd3e35b02ef8___Rutg._Bact.S 1658.JPG,val\Peach___Bacterial_spot\a229360d-c903-4605-9508-efcf5e244aa8___Rutg._Bact.S 2386.JPG,Peach___Bacterial_spot:::250.0,Peach___Bacterial_spot:::331.0,False
7,False,train--validation,Peach___Bacterial_spot,train\Peach___Bacterial_spot\675d6b71-d537-4595-ab4c-be2d7173dea1___Rut._Bact.S 1149.JPG,val\Peach___Bacterial_spot\876ad30a-e324-4faf-9286-a8c5f0106dee___Rut._Bact.S 1301.JPG,Peach___Bacterial_spot:::69.0,Peach___Bacterial_spot:::94.0,False
7,False,train--validation,Peach___Bacterial_spot,train\Peach___Bacterial_spot\a112f397-f329-4316-b254-f6f4bee53d95___Rutg._Bact.S 2373.JPG,train\Peach___Bacterial_spot\620feaed-26ab-4165-ba19-31bc6a53154d___Rutg._Bact.S 1612.JPG,Peach___Bacterial_spot:::330.0,Peach___Bacterial_spot:::244.0,False
7,False,train--validation,Peach___Bacterial_spot,train\Peach___Bacterial_spot\a8564d6e-bc7f-466d-bccc-d8196821686e___Rut._Bact.S 0759.JPG,train\Peach___Bacterial_spot\ef32ff5c-d480-4b68-941b-821ee2dbcf15___Rutg._Bact.S 2216.JPG,Peach___Bacterial_spot:::4.0,Peach___Bacterial_spot:::312.0,False
7,False,train--validation,Peach___Bacterial_spot,train\Peach___Bacterial_spot\d210ee18-14cf-4245-914c-c48ea241a232___Rut._Bact.S 1348.JPG,train\Peach___Bacterial_spot\6c38cb59-a621-4595-8ff7-4d24674606d4___Rut._Bact.S 1342.JPG,Peach___Bacterial_spot:::102.0,Peach___Bacterial_spot:::101.0,False
7,False,train--validation,Peach___Bacterial_spot,train\Peach___Bacterial_spot\d26ac658-3380-475c-a497-e04b6739f9fb___Rut._Bact.S 0836.JPG,train\Peach___Bacterial_spot\ef32ff5c-d480-4b68-941b-821ee2dbcf15___Rutg._Bact.S 2216.JPG,Peach___Bacterial_spot:::17.0,Peach___Bacterial_spot:::312.0,False
7,False,train--validation,"Pepper,_bell___healthy","train\Pepper,_bell___healthy\3949ee17-d163-4713-bcaa-523e87cd3871___JR_HL 8109.JPG","train\Pepper,_bell___healthy\346a8afc-772b-4d9d-a4ad-e1aaec6227bc___JR_HL 8730.JPG","Pepper,_bell___healthy:::82.0","Pepper,_bell___healthy:::151.0",False
7,False,train--validation,Soybean___healthy,train\Soybean___healthy\025fbddb-6c84-410a-9789-9461821ec1df___RS_HL 7318.JPG,val\Soybean___healthy\2c417e81-d6b6-4401-a831-bc8ce8846fb9___RS_HL 4236.JPG,Soybean___healthy:::490.0,Soybean___healthy:::169.0,False
7,False,train--validation,Soybean___healthy,train\Soybean___healthy\036b603d-5b34-47f5-ace5-ed496e7af724___RS_HL 5688 1.JPG,train\Soybean___healthy\033724be-ffca-44a6-b97c-abb8852ee628___RS_HL 4237.JPG,Soybean___healthy:::345.0,Soybean___healthy:::169.0,False
7,False,train--validation,Soybean___healthy,train\Soybean___healthy\036b603d-5b34-47f5-ace5-ed496e7af724___RS_HL 5688 1.JPG,val\Soybean___healthy\c34982c5-f96c-4029-9f2d-fb31838e11fa___RS_HL 4649.JPG,Soybean___healthy:::345.0,Soybean___healthy:::217.0,False
7,False,train--validation,Soybean___healthy,train\Soybean___healthy\0f467e76-16f8-4a55-8b9b-6437ea237d7b___RS_HL 3646.JPG,train\Soybean___healthy\a860eed5-9939-4a96-a9f0-701f3d1dbbd4___RS_HL 5419.JPG,Soybean___healthy:::100.0,Soybean___healthy:::304.0,False
7,False,train--validation,Soybean___healthy,train\Soybean___healthy\1dc700ed-063d-45fb-a9e7-51e8c37f83e6___RS_HL 6174.JPG,train\Soybean___healthy\f21f5422-6f59-4a2a-b385-b88646b64635___RS_HL 6708.JPG,Soybean___healthy:::392.0,Soybean___healthy:::440.0,False
7,False,train--validation,Soybean___healthy,train\Soybean___healthy\1f770cd9-0e55-48e7-93e5-a93144b85f1e___RS_HL 3663.JPG,train\Soybean___healthy\34a2004e-00b9-45f6-b80f-e308862537f1___RS_HL 4644.JPG,Soybean___healthy:::102.0,Soybean___healthy:::217.0,False
7,False,train--validation,Soybean___healthy,train\Soybean___healthy\2300a855-efb4-452a-ace6-cf9c6c915a1f___RS_HL 5199.JPG,val\Soybean___healthy\652415ba-4aa1-4efd-8dc1-dccded542204___RS_HL 5704 1.JPG,Soybean___healthy:::278.0,Soybean___healthy:::348.0,False
7,False,train--validation,Soybean___healthy,train\Soybean___healthy\288913e0-25b1-45b4-9b0f-f2b13f0bc9df___RS_HL 3632.JPG,train\Soybean___healthy\8f25b3a6-5085-4fc3-88ae-f6e2c5ab0f4d___RS_HL 4364.JPG,Soybean___healthy:::99.0,Soybean___healthy:::185.0,False
7,False,train--validation,Soybean___healthy,train\Soybean___healthy\288913e0-25b1-45b4-9b0f-f2b13f0bc9df___RS_HL 3632.JPG,train\Soybean___healthy\e687436a-e4bb-4b50-a30d-4c9674e754ce___RS_HL 3855.JPG,Soybean___healthy:::99.0,Soybean___healthy:::123.0,False
7,False,train--validation,Soybean___healthy,train\Soybean___healthy\28f008f1-8544-47b3-91c9-d39438e644e0___RS_HL 6985.JPG,train\Soybean___healthy\3fd68c18-9afb-47d7-87c9-3f114acdc46f___RS_HL 7066.JPG,Soybean___healthy:::461.0,Soybean___healthy:::468.0,False
7,False,train--validation,Soybean___healthy,train\Soybean___healthy\35879fd9-d655-4845-9173-3990b80ae13f___RS_HL 5522.JPG,train\Soybean___healthy\41dbdba6-ad5c-41c0-b40c-0a8461586d7e___RS_HL 3498.JPG,Soybean___healthy:::315.0,Soybean___healthy:::87.0,False
7,False,train--validation,Soybean___healthy,train\Soybean___healthy\36f9effd-d887-4d75-abd4-2742c6ddd09d___RS_HL 3897.JPG,train\Soybean___healthy\d1a45d27-1c54-4a40-932b-df4fd40f140e___RS_HL 3279.JPG,Soybean___healthy:::128.0,Soybean___healthy:::66.0,False
7,False,train--validation,Soybean___healthy,train\Soybean___healthy\3da07df4-795e-4f30-8761-ed067f47d14b___RS_HL 4619.JPG,train\Soybean___healthy\4bf93fae-8468-4214-a855-e71c9de50c4e___RS_HL 3773.JPG,Soybean___healthy:::214.0,Soybean___healthy:::114.0,False
7,False,train--validation,Soybean___healthy,train\Soybean___healthy\3e531c81-99e2-4e43-8e2e-f747b7e28e19___RS_HL 3954.JPG,val\Soybean___healthy\c55c20a5-c529-43af-949e-cfaad2377481___RS_HL 5454.JPG,Soybean___healthy:::134.0,Soybean___healthy:::308.0,False
7,False,train--validation,Soybean___healthy,train\Soybean___healthy\42466f1b-808e-47e2-b424-ef737ca2b08d___RS_HL 5842.JPG,train\Soybean___healthy\9e416313-4813-4107-bedc-c8afea09bd55___RS_HL 6212.JPG,Soybean___healthy:::368.0,Soybean___healthy:::395.0,False
7,False,train--validation,Soybean___healthy,train\Soybean___healthy\5c3bc918-fdf2-4f25-8044-852c9991b40f___RS_HL 5685 1.JPG,train\Soybean___healthy\9e416313-4813-4107-bedc-c8afea09bd55___RS_HL 6212.JPG,Soybean___healthy:::345.0,Soybean___healthy:::395.0,False
7,False,train--validation,Soybean___healthy,train\Soybean___healthy\647afcfe-458f-44a6-b389-968151d27a87___RS_HL 2738.JPG,train\Soybean___healthy\7618bec4-8791-433f-a8e0-e082d63f783d___RS_HL 3940.JPG,Soybean___healthy:::6.0,Soybean___healthy:::133.0,False
7,False,train--validation,Soybean___healthy,train\Soybean___healthy\664e66bf-2b0d-48a1-8129-b28c95780a33___RS_HL 4802.JPG,train\Soybean___healthy\31800ff8-157b-4690-9200-1e86c7c605b2___RS_HL 7135.JPG,Soybean___healthy:::234.0,Soybean___healthy:::474.0,False
7,False,train--validation,Soybean___healthy,train\Soybean___healthy\680847f2-f758-46bf-a08b-63179198eae8___RS_HL 6789.JPG,train\Soybean___healthy\9e416313-4813-4107-bedc-c8afea09bd55___RS_HL 6212.JPG,Soybean___healthy:::446.0,Soybean___healthy:::395.0,False
7,False,train--validation,Soybean___healthy,train\Soybean___healthy\6a4e72cf-241a-4b4f-a4e1-72a9e5e96ceb___RS_HL 4914.JPG,train\Soybean___healthy\1edd94a0-0f9d-4bdb-b083-78dfc250a54f___RS_HL 4630.JPG,Soybean___healthy:::246.0,Soybean___healthy:::215.0,False
7,False,train--validation,Soybean___healthy,train\Soybean___healthy\70cdfcaf-b5a7-4637-b3d6-00e34ce9d3c0___RS_HL 6147.JPG,train\Soybean___healthy\97d16661-4320-4ef4-8692-c5ef2c4229d3___RS_HL 7067.JPG,Soybean___healthy:::390.0,Soybean___healthy:::468.0,False
7,False,train--validation,Soybean___healthy,train\Soybean___healthy\75e7b9e1-017b-4931-9080-9d193a8806de___RS_HL 6021.JPG,train\Soybean___healthy\8c2e9ac1-cab6-4aaf-82a8-d5ac0c7614fa___RS_HL 4651.JPG,Soybean___healthy:::380.0,Soybean___healthy:::217.0,False
7,False,train--validation,Soybean___healthy,train\Soybean___healthy\7760e915-a52e-41a7-8e7c-23bd1935ef16___RS_HL 6649.JPG,train\Soybean___healthy\308b75e8-49e7-4168-9796-9c49875cc403___RS_HL 6214.JPG,Soybean___healthy:::434.0,Soybean___healthy:::395.0,False
7,False,train--validation,Soybean___healthy,train\Soybean___healthy\8ef2fdc2-1be8-4cb2-b69e-3038212b5c30___RS_HL 5347.JPG,train\Soybean___healthy\913c1a66-a8e7-47e7-b036-4833063b7ab4___RS_HL 4626.JPG,Soybean___healthy:::295.0,Soybean___healthy:::215.0,False
7,False,train--validation,Soybean___healthy,train\Soybean___healthy\929bac8a-1b4e-43bf-9080-6bec7becead2___RS_HL 4311.JPG,train\Soybean___healthy\b62a16da-835b-44f2-9fa1-004ba508985c___RS_HL 5551 1.JPG,Soybean___healthy:::179.0,Soybean___healthy:::320.0,False
7,False,train--validation,Soybean___healthy,train\Soybean___healthy\973719cd-640f-4fea-986a-503a5efb4595___RS_HL 3955.JPG,train\Soybean___healthy\9f88d768-e476-4c6c-a8c7-85337c8eca30___RS_HL 3499.JPG,Soybean___healthy:::134.0,Soybean___healthy:::87.0,False
7,False,train--validation,Soybean___healthy,train\Soybean___healthy\9898aa61-2804-4b30-a52c-bdf95cbdd013___RS_HL 4912.JPG,train\Soybean___healthy\1edd94a0-0f9d-4bdb-b083-78dfc250a54f___RS_HL 4630.JPG,Soybean___healthy:::246.0,Soybean___healthy:::215.0,False
7,False,train--validation,Soybean___healthy,train\Soybean___healthy\9e7ef4e8-e4fd-4eab-8cd0-50b9ec7cf5a5___RS_HL 4948.JPG,val\Soybean___healthy\114e4945-280e-4acd-821c-73d01552fbf7___RS_HL 7077.JPG,Soybean___healthy:::250.0,Soybean___healthy:::468.0,False
7,False,train--validation,Soybean___healthy,train\Soybean___healthy\a18b0cd5-9378-461f-9c70-16ec02124585___RS_HL 4175.JPG,train\Soybean___healthy\886a62ca-45ca-41bd-aa3b-e77ae7b63ec4___RS_HL 3770.JPG,Soybean___healthy:::161.0,Soybean___healthy:::114.0,False
7,False,train--validation,Soybean___healthy,train\Soybean___healthy\b5b7ac2c-d8a7-4b26-9ca7-9af420faab35___RS_HL 6020.JPG,train\Soybean___healthy\cc8f55be-c926-41a5-ac10-58906ca2dfb3___RS_HL 6559.JPG,Soybean___healthy:::380.0,Soybean___healthy:::426.0,False
7,False,train--validation,Soybean___healthy,train\Soybean___healthy\bffe8e46-8622-423b-ab4d-ecf3c4ae319a___RS_HL 4044.JPG,train\Soybean___healthy\c3175183-2d42-4478-9a52-967161e168d5___RS_HL 3939.JPG,Soybean___healthy:::145.0,Soybean___healthy:::133.0,False
7,False,train--validation,Soybean___healthy,train\Soybean___healthy\c1fd71a1-ebbb-4b1e-81e7-a1f7f00bddbc___RS_HL 4284.JPG,train\Soybean___healthy\913c1a66-a8e7-47e7-b036-4833063b7ab4___RS_HL 4626.JPG,Soybean___healthy:::176.0,Soybean___healthy:::215.0,False
7,False,train--validation,Soybean___healthy,train\Soybean___healthy\c8073532-e740-4266-a1b5-1c17ac80eddf___RS_HL 5826.JPG,train\Soybean___healthy\02e9d3fd-02d7-4467-a9a5-b45a1ab11382___RS_HL 5795.JPG,Soybean___healthy:::367.0,Soybean___healthy:::363.0,False
7,False,train--validation,Soybean___healthy,train\Soybean___healthy\ca880abd-f479-45c3-8798-ac5c11600de1___RS_HL 6119.JPG,train\Soybean___healthy\cec1c76a-0bab-49c2-884a-f6e4a62e9c45___RS_HL 6762.JPG,Soybean___healthy:::388.0,Soybean___healthy:::444.0,False
7,False,train--validation,Soybean___healthy,train\Soybean___healthy\ce225768-65a5-419c-9a5b-d0351bea1636___RS_HL 4190.JPG,train\Soybean___healthy\5bf08cfa-93b1-493e-af11-74144bcdedcc___RS_HL 3942.JPG,Soybean___healthy:::163.0,Soybean___healthy:::133.0,False
7,False,train--validation,Soybean___healthy,train\Soybean___healthy\d13756c8-abfa-4e98-bafd-ddb960c09ad6___RS_HL 3384.JPG,train\Soybean___healthy\a7da66ee-5bb5-4227-a962-61f6bd913005___RS_HL 3771.JPG,Soybean___healthy:::76.0,Soybean___healthy:::114.0,False
7,False,train--validation,Soybean___healthy,train\Soybean___healthy\d5f20f74-eea6-4751-a70e-15d1d1735bd5___RS_HL 3672.JPG,train\Soybean___healthy\86aebade-a366-40f4-9a4c-75fadc01c02d___RS_HL 3948.JPG,Soybean___healthy:::102.0,Soybean___healthy:::133.0,False
7,False,train--validation,Soybean___healthy,train\Soybean___healthy\db2d97c1-f6d3-4a72-a59a-bba411b8bc52___RS_HL 7099.JPG,train\Soybean___healthy\31800ff8-157b-4690-9200-1e86c7c605b2___RS_HL 7135.JPG,Soybean___healthy:::470.0,Soybean___healthy:::474.0,False
7,False,train--validation,Soybean___healthy,train\Soybean___healthy\e5bd6ccc-2b3b-4065-99ba-303491819ba1___RS_HL 6222.JPG,train\Soybean___healthy\02e9d3fd-02d7-4467-a9a5-b45a1ab11382___RS_HL 5795.JPG,Soybean___healthy:::396.0,Soybean___healthy:::363.0,False
7,False,train--validation,Soybean___healthy,train\Soybean___healthy\ed915bfa-ee13-4686-b144-b4e11e277d44___RS_HL 5613 1.JPG,train\Soybean___healthy\96ed0cac-7163-49ef-a9b0-26bda3a71ad0___RS_HL 5458.JPG,Soybean___healthy:::330.0,Soybean___healthy:::308.0,False
7,False,train--validation,Soybean___healthy,train\Soybean___healthy\ee894042-534d-4550-bd8a-ae7da8d1c057___RS_HL 6109.JPG,train\Soybean___healthy\9e416313-4813-4107-bedc-c8afea09bd55___RS_HL 6212.JPG,Soybean___healthy:::387.0,Soybean___healthy:::395.0,False
7,False,train--validation,Soybean___healthy,train\Soybean___healthy\f68b8d6d-b1dd-40ff-b341-3f7963ad7281___RS_HL 5553 1.JPG,val\Soybean___healthy\114e4945-280e-4acd-821c-73d01552fbf7___RS_HL 7077.JPG,Soybean___healthy:::322.0,Soybean___healthy:::468.0,False
7,False,train--validation,Soybean___healthy,train\Soybean___healthy\fdf7e72d-16d0-46b6-9e61-410173ceb9be___RS_HL 4415.JPG,train\Soybean___healthy\c3175183-2d42-4478-9a52-967161e168d5___RS_HL 3939.JPG,Soybean___healthy:::192.0,Soybean___healthy:::133.0,False
7,False,train--validation,Soybean___healthy,val\Soybean___healthy\1f16ceb6-2d72-4d37-abec-edf27f0c8468___RS_HL 4343.JPG,train\Soybean___healthy\51937dcc-7647-4226-a7aa-a4121cf514d6___RS_HL 7399.JPG,Soybean___healthy:::183.0,Soybean___healthy:::496.0,False
7,False,train--validation,Soybean___healthy,val\Soybean___healthy\3b730a02-11ac-48ad-89e0-a9dfac67c7f0___RS_HL 7164.JPG,train\Soybean___healthy\4031ad24-7a7c-46b1-897d-e3879706f392___RS_HL 6609.JPG,Soybean___healthy:::476.0,Soybean___healthy:::430.0,False
7,False,train--validation,Soybean___healthy,val\Soybean___healthy\51f55be4-1594-45d9-86a7-362ef03782ad___RS_HL 6790.JPG,train\Soybean___healthy\18880c64-cd7e-4313-8cfd-d0468819c335___RS_HL 6560.JPG,Soybean___healthy:::446.0,Soybean___healthy:::426.0,False
7,False,train--validation,Soybean___healthy,val\Soybean___healthy\7f232e47-92fb-46fd-976e-867571498501___RS_HL 4385.JPG,train\Soybean___healthy\7402b0f6-0118-4d4e-943e-7a5e8830d4f7___RS_HL 5548 1.JPG,Soybean___healthy:::188.0,Soybean___healthy:::320.0,False
7,False,train--validation,Soybean___healthy,val\Soybean___healthy\880fe73b-1c15-4bad-b847-1c8d90b49149___RS_HL 4068.JPG,val\Soybean___healthy\c55c20a5-c529-43af-949e-cfaad2377481___RS_HL 5454.JPG,Soybean___healthy:::147.0,Soybean___healthy:::308.0,False
7,False,train--validation,Soybean___healthy,val\Soybean___healthy\89f166a7-af28-410f-8990-5a6838c499b2___RS_HL 4719.JPG,train\Soybean___healthy\59819ae1-0210-4fa2-80d9-cce8cde1242a___RS_HL 7396.JPG,Soybean___healthy:::225.0,Soybean___healthy:::496.0,False
7,False,train--validation,Soybean___healthy,val\Soybean___healthy\8f6f69b5-160f-411f-bea3-bad263db0e68___RS_HL 6353.JPG,train\Soybean___healthy\8c2e9ac1-cab6-4aaf-82a8-d5ac0c7614fa___RS_HL 4651.JPG,Soybean___healthy:::407.0,Soybean___healthy:::217.0,False
7,False,train--validation,Soybean___healthy,val\Soybean___healthy\9ced5890-156f-418f-ab64-96510e22667c___RS_HL 5574 1.JPG,train\Soybean___healthy\033724be-ffca-44a6-b97c-abb8852ee628___RS_HL 4237.JPG,Soybean___healthy:::324.0,Soybean___healthy:::169.0,False
7,False,train--validation,Soybean___healthy,val\Soybean___healthy\adf96510-f9a7-43bd-9827-ee740b16fb46___RS_HL 6880.JPG,train\Soybean___healthy\e9dfdda7-6ae4-4586-a9a2-1d7414540a29___RS_HL 3704.JPG,Soybean___healthy:::453.0,Soybean___healthy:::106.0,False
7,False,train--validation,Soybean___healthy,val\Soybean___healthy\ae00e88d-fe62-46e7-8f3d-54a70a381dc1___RS_HL 2742.JPG,train\Soybean___healthy\d1a45d27-1c54-4a40-932b-df4fd40f140e___RS_HL 3279.JPG,Soybean___healthy:::7.0,Soybean___healthy:::66.0,False
7,False,train--validation,Soybean___healthy,val\Soybean___healthy\c624f169-c59e-43bf-a48a-67dae1dff160___RS_HL 5851.JPG,train\Soybean___healthy\36c737ab-2107-47bf-9f82-dfff7783a655___RS_HL 6764.JPG,Soybean___healthy:::367.0,Soybean___healthy:::444.0,False
7,False,train--validation,Soybean___healthy,val\Soybean___healthy\c8638d81-9a99-4e9c-8f95-4f9462da9541___RS_HL 5668 1.JPG,val\Soybean___healthy\114e4945-280e-4acd-821c-73d01552fbf7___RS_HL 7077.JPG,Soybean___healthy:::341.0,Soybean___healthy:::468.0,False
7,False,train--validation,Soybean___healthy,val\Soybean___healthy\dccd93c3-a480-4b27-86ed-03231f19bf09___RS_HL 3533.JPG,train\Soybean___healthy\c072aed5-b91b-4d4d-a7b4-9ae81591ef08___RS_HL 4493.JPG,Soybean___healthy:::90.0,Soybean___healthy:::200.0,False
7,False,train--validation,Soybean___healthy,val\Soybean___healthy\e7d36e15-55ac-4557-b983-d911b18ccf57___RS_HL 6277.JPG,train\Soybean___healthy\9e416313-4813-4107-bedc-c8afea09bd55___RS_HL 6212.JPG,Soybean___healthy:::400.0,Soybean___healthy:::395.0,False
7,False,train--validation,Soybean___healthy,val\Soybean___healthy\f271308e-10e0-4749-910f-815599328cd7___RS_HL 3302.JPG,train\Soybean___healthy\f97b5405-5156-4a41-84f4-9c5977714a0f___RS_HL 6713.JPG,Soybean___healthy:::68.0,Soybean___healthy:::440.0,False
7,False,train--validation,Soybean___healthy,val\Soybean___healthy\f9cb2f36-523d-4061-94e3-0b385f77c1ac___RS_HL 2715.JPG,train\Soybean___healthy\c92bac71-ec19-48c5-b7d7-270a4e9b0b52___RS_HL 4445.JPG,Soybean___healthy:::4.0,Soybean___healthy:::195.0,False
7,False,train--validation,Tomato___Bacterial_spot,train\Tomato___Bacterial_spot\03707c27-7f95-4f19-a173-1c0c74653fdf___GCREC_Bact.Sp 3046.JPG,train\Tomato___Bacterial_spot\d8d2baf6-87de-43e5-bd40-48dfe33841d3___GCREC_Bact.Sp 5747.JPG,Tomato___Bacterial_spot:::26.0,Tomato___Bacterial_spot:::280.0,False
7,False,train--validation,Tomato___Bacterial_spot,train\Tomato___Bacterial_spot\2a377230-f904-4646-95da-76e242051242___GCREC_Bact.Sp 3085.JPG,train\Tomato___Bacterial_spot\4126165c-f9e0-4a17-9d87-d41bf356afb9___GCREC_Bact.Sp 3517.JPG,Tomato___Bacterial_spot:::35.0,Tomato___Bacterial_spot:::143.0,False
7,False,train--validation,Tomato___Bacterial_spot,train\Tomato___Bacterial_spot\360c7149-e544-48d4-bed2-2b03a10cbfe4___GCREC_Bact.Sp 2988.JPG,val\Tomato___Bacterial_spot\3256b07a-4561-45b8-b3d5-9422c0241c00___GCREC_Bact.Sp 3054.JPG,Tomato___Bacterial_spot:::11.0,Tomato___Bacterial_spot:::28.0,False
7,False,train--validation,Tomato___Bacterial_spot,train\Tomato___Bacterial_spot\5360a154-707e-47fe-94cf-dbe155b648bd___GCREC_Bact.Sp 3270.JPG,train\Tomato___Bacterial_spot\f332d822-2557-42ee-ba97-c62cafcc5c29___GCREC_Bact.Sp 3172.JPG,Tomato___Bacterial_spot:::82.0,Tomato___Bacterial_spot:::57.0,False
7,False,train--validation,Tomato___Bacterial_spot,train\Tomato___Bacterial_spot\767eb77f-de18-4314-a465-4df8d442f468___GCREC_Bact.Sp 5951.JPG,train\Tomato___Bacterial_spot\0ab54691-ba9f-4c1f-a69b-ec0501df4401___GCREC_Bact.Sp 3170.JPG,Tomato___Bacterial_spot:::330.0,Tomato___Bacterial_spot:::57.0,False
7,False,train--validation,Tomato___Bacterial_spot,train\Tomato___Bacterial_spot\767eb77f-de18-4314-a465-4df8d442f468___GCREC_Bact.Sp 5951.JPG,train\Tomato___Bacterial_spot\d8d2baf6-87de-43e5-bd40-48dfe33841d3___GCREC_Bact.Sp 5747.JPG,Tomato___Bacterial_spot:::330.0,Tomato___Bacterial_spot:::280.0,False
7,False,train--validation,Tomato___Bacterial_spot,train\Tomato___Bacterial_spot\cf155207-09bc-454e-a31b-0d469c9bb3d7___GCREC_Bact.Sp 2989.JPG,train\Tomato___Bacterial_spot\d8d2baf6-87de-43e5-bd40-48dfe33841d3___GCREC_Bact.Sp 5747.JPG,Tomato___Bacterial_spot:::11.0,Tomato___Bacterial_spot:::280.0,False
7,False,train--validation,Tomato___Bacterial_spot,train\Tomato___Bacterial_spot\cf155207-09bc-454e-a31b-0d469c9bb3d7___GCREC_Bact.Sp 2989.JPG,train\Tomato___Bacterial_spot\f332d822-2557-42ee-ba97-c62cafcc5c29___GCREC_Bact.Sp 3172.JPG,Tomato___Bacterial_spot:::11.0,Tomato___Bacterial_spot:::57.0,False
7,False,train--validation,Tomato___Bacterial_spot,train\Tomato___Bacterial_spot\e4ea3383-b5fc-45b6-a583-0363f632c3be___GCREC_Bact.Sp 3094.JPG,train\Tomato___Bacterial_spot\d8d2baf6-87de-43e5-bd40-48dfe33841d3___GCREC_Bact.Sp 5747.JPG,Tomato___Bacterial_spot:::38.0,Tomato___Bacterial_spot:::280.0,False
7,False,train--validation,Tomato___Bacterial_spot,train\Tomato___Bacterial_spot\e82d7b9f-9e5a-4d2c-9094-4b3961a062bd___GCREC_Bact.Sp 2976.JPG,train\Tomato___Bacterial_spot\bb199ebe-f777-4760-adb1-368291627d3d___GCREC_Bact.Sp 5749.JPG,Tomato___Bacterial_spot:::8.0,Tomato___Bacterial_spot:::280.0,False
7,False,train--validation,Tomato___Bacterial_spot,val\Tomato___Bacterial_spot\c37d3b8a-fecc-488a-ab78-c00f5240283c___GCREC_Bact.Sp 3343.JPG,train\Tomato___Bacterial_spot\517dac9f-61a6-4e5a-928e-b0009c2d6d47___GCREC_Bact.Sp 3516.JPG,Tomato___Bacterial_spot:::100.0,Tomato___Bacterial_spot:::143.0,False
7,False,train--validation,Tomato___Late_blight,train\Tomato___Late_blight\40ad58d9-f6ab-4487-a150-e2da47f733f1___GHLB2 Leaf 8665.JPG,train\Tomato___Late_blight\08a723e4-6b51-4395-8013-b1f3f03709b8___GHLB2 Leaf 8967.JPG,,,True
7,False,train--validation,Tomato___Late_blight,train\Tomato___Late_blight\6302a8c1-ab60-496c-80a0-e96b47722ea3___GHLB2 Leaf 8737.JPG,train\Tomato___Late_blight\fcd37e39-9a92-4896-8673-af928a380078___GHLB2 Leaf 8733.JPG,,,True
7,False,train--validation,Tomato___Late_blight,train\Tomato___Late_blight\8d39e8b3-90d8-4533-93a8-fb797fa27a1b___GHLB2 Leaf 8645.JPG,train\Tomato___Late_blight\902aed86-4d96-4a9b-9742-f01ae845c22c___GHLB2 Leaf 9037.JPG,,,True
7,False,train--validation,Tomato___Late_blight,train\Tomato___Late_blight\975cefdc-29dc-4355-b9bb-5abd4a910654___GHLB2 Leaf 8657.JPG,train\Tomato___Late_blight\92abc2a8-b18b-45f9-bf9a-c774cc040ac7___GHLB2 Leaf 149.2.JPG,,,True
7,False,train--validation,Tomato___Late_blight,val\Tomato___Late_blight\1507883d-7f10-4b69-88d4-db80850b1664___GHLB2 Leaf 154.JPG,train\Tomato___Late_blight\fcd37e39-9a92-4896-8673-af928a380078___GHLB2 Leaf 8733.JPG,,,True
7,False,train--validation,Tomato___Septoria_leaf_spot,train\Tomato___Septoria_leaf_spot\c3799da0-3ce3-4e75-9fdb-ceddfa42daad___Keller.St_CG 1781.JPG,train\Tomato___Septoria_leaf_spot\3812fd82-b846-4257-92b6-ee73eb90edc1___Keller.St_CG 2013.JPG,,,True
7,False,train--validation,Tomato___Spider_mites Two-spotted_spider_mite,train\Tomato___Spider_mites Two-spotted_spider_mite\0ac9558f-1e02-4498-9584-887627587bc0___Com.G_SpM_FL 1148.JPG,train\Tomato___Spider_mites Two-spotted_spider_mite\e2aa2f14-9b4e-4b25-aa44-797be70717f4___Com.G_SpM_FL 1620.JPG,Tomato___Spider_mites Two-spotted_spider_mite:::4.0,Tomato___Spider_mites Two-spotted_spider_mite:::121.0,False
7,False,train--validation,Tomato___Spider_mites Two-spotted_spider_mite,train\Tomato___Spider_mites Two-spotted_spider_mite\33f539bd-6537-4a8f-93da-8988cb092c56___Com.G_SpM_FL 1258.JPG,train\Tomato___Spider_mites Two-spotted_spider_mite\1d7bff81-b441-4f32-8cc0-85dd50b79cf3___Com.G_SpM_FL 1443.JPG,Tomato___Spider_mites Two-spotted_spider_mite:::32.0,Tomato___Spider_mites Two-spotted_spider_mite:::78.0,False
7,False,train--validation,Tomato___Spider_mites Two-spotted_spider_mite,train\Tomato___Spider_mites Two-spotted_spider_mite\348aec86-49bc-4e2d-8ca7-66545421cc06___Com.G_SpM_FL 1746.JPG,train\Tomato___Spider_mites Two-spotted_spider_mite\0a246e71-0551-4603-a017-d1dfc4ea06be___Com.G_SpM_FL 1178.JPG,Tomato___Spider_mites Two-spotted_spider_mite:::153.0,Tomato___Spider_mites Two-spotted_spider_mite:::12.0,False
7,False,train--validation,Tomato___Spider_mites Two-spotted_spider_mite,train\Tomato___Spider_mites Two-spotted_spider_mite\497393f6-55bc-4e2b-b208-fa0f54ba8c92___Com.G_SpM_FL 1420.JPG,train\Tomato___Spider_mites Two-spotted_spider_mite\c5b6b543-1fe9-4607-94c2-3342dcc92043___Com.G_SpM_FL 1289.JPG,Tomato___Spider_mites Two-spotted_spider_mite:::72.0,Tomato___Spider_mites Two-spotted_spider_mite:::40.0,False
7,False,train--validation,Tomato___Spider_mites Two-spotted_spider_mite,train\Tomato___Spider_mites Two-spotted_spider_mite\79d0c780-0b2c-45c2-ba3d-dea493a936e6___Com.G_SpM_FL 1192.JPG,train\Tomato___Spider_mites Two-spotted_spider_mite\5a227441-a1a8-4538-b79f-c637fa8e25e1___Com.G_SpM_FL 1648.JPG,Tomato___Spider_mites Two-spotted_spider_mite:::15.0,Tomato___Spider_mites Two-spotted_spider_mite:::128.0,False
7,False,train--validation,Tomato___Spider_mites Two-spotted_spider_mite,train\Tomato___Spider_mites Two-spotted_spider_mite\87457821-e967-41c9-bda0-4e375fdeaa59___Com.G_SpM_FL 1609.JPG,train\Tomato___Spider_mites Two-spotted_spider_mite\baf28c1c-ff4a-4245-842f-dafdb5c43826___Com.G_SpM_FL 1650.JPG,Tomato___Spider_mites Two-spotted_spider_mite:::119.0,Tomato___Spider_mites Two-spotted_spider_mite:::129.0,False
7,False,train--validation,Tomato___Spider_mites Two-spotted_spider_mite,train\Tomato___Spider_mites Two-spotted_spider_mite\88b7e7b3-a94a-449c-8a7b-ed96ec541690___Com.G_SpM_FL 8437.JPG,train\Tomato___Spider_mites Two-spotted_spider_mite\4aba5f7f-3081-4dbe-9009-f70d962622fa___Com.G_SpM_FL 1619.JPG,Tomato___Spider_mites Two-spotted_spider_mite:::168.0,Tomato___Spider_mites Two-spotted_spider_mite:::121.0,False
7,False,train--validation,Tomato___Spider_mites Two-spotted_spider_mite,train\Tomato___Spider_mites Two-spotted_spider_mite\a5aabead-d8cd-4739-b094-a16d94b57738___Com.G_SpM_FL 8683.JPG,train\Tomato___Spider_mites Two-spotted_spider_mite\5a227441-a1a8-4538-b79f-c637fa8e25e1___Com.G_SpM_FL 1648.JPG,Tomato___Spider_mites Two-spotted_spider_mite:::229.0,Tomato___Spider_mites Two-spotted_spider_mite:::128.0,False
7,False,train--validation,Tomato___Spider_mites Two-spotted_spider_mite,val\Tomato___Spider_mites Two-spotted_spider_mite\bd95d780-e72d-4f21-a069-c2fbf63bcaf7___Com.G_SpM_FL 1724.JPG,train\Tomato___Spider_mites Two-spotted_spider_mite\b1cb2b7a-afaf-4876-8fc0-25e9dce591a8___Com.G_SpM_FL 9264.JPG,Tomato___Spider_mites Two-spotted_spider_mite:::147.0,Tomato___Spider_mites Two-spotted_spider_mite:::322.0,False
7,False,train--validation,Tomato___Spider_mites Two-spotted_spider_mite,val\Tomato___Spider_mites Two-spotted_spider_mite\d84c96bc-e98b-4842-accb-65e814458631___Com.G_SpM_FL 1628.JPG,train\Tomato___Spider_mites Two-spotted_spider_mite\e2aa2f14-9b4e-4b25-aa44-797be70717f4___Com.G_SpM_FL 1620.JPG,Tomato___Spider_mites Two-spotted_spider_mite:::123.0,Tomato___Spider_mites Two-spotted_spider_mite:::121.0,False
7,False,train--validation,Tomato___Tomato_Yellow_Leaf_Curl_Virus,train\Tomato___Tomato_Yellow_Leaf_Curl_Virus\17a589c7-54de-4d2a-abc9-bc43c5bc1ef0___UF.GRC_YLCV_Lab 02475.JPG,train\Tomato___Tomato_Yellow_Leaf_Curl_Virus\f687eae8-3b47-49e9-a63c-714318ddea7f___UF.GRC_YLCV_Lab 02482.JPG,,,True
7,False,train--validation,Tomato___Tomato_Yellow_Leaf_Curl_Virus,train\Tomato___Tomato_Yellow_Leaf_Curl_Virus\2a433ab0-4ff3-4991-8a34-c0536ba5ba5f___YLCV_GCREC 5383.JPG,train\Tomato___Tomato_Yellow_Leaf_Curl_Virus\40d9f5a1-0215-4707-bdd9-96b089f44415___YLCV_GCREC 2574.JPG,Tomato___Tomato_Yellow_Leaf_Curl_Virus:::329.0,Tomato___Tomato_Yellow_Leaf_Curl_Virus:::170.0,False
7,False,train--validation,Tomato___Tomato_Yellow_Leaf_Curl_Virus,train\Tomato___Tomato_Yellow_Leaf_Curl_Virus\42cdc8a5-8010-4486-8dcd-46fc67290412___YLCV_GCREC 2305.JPG,train\Tomato___Tomato_Yellow_Leaf_Curl_Virus\40d9f5a1-0215-4707-bdd9-96b089f44415___YLCV_GCREC 2574.JPG,Tomato___Tomato_Yellow_Leaf_Curl_Virus:::103.0,Tomato___Tomato_Yellow_Leaf_Curl_Virus:::170.0,False
7,False,train--validation,Tomato___Tomato_Yellow_Leaf_Curl_Virus,train\Tomato___Tomato_Yellow_Leaf_Curl_Virus\43a73727-237f-40e0-b7e1-95bf4d0eb756___YLCV_GCREC 5343.JPG,train\Tomato___Tomato_Yellow_Leaf_Curl_Virus\bbb32822-fa9c-418a-8ec9-b84dd8da65ca___YLCV_GCREC 2808.JPG,Tomato___Tomato_Yellow_Leaf_Curl_Virus:::319.0,Tomato___Tomato_Yellow_Leaf_Curl_Virus:::228.0,False
7,False,train--validation,Tomato___Tomato_Yellow_Leaf_Curl_Virus,train\Tomato___Tomato_Yellow_Leaf_Curl_Virus\47744ad1-e745-46f0-811b-ea825c79d664___YLCV_GCREC 5518.JPG,train\Tomato___Tomato_Yellow_Leaf_Curl_Virus\9635519a-297b-4635-94fe-7fc2fbf21705___YLCV_GCREC 2576.JPG,Tomato___Tomato_Yellow_Leaf_Curl_Virus:::362.0,Tomato___Tomato_Yellow_Leaf_Curl_Virus:::170.0,False
7,False,train--validation,Tomato___Tomato_Yellow_Leaf_Curl_Virus,train\Tomato___Tomato_Yellow_Leaf_Curl_Virus\5c3904f4-3df0-493b-a204-d57d1011004a___YLCV_GCREC 2766.JPG,train\Tomato___Tomato_Yellow_Leaf_Curl_Virus\9f41a7d7-d1a1-474e-8a5e-0835bc2e6a0c___YLCV_GCREC 2037.JPG,Tomato___Tomato_Yellow_Leaf_Curl_Virus:::218.0,Tomato___Tomato_Yellow_Leaf_Curl_Virus:::36.0,False
7,False,train--validation,Tomato___Tomato_Yellow_Leaf_Curl_Virus,train\Tomato___Tomato_Yellow_Leaf_Curl_Virus\82bfedaf-02ec-47df-b93d-86afa55ed895___YLCV_GCREC 2752.JPG,train\Tomato___Tomato_Yellow_Leaf_Curl_Virus\65cfef61-0347-46d8-99e8-49643a60c649___YLCV_GCREC 1995.JPG,Tomato___Tomato_Yellow_Leaf_Curl_Virus:::214.0,Tomato___Tomato_Yellow_Leaf_Curl_Virus:::26.0,False
7,False,train--validation,Tomato___Tomato_Yellow_Leaf_Curl_Virus,train\Tomato___Tomato_Yellow_Leaf_Curl_Virus\95b27a95-6bc1-44ff-b40b-dab246ff48ac___UF.GRC_YLCV_Lab 01638.JPG,val\Tomato___Tomato_Yellow_Leaf_Curl_Virus\c7241dbd-e45f-4954-88f2-85b40ca9c223___UF.GRC_YLCV_Lab 01648.JPG,,,True
7,False,train--validation,Tomato___Tomato_Yellow_Leaf_Curl_Virus,train\Tomato___Tomato_Yellow_Leaf_Curl_Virus\9d84a6c9-4688-47a5-af7f-cffbe291aed7___UF.GRC_YLCV_Lab 03078.JPG,train\Tomato___Tomato_Yellow_Leaf_Curl_Virus\e6704ebf-fa77-4b3c-a8ba-ff42e50a5b43___UF.GRC_YLCV_Lab 03084.JPG,,,True
7,False,train--validation,Tomato___Tomato_Yellow_Leaf_Curl_Virus,train\Tomato___Tomato_Yellow_Leaf_Curl_Virus\9f6baab7-e004-4b7f-b350-15235d53bbdd___YLCV_GCREC 2129.JPG,train\Tomato___Tomato_Yellow_Leaf_Curl_Virus\65cfef61-0347-46d8-99e8-49643a60c649___YLCV_GCREC 1995.JPG,Tomato___Tomato_Yellow_Leaf_Curl_Virus:::59.0,Tomato___Tomato_Yellow_Leaf_Curl_Virus:::26.0,False
7,False,train--validation,Tomato___Tomato_Yellow_Leaf_Curl_Virus,train\Tomato___Tomato_Yellow_Leaf_Curl_Virus\be67f74f-648f-4ab8-9478-76be838649a8___UF.GRC_YLCV_Lab 03321.JPG,train\Tomato___Tomato_Yellow_Leaf_Curl_Virus\b9fee910-ba74-47a7-a83f-77d8db7391ea___UF.GRC_YLCV_Lab 03322.JPG,,,True
7,False,train--validation,Tomato___Tomato_Yellow_Leaf_Curl_Virus,val\Tomato___Tomato_Yellow_Leaf_Curl_Virus\22103d3e-3b76-4cc4-9d78-12db97bde78f___UF.GRC_YLCV_Lab 02977.JPG,train\Tomato___Tomato_Yellow_Leaf_Curl_Virus\13efd83d-7fd2-41ee-b8e4-3413eda240a3___UF.GRC_YLCV_Lab 02970.JPG,,,True
7,False,train--validation,Tomato___Tomato_Yellow_Leaf_Curl_Virus,val\Tomato___Tomato_Yellow_Leaf_Curl_Virus\927f46b1-b59f-4d90-8ce9-2290db9d66ea___UF.GRC_YLCV_Lab 01383.JPG,train\Tomato___Tomato_Yellow_Leaf_Curl_Virus\f36b8307-6208-42dd-aa5c-7a983f1ab301___UF.GRC_YLCV_Lab 01382.JPG,,,True
7,False,train--validation,Tomato___healthy,train\Tomato___healthy\71967e69-6356-49c1-81ce-624792b4d964___GH_HL Leaf 315.1.JPG,val\Tomato___healthy\6ddb8b0b-5d74-4381-8787-6229de8d51fc___GH_HL Leaf 378.JPG,,,True
7,False,train--validation,Tomato___healthy,val\Tomato___healthy\a37b6334-5748-413a-9c7d-85c3ac8edee8___GH_HL Leaf 260.1.JPG,train\Tomato___healthy\f7d044c0-6900-4624-9c20-fa27aa0911ff___GH_HL Leaf 275.JPG,,,True
8,False,test--train,Apple___Apple_scab,train\Apple___Apple_scab\71c26585-883f-41e9-939c-5f1683cdf4ed___FREC_Scab 3302.JPG,train\Apple___Apple_scab\de8933ae-509d-48ae-8cd7-9097ad1e6d2d___FREC_Scab 3307.JPG,Apple___Apple_scab:::74.0,Apple___Apple_scab:::75.0,False
8,False,test--train,Apple___Black_rot,val\Apple___Black_rot\8cd80d06-a223-433e-adce-c0feed839b97___JR_FrgE.S 8679.JPG,train\Apple___Black_rot\d34cb771-c15b-41c4-aa43-ecae33df010b___JR_FrgE.S 8631.JPG,Apple_Frogeye Spot:::48.0,Apple_Frogeye Spot:::42.0,False
8,False,test--train,Apple___healthy,train\Apple___healthy\13cdbdbe-be7f-463c-9085-9ae160412772___RS_HL 6286.JPG,train\Apple___healthy\f2cda910-55c7-46d7-b1a2-9a3bb9792148___RS_HL 6274.JPG,Apple___healthy:::107.0,Apple___healthy:::105.0,False
8,False,test--train,Apple___healthy,train\Apple___healthy\13cdbdbe-be7f-463c-9085-9ae160412772___RS_HL 6286.JPG,val\Apple___healthy\fdbfa6f7-f887-442d-8df1-1f0cf839fc4d___RS_HL 6274.JPG,Apple___healthy:::107.0,Apple___healthy:::105.0,False
8,False,test--train,Apple___healthy,train\Apple___healthy\6a2b2664-0e91-455c-8978-64c097631604___RS_HL 7808.JPG,train\Apple___healthy\1a905d2f-3b54-41b4-bab8-3c2b0845a91d___RS_HL 7958.JPG,Apple___healthy:::205.0,Apple___healthy:::225.0,False
8,False,test--train,Apple___healthy,train\Apple___healthy\99b369d2-fa9b-4d3b-8516-462dbae8561a___RS_HL 7242.JPG,train\Apple___healthy\ac7b5666-1fe7-4407-a769-7beb71dadd13___RS_HL 5640.JPG,Apple___healthy:::115.0,Apple___healthy:::1.0,False
8,False,test--train,Apple___healthy,train\Apple___healthy\9d3bb139-5177-4d08-914b-5fe232cff065___RS_HL 6011.JPG,train\Apple___healthy\2ba31dd4-36d6-4cda-b2e6-c1f53a174d4d___RS_HL 6305.JPG,Apple___healthy:::62.0,Apple___healthy:::110.0,False
8,False,test--train,Apple___healthy,train\Apple___healthy\9f288c49-e11c-4054-9a44-b5e81e39427a___RS_HL 7938.JPG,train\Apple___healthy\f6424729-cfe4-4f67-bd16-d4c5c84daaa0___RS_HL 6195.JPG,Apple___healthy:::222.0,Apple___healthy:::92.0,False
8,False,test--train,Apple___healthy,train\Apple___healthy\c4fcb18d-d501-43da-a069-85bb58831714___RS_HL 5840.JPG,train\Apple___healthy\c58cad9c-4529-4be6-8c40-d0f10701fe14___RS_HL 5744.JPG,Apple___healthy:::34.0,Apple___healthy:::18.0,False
8,False,test--train,Apple___healthy,val\Apple___healthy\1356ba06-a72d-480b-b9e5-7bc349d9e605___RS_HL 6208.JPG,train\Apple___healthy\23484fef-f518-486c-8469-c33469e4ac11___RS_HL 6117.JPG,Apple___healthy:::94.0,Apple___healthy:::79.0,False
8,False,test--train,Apple___healthy,val\Apple___healthy\ac9eef55-7ba7-4663-913a-6c68fc5b3376___RS_HL 5696.JPG,val\Apple___healthy\435d4aff-f96c-415a-91a4-07e21179a3d0___RS_HL 8159.JPG,Apple___healthy:::10.0,Apple___healthy:::251.0,False
8,False,test--train,Apple___healthy,val\Apple___healthy\f0194580-8ee6-4149-a63d-7935bc29c09e___RS_HL 7761.JPG,train\Apple___healthy\fca55eaf-abbb-4941-89f7-e3698c1f77f1___RS_HL 8171.JPG,Apple___healthy:::199.0,Apple___healthy:::253.0,False
8,False,test--train,Blueberry___healthy,train\Blueberry___healthy\19de395f-ec98-486c-852b-9f087676abd2___RS_HL 5224.JPG,val\Blueberry___healthy\f97a484e-f0aa-40b8-8dcb-0a8ca6795395___RS_HL 4905.JPG,Blueberry___healthy:::140.0,Blueberry___healthy:::115.0,False
8,False,test--train,Blueberry___healthy,train\Blueberry___healthy\1fcae89c-5c2b-421e-b176-d99d1db62147___RS_HL 5271.JPG,train\Blueberry___healthy\45148f5a-3724-43e7-ae3a-711c1883b5ad___RS_HL 5473.JPG,Blueberry___healthy:::144.0,Blueberry___healthy:::156.0,False
8,False,test--train,Blueberry___healthy,train\Blueberry___healthy\1fcae89c-5c2b-421e-b176-d99d1db62147___RS_HL 5271.JPG,train\Blueberry___healthy\b385574e-a78a-491f-9e71-7e92c53a4df2___RS_HL 5198.JPG,Blueberry___healthy:::144.0,Blueberry___healthy:::139.0,False
8,False,test--train,Blueberry___healthy,train\Blueberry___healthy\276eefe5-2742-4610-9d6a-7d22083d10b1___RS_HL 5285.JPG,train\Blueberry___healthy\75f26163-91ef-4db4-bb24-5c56a4a79509___RS_HL 5133.JPG,Blueberry___healthy:::144.0,Blueberry___healthy:::136.0,False
8,False,test--train,Blueberry___healthy,train\Blueberry___healthy\276eefe5-2742-4610-9d6a-7d22083d10b1___RS_HL 5285.JPG,train\Blueberry___healthy\76ae50f6-3165-47ab-a165-26f4bb407f54___RS_HL 5241.JPG,Blueberry___healthy:::144.0,Blueberry___healthy:::142.0,False
8,False,test--train,Blueberry___healthy,train\Blueberry___healthy\3153c7af-e06c-4281-9cd5-a3672c85ef23___RS_HL 0589.JPG,train\Blueberry___healthy\04bd89de-3fc5-45c1-acd7-ead9933eb9e3___RS_HL 2428.JPG,Blueberry___healthy:::38.0,Blueberry___healthy:::83.0,False
8,False,test--train,Blueberry___healthy,train\Blueberry___healthy\3153c7af-e06c-4281-9cd5-a3672c85ef23___RS_HL 0589.JPG,train\Blueberry___healthy\e829c80a-6787-4d9f-a41a-4965a19557fb___RS_HL 2456.JPG,Blueberry___healthy:::38.0,Blueberry___healthy:::86.0,False
8,False,test--train,Blueberry___healthy,train\Blueberry___healthy\4f2941cd-4742-423d-9893-3fe18934f531___RS_HL 5342.JPG,train\Blueberry___healthy\36828f55-fc23-4083-a3e9-53e5318303a9___RS_HL 5310.JPG,Blueberry___healthy:::147.0,Blueberry___healthy:::145.0,False
8,False,test--train,Blueberry___healthy,train\Blueberry___healthy\50ef3c6b-64c7-4913-b6b4-e64e28f76b3c___RS_HL 5291.JPG,train\Blueberry___healthy\a0fef3ff-ee9a-4e33-a5e2-7c09e93a727d___RS_HL 4948.JPG,Blueberry___healthy:::144.0,Blueberry___healthy:::119.0,False
8,False,test--train,Blueberry___healthy,train\Blueberry___healthy\510e3ed4-e110-4c04-b7cc-672862b7022b___RS_HL 5131.JPG,train\Blueberry___healthy\7e3fcfb9-ce8e-42f1-a05e-e30b1c91fb86___RS_HL 4933.JPG,Blueberry___healthy:::135.0,Blueberry___healthy:::118.0,False
8,False,test--train,Blueberry___healthy,train\Blueberry___healthy\72cb878c-5714-4170-97ee-deee097d6de4___RS_HL 0743.JPG,train\Blueberry___healthy\132f87df-7c5f-46c9-9ede-864ec865fd6d___RS_HL 2528.JPG,Blueberry___healthy:::59.0,Blueberry___healthy:::94.0,False
8,False,test--train,Blueberry___healthy,train\Blueberry___healthy\7f54d169-a76d-4977-8331-2a9793c1662b___RS_HL 0503.JPG,train\Blueberry___healthy\fa9666e5-57f5-4664-b51a-ce5b1fa52843___RS_HL 2485.JPG,Blueberry___healthy:::25.0,Blueberry___healthy:::89.0,False
8,False,test--train,Blueberry___healthy,train\Blueberry___healthy\98d8a833-72c6-4c94-a88b-6f2cb1a9ebb3___RS_HL 2348.JPG,val\Blueberry___healthy\d3aac210-2d72-4aae-959a-b51e5a063571___RS_HL 0337.JPG,Blueberry___healthy:::74.0,Blueberry___healthy:::4.0,False
8,False,test--train,Blueberry___healthy,train\Blueberry___healthy\a6168276-7998-41a4-b839-28ea3dda4505___RS_HL 2350.JPG,train\Blueberry___healthy\a2649163-9de5-4ff8-bb38-470b499fb3bb___RS_HL 2300.JPG,Blueberry___healthy:::74.0,Blueberry___healthy:::70.0,False
8,False,test--train,Blueberry___healthy,train\Blueberry___healthy\a6168276-7998-41a4-b839-28ea3dda4505___RS_HL 2350.JPG,train\Blueberry___healthy\cc3cb2a7-a0e6-438b-b6f2-82478f914cac___RS_HL 2265.JPG,Blueberry___healthy:::74.0,Blueberry___healthy:::66.0,False
8,False,test--train,Blueberry___healthy,train\Blueberry___healthy\b2dad54e-a7a4-4b2e-9203-d703437f7274___RS_HL 0495.JPG,train\Blueberry___healthy\2cb24c4e-4574-48ec-a42c-1a483d52335f___RS_HL 0609.JPG,Blueberry___healthy:::24.0,Blueberry___healthy:::41.0,False
8,False,test--train,Blueberry___healthy,train\Blueberry___healthy\bf71f73c-77ad-4795-9126-3c02b6f76752___RS_HL 2685.JPG,train\Blueberry___healthy\0a3f8b2f-9bb1-4da9-85a1-fb5a52c059e2___RS_HL 2478.JPG,Blueberry___healthy:::112.0,Blueberry___healthy:::88.0,False
8,False,test--train,Blueberry___healthy,train\Blueberry___healthy\d7abc7cf-e614-43a3-955b-1bb760e234d5___RS_HL 5286.JPG,train\Blueberry___healthy\53fcae82-9f10-419f-b2bb-cb4d46d73c3e___RS_HL 4943.JPG,Blueberry___healthy:::144.0,Blueberry___healthy:::119.0,False
8,False,test--train,Blueberry___healthy,train\Blueberry___healthy\ffa088ac-5713-418d-be12-7fdb2efdd7b3___RS_HL 2351.JPG,train\Blueberry___healthy\7ba38ea1-9389-44b8-8caa-83ca35c6cfd6___RS_HL 2404.JPG,Blueberry___healthy:::74.0,Blueberry___healthy:::80.0,False
8,False,test--train,Blueberry___healthy,val\Blueberry___healthy\1dac8f21-e2ba-4c12-92c3-d2802177062b___RS_HL 2570.JPG,train\Blueberry___healthy\b999c795-8e26-4293-a9ad-d6bad90592de___RS_HL 2418.JPG,Blueberry___healthy:::99.0,Blueberry___healthy:::82.0,False
8,False,test--train,Blueberry___healthy,val\Blueberry___healthy\44dd21d5-d2e3-4b76-bc32-5642221c6df3___RS_HL 5480.JPG,train\Blueberry___healthy\7ebded63-7349-4ed4-9e3c-488a79d6252e___RS_HL 5169.JPG,Blueberry___healthy:::157.0,Blueberry___healthy:::137.0,False
8,False,test--train,Blueberry___healthy,val\Blueberry___healthy\95b11c2f-6d6d-4371-97ae-f4430170a16e___RS_HL 2673.JPG,train\Blueberry___healthy\93e02c2b-0ccb-43a9-b34d-07f6b83d62a7___RS_HL 2525.JPG,Blueberry___healthy:::110.0,Blueberry___healthy:::93.0,False
8,False,test--train,Cherry_(including_sour)___healthy,train\Cherry_(including_sour)___healthy\0c104a65-d734-45f5-98a1-621825705add___JR_HL 9478.JPG,train\Cherry_(including_sour)___healthy\b4ac3179-6fd4-4b2a-bf8c-479de4348ff4___JR_HL 9535.JPG,Cherry_(including_sour)___healthy:::47.0,Cherry_(including_sour)___healthy:::55.0,False
8,False,test--train,Cherry_(including_sour)___healthy,train\Cherry_(including_sour)___healthy\0ce4ee15-d59b-4212-ab2a-8b6a07f3634f___JR_HL 9707.JPG,train\Cherry_(including_sour)___healthy\3701b877-df2b-49cd-9bb9-066dd6f2f206___JR_HL 9734.JPG,Cherry_(including_sour)___healthy:::77.0,Cherry_(including_sour)___healthy:::81.0,False
8,False,test--train,Cherry_(including_sour)___healthy,train\Cherry_(including_sour)___healthy\0ce4ee15-d59b-4212-ab2a-8b6a07f3634f___JR_HL 9707.JPG,train\Cherry_(including_sour)___healthy\8c2ca351-4aeb-4da9-9e5b-8905509cf148___JR_HL 9683.JPG,Cherry_(including_sour)___healthy:::77.0,Cherry_(including_sour)___healthy:::74.0,False
8,False,test--train,Cherry_(including_sour)___healthy,train\Cherry_(including_sour)___healthy\0ce4ee15-d59b-4212-ab2a-8b6a07f3634f___JR_HL 9707.JPG,train\Cherry_(including_sour)___healthy\a5f22940-d3e6-4ee0-84d1-be2110614d4a___JR_HL 9763.JPG,Cherry_(including_sour)___healthy:::77.0,Cherry_(including_sour)___healthy:::85.0,False
8,False,test--train,Cherry_(including_sour)___healthy,train\Cherry_(including_sour)___healthy\0ce4ee15-d59b-4212-ab2a-8b6a07f3634f___JR_HL 9707.JPG,train\Cherry_(including_sour)___healthy\dc8ada8f-338c-4428-8878-b3d91f038374___JR_HL 9545.JPG,Cherry_(including_sour)___healthy:::77.0,Cherry_(including_sour)___healthy:::56.0,False
8,False,test--train,Cherry_(including_sour)___healthy,train\Cherry_(including_sour)___healthy\0ce4ee15-d59b-4212-ab2a-8b6a07f3634f___JR_HL 9707.JPG,val\Cherry_(including_sour)___healthy\791a7d36-49d2-4b61-8fc9-bfab404a9124___JR_HL 9456.JPG,Cherry_(including_sour)___healthy:::77.0,Cherry_(including_sour)___healthy:::44.0,False
8,False,test--train,Cherry_(including_sour)___healthy,train\Cherry_(including_sour)___healthy\1d153987-66bc-45bd-aa65-78dfbd5a6a53___JR_HL 9626.JPG,train\Cherry_(including_sour)___healthy\40dce93a-7697-4c0d-b37d-e3147c7ece78___JR_HL 9464.JPG,Cherry_(including_sour)___healthy:::68.0,Cherry_(including_sour)___healthy:::45.0,False
8,False,test--train,Cherry_(including_sour)___healthy,train\Cherry_(including_sour)___healthy\1d153987-66bc-45bd-aa65-78dfbd5a6a53___JR_HL 9626.JPG,train\Cherry_(including_sour)___healthy\5d6ae672-3a2e-4be6-905c-c9e42e381a8a___JR_HL 9841.JPG,Cherry_(including_sour)___healthy:::68.0,Cherry_(including_sour)___healthy:::96.0,False
8,False,test--train,Cherry_(including_sour)___healthy,train\Cherry_(including_sour)___healthy\1d153987-66bc-45bd-aa65-78dfbd5a6a53___JR_HL 9626.JPG,train\Cherry_(including_sour)___healthy\ab72c1fa-5d40-4bc9-a384-a99fab121811___JR_HL 9510.JPG,Cherry_(including_sour)___healthy:::68.0,Cherry_(including_sour)___healthy:::51.0,False
8,False,test--train,Cherry_(including_sour)___healthy,train\Cherry_(including_sour)___healthy\1d153987-66bc-45bd-aa65-78dfbd5a6a53___JR_HL 9626.JPG,train\Cherry_(including_sour)___healthy\ec1514ea-278c-4baf-889c-f2d057328abb___JR_HL 9752.JPG,Cherry_(including_sour)___healthy:::68.0,Cherry_(including_sour)___healthy:::84.0,False
8,False,test--train,Cherry_(including_sour)___healthy,train\Cherry_(including_sour)___healthy\3a13074d-d44e-42a8-afad-c42b5c3ea28f___JR_HL 9709.JPG,train\Cherry_(including_sour)___healthy\9b806380-3a4c-44af-8f88-8f9e52fc1428___JR_HL 9736.JPG,Cherry_(including_sour)___healthy:::77.0,Cherry_(including_sour)___healthy:::81.0,False
8,False,test--train,Cherry_(including_sour)___healthy,train\Cherry_(including_sour)___healthy\a5f27f47-9b56-4c1c-941a-12e2525496cb___JR_HL 9771.JPG,train\Cherry_(including_sour)___healthy\326920ea-c28f-4444-a893-e3b00ecc5915___JR_HL 4198.JPG,Cherry_(including_sour)___healthy:::86.0,Cherry_(including_sour)___healthy:::26.0,False
8,False,test--train,Cherry_(including_sour)___healthy,train\Cherry_(including_sour)___healthy\a5f27f47-9b56-4c1c-941a-12e2525496cb___JR_HL 9771.JPG,train\Cherry_(including_sour)___healthy\754be5a5-dba1-4abb-afe8-c2e75edcf883___JR_HL 3929.JPG,Cherry_(including_sour)___healthy:::86.0,Cherry_(including_sour)___healthy:::2.0,False
8,False,test--train,Cherry_(including_sour)___healthy,train\Cherry_(including_sour)___healthy\a5f27f47-9b56-4c1c-941a-12e2525496cb___JR_HL 9771.JPG,val\Cherry_(including_sour)___healthy\162dc895-00e6-4f02-ab49-a7030ec8984d___JR_HL 9445.JPG,Cherry_(including_sour)___healthy:::86.0,Cherry_(including_sour)___healthy:::43.0,False
8,False,test--train,Cherry_(including_sour)___healthy,train\Cherry_(including_sour)___healthy\af3fc764-85b8-4777-8056-585d6a13e225___JR_HL 4062.JPG,train\Cherry_(including_sour)___healthy\88aa10b3-3574-49a1-8bb3-183525fa9848___JR_HL 4081.JPG,Cherry_(including_sour)___healthy:::14.0,Cherry_(including_sour)___healthy:::15.0,False
8,False,test--train,Cherry_(including_sour)___healthy,train\Cherry_(including_sour)___healthy\ded8ae3a-2f72-4ee5-a7d2-c682bfd59d6b___JR_HL 9875 copy.JPG,val\Cherry_(including_sour)___healthy\344ccdfc-3269-4b18-aeb8-a57fbd8b5de3___JR_HL 9541.JPG,Cherry_(including_sour)___healthy:::102.0,Cherry_(including_sour)___healthy:::56.0,False
8,False,test--train,Cherry_(including_sour)___healthy,train\Cherry_(including_sour)___healthy\e681961f-9b24-4191-b3e3-2e9a5b48f3b5___JR_HL 9630.JPG,train\Cherry_(including_sour)___healthy\e30c20ef-d5c2-483a-b3a1-1aa82397520e___JR_HL 9523.JPG,Cherry_(including_sour)___healthy:::68.0,Cherry_(including_sour)___healthy:::53.0,False
8,False,test--train,Cherry_(including_sour)___healthy,train\Cherry_(including_sour)___healthy\ecf911e8-82ab-437b-b3a9-61ee8429e3ba___JR_HL 9705.JPG,train\Cherry_(including_sour)___healthy\2e931d34-fb49-4e1b-9f1f-3f20d163c624___JR_HL 9672.JPG,Cherry_(including_sour)___healthy:::77.0,Cherry_(including_sour)___healthy:::73.0,False
8,False,test--train,Cherry_(including_sour)___healthy,train\Cherry_(including_sour)___healthy\f942f9e6-c4b4-4928-90f3-171cc6ccd9cb___JR_HL 9772.JPG,train\Cherry_(including_sour)___healthy\15b8341a-ccad-4e01-be86-01bec89089d2___JR_HL 9474.JPG,Cherry_(including_sour)___healthy:::86.0,Cherry_(including_sour)___healthy:::46.0,False
8,False,test--train,Cherry_(including_sour)___healthy,val\Cherry_(including_sour)___healthy\92cd65f0-9866-4985-b706-733e8c53ed83___JR_HL 4007.JPG,train\Cherry_(including_sour)___healthy\22cbfe56-85b9-4e13-8a75-faaddd496d26___JR_HL 4197.JPG,Cherry_(including_sour)___healthy:::8.0,Cherry_(including_sour)___healthy:::26.0,False
8,False,test--train,Cherry_(including_sour)___healthy,val\Cherry_(including_sour)___healthy\a02b4505-3eca-4e10-bed7-4988f600ac27___JR_HL 9769.JPG,train\Cherry_(including_sour)___healthy\f5284eab-9540-4512-b363-1cb8a96123c2___JR_HL 9594.JPG,Cherry_(including_sour)___healthy:::86.0,Cherry_(including_sour)___healthy:::63.0,False
8,False,test--train,Corn_(maize)___Cercospora_leaf_spot Gray_leaf_spot,train\Corn_(maize)___Cercospora_leaf_spot Gray_leaf_spot\837474e2-d11d-44b7-b39b-0a21442b1e04___RS_GLSp 4455.JPG,train\Corn_(maize)___Cercospora_leaf_spot Gray_leaf_spot\038464d1-47a9-4169-afb1-72c87e568a95___RS_GLSp 4480.JPG,,,True
8,False,test--train,Corn_(maize)___Common_rust_,train\Corn_(maize)___Common_rust_\RS_Rust 1896.JPG,train\Corn_(maize)___Common_rust_\RS_Rust 2442.JPG,,,True
8,False,test--train,Corn_(maize)___Common_rust_,train\Corn_(maize)___Common_rust_\RS_Rust 1936.JPG,train\Corn_(maize)___Common_rust_\RS_Rust 2475.JPG,,,True
8,False,test--train,Corn_(maize)___Common_rust_,train\Corn_(maize)___Common_rust_\RS_Rust 2154.JPG,val\Corn_(maize)___Common_rust_\RS_Rust 2326.JPG,,,True
8,False,test--train,Corn_(maize)___Common_rust_,train\Corn_(maize)___Common_rust_\RS_Rust 2213.JPG,train\Corn_(maize)___Common_rust_\RS_Rust 2436.JPG,,,True
8,False,test--train,Corn_(maize)___Common_rust_,train\Corn_(maize)___Common_rust_\RS_Rust 2318.JPG,train\Corn_(maize)___Common_rust_\RS_Rust 2513.JPG,,,True
8,False,test--train,Corn_(maize)___Common_rust_,train\Corn_(maize)___Common_rust_\RS_Rust 2386.JPG,train\Corn_(maize)___Common_rust_\RS_Rust 1903.JPG,,,True
8,False,test--train,Corn_(maize)___Common_rust_,train\Corn_(maize)___Common_rust_\RS_Rust 2532.JPG,train\Corn_(maize)___Common_rust_\RS_Rust 1903.JPG,,,True
8,False,test--train,Corn_(maize)___Common_rust_,train\Corn_(maize)___Common_rust_\RS_Rust 2532.JPG,train\Corn_(maize)___Common_rust_\RS_Rust 1991.JPG,,,True
8,False,test--train,Corn_(maize)___Common_rust_,train\Corn_(maize)___Common_rust_\RS_Rust 2532.JPG,train\Corn_(maize)___Common_rust_\RS_Rust 2501.JPG,,,True
8,False,test--train,Corn_(maize)___Common_rust_,train\Corn_(maize)___Common_rust_\RS_Rust 2532.JPG,train\Corn_(maize)___Common_rust_\RS_Rust 2759.JPG,,,True
8,False,test--train,Corn_(maize)___Common_rust_,train\Corn_(maize)___Common_rust_\RS_Rust 2753.JPG,train\Corn_(maize)___Common_rust_\RS_Rust 1718.JPG,,,True
8,False,test--train,Corn_(maize)___Common_rust_,train\Corn_(maize)___Common_rust_\RS_Rust 2753.JPG,train\Corn_(maize)___Common_rust_\RS_Rust 2737.JPG,,,True
8,False,test--train,Corn_(maize)___Common_rust_,val\Corn_(maize)___Common_rust_\RS_Rust 1962.JPG,train\Corn_(maize)___Common_rust_\RS_Rust 2502.JPG,,,True
8,False,test--train,Corn_(maize)___Common_rust_,val\Corn_(maize)___Common_rust_\RS_Rust 2382.JPG,train\Corn_(maize)___Common_rust_\RS_Rust 1998.JPG,,,True
8,False,test--train,Corn_(maize)___Common_rust_,val\Corn_(maize)___Common_rust_\RS_Rust 2400.JPG,train\Corn_(maize)___Common_rust_\RS_Rust 2360.JPG,,,True
8,False,test--train,Corn_(maize)___Common_rust_,val\Corn_(maize)___Common_rust_\RS_Rust 2602.JPG,train\Corn_(maize)___Common_rust_\RS_Rust 2611.JPG,,,True
8,False,test--train,Corn_(maize)___Common_rust_,val\Corn_(maize)___Common_rust_\RS_Rust 2692.JPG,train\Corn_(maize)___Common_rust_\RS_Rust 2696.JPG,,,True
8,False,test--train,Corn_(maize)___Northern_Leaf_Blight,train\Corn_(maize)___Northern_Leaf_Blight\b7cbd856-9fad-43a3-9b98-64b7b31c0f76___RS_NLB 4065.JPG,train\Corn_(maize)___Northern_Leaf_Blight\9617c741-671f-4193-bf4d-de62642d7d85___RS_NLB 4064.JPG,,,True
8,False,test--train,Corn_(maize)___healthy,train\Corn_(maize)___healthy\3b1e3c0f-e493-4d5f-866b-c2274d307471___R.S_HL 0608.JPG,train\Corn_(maize)___healthy\2255588b-9281-4d7e-959f-cff61f97eb6b___R.S_HL 0608 copy 2.jpg,,,True
8,False,test--train,Grape___Black_rot,train\Grape___Black_rot\03423777-68b9-430e-9787-fbd776740881___FAM_B.Rot 0346.JPG,train\Grape___Black_rot\c50760d3-032a-43f9-b2f6-ac6825fdb03f___FAM_B.Rot 0729.JPG,Grape___Black_rot:::6.0,Grape___Black_rot:::102.0,False
8,False,test--train,Grape___Black_rot,train\Grape___Black_rot\03423777-68b9-430e-9787-fbd776740881___FAM_B.Rot 0346.JPG,train\Grape___Black_rot\fc12aaf6-c133-46fb-b08a-bf7dd5d619ac___FAM_B.Rot 0462.JPG,Grape___Black_rot:::6.0,Grape___Black_rot:::35.0,False
8,False,test--train,Grape___Black_rot,train\Grape___Black_rot\10c69f64-73f4-4bb0-9319-b660ffb60e11___FAM_B.Rot 3545.JPG,train\Grape___Black_rot\9aad4625-a52d-4a3d-839f-aedd88c2f300___FAM_B.Rot 0521.JPG,Grape___Black_rot:::248.0,Grape___Black_rot:::50.0,False
8,False,test--train,Grape___Black_rot,train\Grape___Black_rot\315c24e9-0f5a-4546-a2ce-4c878108e27d___FAM_B.Rot 3065.JPG,train\Grape___Black_rot\ada23412-b2ee-46db-8958-5d7163acb03e___FAM_B.Rot 0725.JPG,Grape___Black_rot:::129.0,Grape___Black_rot:::101.0,False
8,False,test--train,Grape___Black_rot,train\Grape___Black_rot\33f329ff-48f1-4c8d-b88c-2fcf9e2a94f7___FAM_B.Rot 3037.JPG,train\Grape___Black_rot\91fb3a23-97c3-4f92-ab25-ccb57f1b131d___FAM_B.Rot 3029.JPG,Grape___Black_rot:::122.0,Grape___Black_rot:::120.0,False
8,False,test--train,Grape___Black_rot,train\Grape___Black_rot\4dd5393a-fbcd-41da-b67c-5f74c3a5851d___FAM_B.Rot 3336.JPG,train\Grape___Black_rot\a3dfcf0a-ac90-4036-9fee-9862f13c0783___FAM_B.Rot 3372.JPG,Grape___Black_rot:::196.0,Grape___Black_rot:::205.0,False
8,False,test--train,Grape___Black_rot,train\Grape___Black_rot\5253392d-9dc1-45cf-8f69-ac81ac69db47___FAM_B.Rot 0518.JPG,train\Grape___Black_rot\f42ebfcd-8f30-4438-8b74-4f6c8d74f86f___FAM_B.Rot 0455.JPG,Grape___Black_rot:::49.0,Grape___Black_rot:::34.0,False
8,False,test--train,Grape___Black_rot,train\Grape___Black_rot\61c865cc-fecf-437d-aa7d-e1d836723f62___FAM_B.Rot 3040.JPG,train\Grape___Black_rot\1f9d01f0-dde4-49f5-9c27-e87432451556___FAM_B.Rot 3414.JPG,Grape___Black_rot:::122.0,Grape___Black_rot:::215.0,False
8,False,test--train,Grape___Black_rot,train\Grape___Black_rot\61c865cc-fecf-437d-aa7d-e1d836723f62___FAM_B.Rot 3040.JPG,train\Grape___Black_rot\9142e7d3-183b-4c3f-a255-5fff2e6c208a___FAM_B.Rot 0382.JPG,Grape___Black_rot:::122.0,Grape___Black_rot:::15.0,False
8,False,test--train,Grape___Black_rot,train\Grape___Black_rot\64b72059-d3f9-4378-8ee5-e18f352e9784___FAM_B.Rot 3543.JPG,train\Grape___Black_rot\bd4b74cd-a367-441c-9a27-89c0a93e60cb___FAM_B.Rot 0460.JPG,Grape___Black_rot:::248.0,Grape___Black_rot:::35.0,False
8,False,test--train,Grape___Black_rot,train\Grape___Black_rot\7ad894ca-3f99-48ea-9470-fb98a41d8b67___FAM_B.Rot 0327.JPG,train\Grape___Black_rot\35b05f58-cb96-4d85-b5b7-9c03c84862b3___FAM_B.Rot 0351.JPG,Grape___Black_rot:::2.0,Grape___Black_rot:::8.0,False
8,False,test--train,Grape___Black_rot,train\Grape___Black_rot\859a008e-f4c4-4108-8b82-f917cc58c9f9___FAM_B.Rot 0343.JPG,train\Grape___Black_rot\96031042-578f-4a47-bac2-1a09adcf2f78___FAM_B.Rot 3495.JPG,Grape___Black_rot:::6.0,Grape___Black_rot:::236.0,False
8,False,test--train,Grape___Black_rot,train\Grape___Black_rot\a2718fdc-806f-4a37-a4f6-8bb90bcb3dea___FAM_B.Rot 0683.JPG,train\Grape___Black_rot\287d7355-de96-49aa-8835-2ddaa01395ba___FAM_B.Rot 3032.JPG,Grape___Black_rot:::90.0,Grape___Black_rot:::120.0,False
8,False,test--train,Grape___Black_rot,train\Grape___Black_rot\aa600fb5-718b-443a-b959-21d13c97a5c2___FAM_B.Rot 0686.JPG,val\Grape___Black_rot\5c74cb8c-adfa-4221-bbb9-bdc15edebadc___FAM_B.Rot 3086.JPG,Grape___Black_rot:::91.0,Grape___Black_rot:::134.0,False
8,False,test--train,Grape___Black_rot,train\Grape___Black_rot\ae42a097-ae73-4526-af1e-496bb0b50b32___FAM_B.Rot 3038.JPG,train\Grape___Black_rot\f704774d-f2f1-44fc-a8e9-098d4c455ace___FAM_B.Rot 0461.JPG,Grape___Black_rot:::122.0,Grape___Black_rot:::35.0,False
8,False,test--train,Grape___Black_rot,train\Grape___Black_rot\af216e79-31f5-48e9-9fd5-817fc86b694a___FAM_B.Rot 3018.JPG,train\Grape___Black_rot\1132be9e-d2ff-42e6-9cd2-5d4087a39ca8___FAM_B.Rot 0413.JPG,Grape___Black_rot:::117.0,Grape___Black_rot:::23.0,False
8,False,test--train,Grape___Black_rot,train\Grape___Black_rot\d5c7a5e5-2a4a-4c3c-a01e-e6ed208017a7___FAM_B.Rot 3329.JPG,train\Grape___Black_rot\6a140925-ad57-4690-abc4-0aad99a706e8___FAM_B.Rot 0554.JPG,Grape___Black_rot:::194.0,Grape___Black_rot:::58.0,False
8,False,test--train,Grape___Black_rot,train\Grape___Black_rot\d5c7a5e5-2a4a-4c3c-a01e-e6ed208017a7___FAM_B.Rot 3329.JPG,val\Grape___Black_rot\1d482244-3c8c-40fa-8a40-a0ad06ae1e7b___FAM_B.Rot 5100.JPG,Grape___Black_rot:::194.0,Grape___Black_rot:::293.0,False
8,False,test--train,Grape___Black_rot,train\Grape___Black_rot\dfc2243f-ab60-456a-99f4-4eeafccad262___FAM_B.Rot 0659.JPG,train\Grape___Black_rot\fc12aaf6-c133-46fb-b08a-bf7dd5d619ac___FAM_B.Rot 0462.JPG,Grape___Black_rot:::84.0,Grape___Black_rot:::35.0,False
8,False,test--train,Grape___Black_rot,train\Grape___Black_rot\f671aef3-95ba-403e-bfc8-8fbb1ca9b5a5___FAM_B.Rot 0425.JPG,train\Grape___Black_rot\796d96a4-6f82-424d-acb7-cc27012c4ebd___FAM_B.Rot 3143.JPG,Grape___Black_rot:::26.0,Grape___Black_rot:::148.0,False
8,False,test--train,Grape___Black_rot,val\Grape___Black_rot\15a4e7ad-b75d-433a-8bb8-097ab86a71fb___FAM_B.Rot 0515.JPG,train\Grape___Black_rot\5ce9d6df-162c-4488-9b80-eadfcbd1d02c___FAM_B.Rot 0563.JPG,Grape___Black_rot:::49.0,Grape___Black_rot:::61.0,False
8,False,test--train,Grape___Black_rot,val\Grape___Black_rot\40f7f974-67d0-4a8d-b1b8-386007854643___FAM_B.Rot 0471.JPG,train\Grape___Black_rot\287d7355-de96-49aa-8835-2ddaa01395ba___FAM_B.Rot 3032.JPG,Grape___Black_rot:::38.0,Grape___Black_rot:::120.0,False
8,False,test--train,Grape___Black_rot,val\Grape___Black_rot\4885eb16-083f-4132-afa8-8185eb86616a___FAM_B.Rot 3264.JPG,train\Grape___Black_rot\a3dfcf0a-ac90-4036-9fee-9862f13c0783___FAM_B.Rot 3372.JPG,Grape___Black_rot:::178.0,Grape___Black_rot:::205.0,False
8,False,test--train,Grape___Black_rot,val\Grape___Black_rot\4885eb16-083f-4132-afa8-8185eb86616a___FAM_B.Rot 3264.JPG,train\Grape___Black_rot\fc12aaf6-c133-46fb-b08a-bf7dd5d619ac___FAM_B.Rot 0462.JPG,Grape___Black_rot:::178.0,Grape___Black_rot:::35.0,False
8,False,test--train,Grape___Black_rot,val\Grape___Black_rot\7b2ca8d1-8192-4009-920d-06b5ec7378c0___FAM_B.Rot 3266.JPG,train\Grape___Black_rot\23ec3d02-67f1-4dd9-95a5-302f998bebe8___FAM_B.Rot 0629.JPG,Grape___Black_rot:::179.0,Grape___Black_rot:::77.0,False
8,False,test--train,Grape___Black_rot,val\Grape___Black_rot\ce59abc7-726e-4fdf-93ca-58d815ba7ee4___FAM_B.Rot 3109.JPG,val\Grape___Black_rot\e09bbce3-c5ad-404d-82c9-206ceaa40a24___FAM_B.Rot 0519.JPG,Grape___Black_rot:::140.0,Grape___Black_rot:::50.0,False
8,False,test--train,Grape___Black_rot,val\Grape___Black_rot\faf6fee8-7092-4955-8c90-abee39bd7bd4___FAM_B.Rot 0473.JPG,train\Grape___Black_rot\a30c651a-ef6a-4c84-9fc8-b79663d71a9a___FAM_B.Rot 0589.JPG,Grape___Black_rot:::38.0,Grape___Black_rot:::67.0,False
8,False,test--train,Grape___Black_rot,val\Grape___Black_rot\faf6fee8-7092-4955-8c90-abee39bd7bd4___FAM_B.Rot 0473.JPG,train\Grape___Black_rot\d42dd1a5-4763-4d95-8de0-285dd4a7c0a9___FAM_B.Rot 0608.JPG,Grape___Black_rot:::38.0,Grape___Black_rot:::72.0,False
8,False,test--train,Grape___Esca_(Black_Measles),train\Grape___Esca_(Black_Measles)\18281818-c3a8-453b-b5fd-6101853e4aca___FAM_B.Msls 3915.JPG,train\Grape___Esca_(Black_Measles)\1ab73b8a-ab8f-499b-a38a-ba59c21f8802___FAM_B.Msls 3871.JPG,Grape___Esca_(Black_Measles):::202.0,Grape___Esca_(Black_Measles):::191.0,False
8,False,test--train,Grape___Esca_(Black_Measles),train\Grape___Esca_(Black_Measles)\29c45ec7-f6eb-4c97-8052-ab3f4a062f41___FAM_B.Msls 4389.JPG,train\Grape___Esca_(Black_Measles)\fa3301ff-8a97-4715-a7c9-5c73d93fed40___FAM_B.Msls 1105.JPG,Grape___Esca_(Black_Measles):::319.0,Grape___Esca_(Black_Measles):::71.0,False
8,False,test--train,Grape___Esca_(Black_Measles),train\Grape___Esca_(Black_Measles)\2ce9e0cd-d0d9-4def-a65d-a65cbfacc99c___FAM_B.Msls 4044.JPG,val\Grape___Esca_(Black_Measles)\d7400d00-8fa7-4f25-b7d7-a35c0bfe6d9c___FAM_B.Msls 1060.JPG,Grape___Esca_(Black_Measles):::234.0,Grape___Esca_(Black_Measles):::60.0,False
8,False,test--train,Grape___Esca_(Black_Measles),train\Grape___Esca_(Black_Measles)\495c4345-d46b-4058-b99b-d699ad24f481___FAM_B.Msls 1155.JPG,train\Grape___Esca_(Black_Measles)\7e4cf44f-02ec-4812-9afa-b19f45add835___FAM_B.Msls 4422.JPG,Grape___Esca_(Black_Measles):::84.0,Grape___Esca_(Black_Measles):::328.0,False
8,False,test--train,Grape___Esca_(Black_Measles),train\Grape___Esca_(Black_Measles)\5715769e-6b32-44ab-82e3-5e3e90f1e584___FAM_B.Msls 1054.JPG,val\Grape___Esca_(Black_Measles)\55c660e1-023d-41a6-88f5-ebf6ec9bf00a___FAM_B.Msls 1251.JPG,Grape___Esca_(Black_Measles):::59.0,Grape___Esca_(Black_Measles):::108.0,False
8,False,test--train,Grape___Esca_(Black_Measles),train\Grape___Esca_(Black_Measles)\67d5e8c9-6dc2-4436-9fa1-b3236b97080f___FAM_B.Msls 4377.JPG,train\Grape___Esca_(Black_Measles)\613a1888-69c1-4f3a-82fa-ace896ecae1c___FAM_B.Msls 1211.JPG,Grape___Esca_(Black_Measles):::317.0,Grape___Esca_(Black_Measles):::98.0,False
8,False,test--train,Grape___Esca_(Black_Measles),train\Grape___Esca_(Black_Measles)\6ef4c20d-ace6-4edc-9326-ffa3258a96f6___FAM_B.Msls 0863.JPG,train\Grape___Esca_(Black_Measles)\b5ab4545-ec88-40d1-9616-483d50bb2f3d___FAM_B.Msls 0841.JPG,Grape___Esca_(Black_Measles):::11.0,Grape___Esca_(Black_Measles):::6.0,False
8,False,test--train,Grape___Esca_(Black_Measles),train\Grape___Esca_(Black_Measles)\81bc0139-c820-48c3-8a59-3fc08493b502___FAM_B.Msls 4227.JPG,train\Grape___Esca_(Black_Measles)\5f68dbfb-4d28-4220-b24b-9014630d11e8___FAM_B.Msls 4364.JPG,Grape___Esca_(Black_Measles):::279.0,Grape___Esca_(Black_Measles):::313.0,False
8,False,test--train,Grape___Esca_(Black_Measles),train\Grape___Esca_(Black_Measles)\82be01ff-9e82-428c-b623-95df7ed11f77___FAM_B.Msls 1880.JPG,train\Grape___Esca_(Black_Measles)\7db69eb6-9a9c-4e8b-9ebf-6b5eb6fe9053___FAM_B.Msls 4304.JPG,Grape___Esca_(Black_Measles):::171.0,Grape___Esca_(Black_Measles):::299.0,False
8,False,test--train,Grape___Esca_(Black_Measles),train\Grape___Esca_(Black_Measles)\86fcf2a5-6964-4caa-aecf-9b42f14b75dc___FAM_B.Msls 3989.JPG,train\Grape___Esca_(Black_Measles)\b8818e9a-b495-4868-8add-131344d1d2b2___FAM_B.Msls 1049.JPG,Grape___Esca_(Black_Measles):::220.0,Grape___Esca_(Black_Measles):::57.0,False
8,False,test--train,Grape___Esca_(Black_Measles),train\Grape___Esca_(Black_Measles)\978b6171-5d81-4c21-807b-667cea6314c0___FAM_B.Msls 4392.JPG,train\Grape___Esca_(Black_Measles)\e7bf3bfc-155d-445c-b673-f86212f52da8___FAM_B.Msls 1854.JPG,Grape___Esca_(Black_Measles):::320.0,Grape___Esca_(Black_Measles):::165.0,False
8,False,test--train,Grape___Esca_(Black_Measles),train\Grape___Esca_(Black_Measles)\a8a0b6d4-66b5-4632-b593-646a0ecec674___FAM_B.Msls 1285.JPG,train\Grape___Esca_(Black_Measles)\1a477ab0-0649-48d4-bbbf-fa3600d9ec03___FAM_B.Msls 1347.JPG,Grape___Esca_(Black_Measles):::116.0,Grape___Esca_(Black_Measles):::131.0,False
8,False,test--train,Grape___Esca_(Black_Measles),train\Grape___Esca_(Black_Measles)\ab820717-e42b-490f-aa9e-a7320d3f3727___FAM_B.Msls 1335.JPG,val\Grape___Esca_(Black_Measles)\c2e20419-2c86-497b-96f9-f47d435ec1a8___FAM_B.Msls 3800.JPG,Grape___Esca_(Black_Measles):::128.0,Grape___Esca_(Black_Measles):::174.0,False
8,False,test--train,Grape___Esca_(Black_Measles),train\Grape___Esca_(Black_Measles)\b32b1e1d-a0e4-4959-bd2d-89710def27a6___FAM_B.Msls 1053.JPG,train\Grape___Esca_(Black_Measles)\36a8ecb2-659c-4b9c-92c8-4c0b883a7b91___FAM_B.Msls 1109.JPG,Grape___Esca_(Black_Measles):::58.0,Grape___Esca_(Black_Measles):::72.0,False
8,False,test--train,Grape___Esca_(Black_Measles),train\Grape___Esca_(Black_Measles)\b32b1e1d-a0e4-4959-bd2d-89710def27a6___FAM_B.Msls 1053.JPG,val\Grape___Esca_(Black_Measles)\ab84accf-1cc9-42af-96cb-28cfd4aebc33___FAM_B.Msls 4127.JPG,Grape___Esca_(Black_Measles):::58.0,Grape___Esca_(Black_Measles):::254.0,False
8,False,test--train,Grape___Esca_(Black_Measles),train\Grape___Esca_(Black_Measles)\c2b1ba42-7911-4013-93ed-111745171f0a___FAM_B.Msls 4386.JPG,train\Grape___Esca_(Black_Measles)\cbf81b0d-3366-4851-8f87-9596a1e60b2a___FAM_B.Msls 4339.JPG,Grape___Esca_(Black_Measles):::319.0,Grape___Esca_(Black_Measles):::307.0,False
8,False,test--train,Grape___Esca_(Black_Measles),train\Grape___Esca_(Black_Measles)\c3b5bc85-39b2-44dd-aa80-158a3c2cee61___FAM_B.Msls 1143.JPG,train\Grape___Esca_(Black_Measles)\ba2b24ba-0752-415c-bb3e-0faa772c267c___FAM_B.Msls 4168.JPG,Grape___Esca_(Black_Measles):::81.0,Grape___Esca_(Black_Measles):::265.0,False
8,False,test--train,Grape___Esca_(Black_Measles),train\Grape___Esca_(Black_Measles)\c6ff49e2-3f7d-454f-b170-c6e1bd1189cb___FAM_B.Msls 1156.JPG,train\Grape___Esca_(Black_Measles)\3d12dd3a-9ab4-461e-b2c6-643c132caf79___FAM_B.Msls 1159.JPG,Grape___Esca_(Black_Measles):::84.0,Grape___Esca_(Black_Measles):::85.0,False
8,False,test--train,Grape___Esca_(Black_Measles),train\Grape___Esca_(Black_Measles)\d1867d3e-ddbb-4d52-8aa1-1ce40181cb67___FAM_B.Msls 3810.JPG,train\Grape___Esca_(Black_Measles)\a15b25f3-d3d8-47cf-9d61-d34aa8032c96___FAM_B.Msls 1734.JPG,Grape___Esca_(Black_Measles):::176.0,Grape___Esca_(Black_Measles):::135.0,False
8,False,test--train,Grape___Esca_(Black_Measles),train\Grape___Esca_(Black_Measles)\da2ded91-338e-47db-a640-269590ea2b8b___FAM_B.Msls 1127.JPG,train\Grape___Esca_(Black_Measles)\30d6e25b-6701-43b3-9e24-2773deaea115___FAM_B.Msls 0958.JPG,Grape___Esca_(Black_Measles):::77.0,Grape___Esca_(Black_Measles):::35.0,False
8,False,test--train,Grape___Esca_(Black_Measles),train\Grape___Esca_(Black_Measles)\decd47b1-34d6-40f8-94d3-2fcaba5ea7d2___FAM_B.Msls 4388.JPG,val\Grape___Esca_(Black_Measles)\cc40d22e-41ff-433f-a36f-57cd9dab83c3___FAM_B.Msls 4093.JPG,Grape___Esca_(Black_Measles):::319.0,Grape___Esca_(Black_Measles):::246.0,False
8,False,test--train,Grape___Esca_(Black_Measles),train\Grape___Esca_(Black_Measles)\decd47b1-34d6-40f8-94d3-2fcaba5ea7d2___FAM_B.Msls 4388.JPG,val\Grape___Esca_(Black_Measles)\d7400d00-8fa7-4f25-b7d7-a35c0bfe6d9c___FAM_B.Msls 1060.JPG,Grape___Esca_(Black_Measles):::319.0,Grape___Esca_(Black_Measles):::60.0,False
8,False,test--train,Grape___Esca_(Black_Measles),train\Grape___Esca_(Black_Measles)\decd47b1-34d6-40f8-94d3-2fcaba5ea7d2___FAM_B.Msls 4388.JPG,val\Grape___Esca_(Black_Measles)\f13208de-4dd0-4e5d-916d-1ffd7548927a___FAM_B.Msls 4246.JPG,Grape___Esca_(Black_Measles):::319.0,Grape___Esca_(Black_Measles):::284.0,False
8,False,test--train,Grape___Esca_(Black_Measles),train\Grape___Esca_(Black_Measles)\df11f62e-738e-4879-b37c-8f6ba65cde0c___FAM_B.Msls 1129.JPG,train\Grape___Esca_(Black_Measles)\d668a7a0-9a00-4064-8a3b-a484f552a427___FAM_B.Msls 1318.JPG,Grape___Esca_(Black_Measles):::77.0,Grape___Esca_(Black_Measles):::124.0,False
8,False,test--train,Grape___Esca_(Black_Measles),train\Grape___Esca_(Black_Measles)\df11f62e-738e-4879-b37c-8f6ba65cde0c___FAM_B.Msls 1129.JPG,train\Grape___Esca_(Black_Measles)\f21538e8-7615-4629-9bcd-3ad47cc60c42___FAM_B.Msls 4465.JPG,Grape___Esca_(Black_Measles):::77.0,Grape___Esca_(Black_Measles):::338.0,False
8,False,test--train,Grape___Esca_(Black_Measles),train\Grape___Esca_(Black_Measles)\ffc0847a-e88d-4332-8c7c-4b63ba65a471___FAM_B.Msls 1130.JPG,train\Grape___Esca_(Black_Measles)\ae8da35b-167a-4121-a2b6-6eac31019a32___FAM_B.Msls 3972.JPG,Grape___Esca_(Black_Measles):::77.0,Grape___Esca_(Black_Measles):::216.0,False
8,False,test--train,Grape___Esca_(Black_Measles),train\Grape___Esca_(Black_Measles)\ffc0847a-e88d-4332-8c7c-4b63ba65a471___FAM_B.Msls 1130.JPG,train\Grape___Esca_(Black_Measles)\b7afda87-9d7d-4986-8c65-a0839dea2418___FAM_B.Msls 4183.JPG,Grape___Esca_(Black_Measles):::77.0,Grape___Esca_(Black_Measles):::268.0,False
8,False,test--train,Grape___Esca_(Black_Measles),train\Grape___Esca_(Black_Measles)\ffc0847a-e88d-4332-8c7c-4b63ba65a471___FAM_B.Msls 1130.JPG,val\Grape___Esca_(Black_Measles)\3ace2ae4-54f3-44b1-90b1-0395184f2580___FAM_B.Msls 4247.JPG,Grape___Esca_(Black_Measles):::77.0,Grape___Esca_(Black_Measles):::284.0,False
8,False,test--train,Grape___Esca_(Black_Measles),val\Grape___Esca_(Black_Measles)\513edc8d-76f5-4604-bb7b-90195a600b60___FAM_B.Msls 4016.JPG,val\Grape___Esca_(Black_Measles)\d7400d00-8fa7-4f25-b7d7-a35c0bfe6d9c___FAM_B.Msls 1060.JPG,Grape___Esca_(Black_Measles):::227.0,Grape___Esca_(Black_Measles):::60.0,False
8,False,test--train,Grape___Esca_(Black_Measles),val\Grape___Esca_(Black_Measles)\5f144fe1-e189-4fbb-b978-e2b19b4bca81___FAM_B.Msls 3914.JPG,val\Grape___Esca_(Black_Measles)\de99b05b-3c54-41b1-b4bf-fc548de17675___FAM_B.Msls 3823.JPG,Grape___Esca_(Black_Measles):::202.0,Grape___Esca_(Black_Measles):::179.0,False
8,False,test--train,Grape___Esca_(Black_Measles),val\Grape___Esca_(Black_Measles)\6e59f23a-1cde-4289-b3f4-e45f56dff36f___FAM_B.Msls 4207.JPG,train\Grape___Esca_(Black_Measles)\36a8ecb2-659c-4b9c-92c8-4c0b883a7b91___FAM_B.Msls 1109.JPG,Grape___Esca_(Black_Measles):::274.0,Grape___Esca_(Black_Measles):::72.0,False
8,False,test--train,Grape___Esca_(Black_Measles),val\Grape___Esca_(Black_Measles)\aa5d794f-9e41-40c2-a265-12fdf7c22bc3___FAM_B.Msls 4036.JPG,val\Grape___Esca_(Black_Measles)\b096abb4-3ee6-472f-a6c5-106708e438ff___FAM_B.Msls 1004.JPG,Grape___Esca_(Black_Measles):::232.0,Grape___Esca_(Black_Measles):::46.0,False
8,False,test--train,Grape___Esca_(Black_Measles),val\Grape___Esca_(Black_Measles)\e4bedd05-5a16-4e64-8645-270831e82db0___FAM_B.Msls 0885.JPG,train\Grape___Esca_(Black_Measles)\2850cff3-e262-49b1-af09-051e76e19fa8___FAM_B.Msls 1336.JPG,Grape___Esca_(Black_Measles):::17.0,Grape___Esca_(Black_Measles):::129.0,False
8,False,test--train,Grape___Leaf_blight_(Isariopsis_Leaf_Spot),train\Grape___Leaf_blight_(Isariopsis_Leaf_Spot)\0de97f68-547b-494b-89dd-a0b921256a28___FAM_L.Blight 4506.JPG,train\Grape___Leaf_blight_(Isariopsis_Leaf_Spot)\e9f3a45e-b9ba-4b5c-9c24-d8fa0385a393___FAM_L.Blight 4976.JPG,Grape___Leaf_blight_(Isariopsis_Leaf_Spot):::146.0,Grape___Leaf_blight_(Isariopsis_Leaf_Spot):::262.0,False
8,False,test--train,Grape___Leaf_blight_(Isariopsis_Leaf_Spot),train\Grape___Leaf_blight_(Isariopsis_Leaf_Spot)\2f69212b-87c5-4d8d-8bd5-a6ecbca6f22b___FAM_L.Blight 1394.JPG,train\Grape___Leaf_blight_(Isariopsis_Leaf_Spot)\72e28260-7f19-43cb-9972-6f4d0025b340___FAM_L.Blight 4706.JPG,Grape___Leaf_blight_(Isariopsis_Leaf_Spot):::21.0,Grape___Leaf_blight_(Isariopsis_Leaf_Spot):::196.0,False
8,False,test--train,Grape___Leaf_blight_(Isariopsis_Leaf_Spot),train\Grape___Leaf_blight_(Isariopsis_Leaf_Spot)\34f0c357-d210-4451-be8c-cf07215268bb___FAM_L.Blight 1478.JPG,train\Grape___Leaf_blight_(Isariopsis_Leaf_Spot)\d61d11c6-030a-400c-b846-41f1e20a8628___FAM_L.Blight 4920.JPG,Grape___Leaf_blight_(Isariopsis_Leaf_Spot):::42.0,Grape___Leaf_blight_(Isariopsis_Leaf_Spot):::248.0,False
8,False,test--train,Grape___Leaf_blight_(Isariopsis_Leaf_Spot),train\Grape___Leaf_blight_(Isariopsis_Leaf_Spot)\3d9d9b23-b74c-4c57-9b7f-ca864e105799___FAM_L.Blight 1401.JPG,val\Grape___Leaf_blight_(Isariopsis_Leaf_Spot)\8ec33d2f-9a5e-45a8-93f3-0eed57944d7b___FAM_L.Blight 1377.JPG,Grape___Leaf_blight_(Isariopsis_Leaf_Spot):::23.0,Grape___Leaf_blight_(Isariopsis_Leaf_Spot):::17.0,False
8,False,test--train,Grape___Leaf_blight_(Isariopsis_Leaf_Spot),train\Grape___Leaf_blight_(Isariopsis_Leaf_Spot)\748117e1-e645-4cc4-a8d3-b3b7f64c22cf___FAM_L.Blight 1477.JPG,train\Grape___Leaf_blight_(Isariopsis_Leaf_Spot)\76093e41-436b-47ef-a2de-1f6b28f48df2___FAM_L.Blight 1497.JPG,Grape___Leaf_blight_(Isariopsis_Leaf_Spot):::42.0,Grape___Leaf_blight_(Isariopsis_Leaf_Spot):::47.0,False
8,False,test--train,Grape___Leaf_blight_(Isariopsis_Leaf_Spot),train\Grape___Leaf_blight_(Isariopsis_Leaf_Spot)\7cf30c73-6418-4458-9463-b4afadfd0e1c___FAM_L.Blight 4842.JPG,train\Grape___Leaf_blight_(Isariopsis_Leaf_Spot)\d9c9a1d5-e149-44be-9f50-4ec44100c8eb___FAM_L.Blight 1427.JPG,Grape___Leaf_blight_(Isariopsis_Leaf_Spot):::229.0,Grape___Leaf_blight_(Isariopsis_Leaf_Spot):::29.0,False
8,False,test--train,Grape___Leaf_blight_(Isariopsis_Leaf_Spot),train\Grape___Leaf_blight_(Isariopsis_Leaf_Spot)\a8decd07-d7a5-44c5-9ba2-c357b70ad322___FAM_L.Blight 4924.JPG,train\Grape___Leaf_blight_(Isariopsis_Leaf_Spot)\20f4f346-c804-4459-af12-d9e89c35a716___FAM_L.Blight 1426.JPG,Grape___Leaf_blight_(Isariopsis_Leaf_Spot):::249.0,Grape___Leaf_blight_(Isariopsis_Leaf_Spot):::29.0,False
8,False,test--train,Grape___Leaf_blight_(Isariopsis_Leaf_Spot),train\Grape___Leaf_blight_(Isariopsis_Leaf_Spot)\a8decd07-d7a5-44c5-9ba2-c357b70ad322___FAM_L.Blight 4924.JPG,train\Grape___Leaf_blight_(Isariopsis_Leaf_Spot)\fdcc77e7-78cc-4546-aae3-a0c8bd9a3427___FAM_L.Blight 4820.JPG,Grape___Leaf_blight_(Isariopsis_Leaf_Spot):::249.0,Grape___Leaf_blight_(Isariopsis_Leaf_Spot):::224.0,False
8,False,test--train,Grape___Leaf_blight_(Isariopsis_Leaf_Spot),train\Grape___Leaf_blight_(Isariopsis_Leaf_Spot)\a8decd07-d7a5-44c5-9ba2-c357b70ad322___FAM_L.Blight 4924.JPG,val\Grape___Leaf_blight_(Isariopsis_Leaf_Spot)\64aa7350-c272-4d31-949c-0730597341be___FAM_L.Blight 1541.JPG,Grape___Leaf_blight_(Isariopsis_Leaf_Spot):::249.0,Grape___Leaf_blight_(Isariopsis_Leaf_Spot):::57.0,False
8,False,test--train,Grape___Leaf_blight_(Isariopsis_Leaf_Spot),train\Grape___Leaf_blight_(Isariopsis_Leaf_Spot)\abef2d8b-9537-4902-a6eb-b7509bbfeb1a___FAM_L.Blight 4553.JPG,train\Grape___Leaf_blight_(Isariopsis_Leaf_Spot)\97119aac-1404-4dc7-9f2f-fd1fb1622fbf___FAM_L.Blight 1500.JPG,Grape___Leaf_blight_(Isariopsis_Leaf_Spot):::157.0,Grape___Leaf_blight_(Isariopsis_Leaf_Spot):::47.0,False
8,False,test--train,Grape___Leaf_blight_(Isariopsis_Leaf_Spot),train\Grape___Leaf_blight_(Isariopsis_Leaf_Spot)\b07d0df0-b6b4-48fc-9771-c51cb20603ee___FAM_L.Blight 4941.JPG,train\Grape___Leaf_blight_(Isariopsis_Leaf_Spot)\87738ce1-94f8-45bf-95e0-9836abc0f5aa___FAM_L.Blight 1446.JPG,Grape___Leaf_blight_(Isariopsis_Leaf_Spot):::253.0,Grape___Leaf_blight_(Isariopsis_Leaf_Spot):::34.0,False
8,False,test--train,Grape___Leaf_blight_(Isariopsis_Leaf_Spot),train\Grape___Leaf_blight_(Isariopsis_Leaf_Spot)\c08c3e56-4192-40a6-9b51-8733e642dafa___FAM_L.Blight 1422.JPG,train\Grape___Leaf_blight_(Isariopsis_Leaf_Spot)\72e28260-7f19-43cb-9972-6f4d0025b340___FAM_L.Blight 4706.JPG,Grape___Leaf_blight_(Isariopsis_Leaf_Spot):::28.0,Grape___Leaf_blight_(Isariopsis_Leaf_Spot):::196.0,False
8,False,test--train,Grape___Leaf_blight_(Isariopsis_Leaf_Spot),train\Grape___Leaf_blight_(Isariopsis_Leaf_Spot)\c18f547f-c7df-48fa-88af-b5aa4b584a68___FAM_L.Blight 4702.JPG,train\Grape___Leaf_blight_(Isariopsis_Leaf_Spot)\3d85efed-2d4b-4f02-8023-144fa4c4bac5___FAM_L.Blight 1637.JPG,Grape___Leaf_blight_(Isariopsis_Leaf_Spot):::195.0,Grape___Leaf_blight_(Isariopsis_Leaf_Spot):::81.0,False
8,False,test--train,Grape___Leaf_blight_(Isariopsis_Leaf_Spot),train\Grape___Leaf_blight_(Isariopsis_Leaf_Spot)\c18f547f-c7df-48fa-88af-b5aa4b584a68___FAM_L.Blight 4702.JPG,train\Grape___Leaf_blight_(Isariopsis_Leaf_Spot)\72e28260-7f19-43cb-9972-6f4d0025b340___FAM_L.Blight 4706.JPG,Grape___Leaf_blight_(Isariopsis_Leaf_Spot):::195.0,Grape___Leaf_blight_(Isariopsis_Leaf_Spot):::196.0,False
8,False,test--train,Grape___Leaf_blight_(Isariopsis_Leaf_Spot),train\Grape___Leaf_blight_(Isariopsis_Leaf_Spot)\e3dbdce6-da4d-4557-ab5e-0dc7198a6a81___FAM_L.Blight 4794.JPG,train\Grape___Leaf_blight_(Isariopsis_Leaf_Spot)\39652460-e3ff-4f6c-8b87-c3697a3e53ff___FAM_L.Blight 4844.JPG,Grape___Leaf_blight_(Isariopsis_Leaf_Spot):::218.0,Grape___Leaf_blight_(Isariopsis_Leaf_Spot):::230.0,False
8,False,test--train,Grape___Leaf_blight_(Isariopsis_Leaf_Spot),val\Grape___Leaf_blight_(Isariopsis_Leaf_Spot)\4b9af1e9-e4c4-41ba-8444-cafd2faf9b90___FAM_L.Blight 1402.JPG,train\Grape___Leaf_blight_(Isariopsis_Leaf_Spot)\2c135c30-428c-4ca3-a86f-5aa1b8e32aa9___FAM_L.Blight 1573.JPG,Grape___Leaf_blight_(Isariopsis_Leaf_Spot):::23.0,Grape___Leaf_blight_(Isariopsis_Leaf_Spot):::65.0,False
8,False,test--train,Grape___Leaf_blight_(Isariopsis_Leaf_Spot),val\Grape___Leaf_blight_(Isariopsis_Leaf_Spot)\7b2c7c27-0773-4a19-a834-f196edbf5217___FAM_L.Blight 0811.JPG,train\Grape___Leaf_blight_(Isariopsis_Leaf_Spot)\3497e99b-08aa-4867-8afe-6a42cf2fb592___FAM_L.Blight 4954.JPG,Grape___Leaf_blight_(Isariopsis_Leaf_Spot):::11.0,Grape___Leaf_blight_(Isariopsis_Leaf_Spot):::256.0,False
8,False,test--train,Grape___Leaf_blight_(Isariopsis_Leaf_Spot),val\Grape___Leaf_blight_(Isariopsis_Leaf_Spot)\933d5cab-bd77-40e2-bd52-ceec675ec1dc___FAM_L.Blight 3774.JPG,train\Grape___Leaf_blight_(Isariopsis_Leaf_Spot)\9b17d18d-42b8-46f3-9526-4b6cfc516d7b___FAM_L.Blight 4685.JPG,Grape___Leaf_blight_(Isariopsis_Leaf_Spot):::139.0,Grape___Leaf_blight_(Isariopsis_Leaf_Spot):::190.0,False
8,False,test--train,Grape___Leaf_blight_(Isariopsis_Leaf_Spot),val\Grape___Leaf_blight_(Isariopsis_Leaf_Spot)\933d5cab-bd77-40e2-bd52-ceec675ec1dc___FAM_L.Blight 3774.JPG,train\Grape___Leaf_blight_(Isariopsis_Leaf_Spot)\df0677b3-7edb-4fed-ac4f-8a6a1ff0bd0e___FAM_L.Blight 1408.JPG,Grape___Leaf_blight_(Isariopsis_Leaf_Spot):::139.0,Grape___Leaf_blight_(Isariopsis_Leaf_Spot):::24.0,False
8,False,test--train,Grape___healthy,train\Grape___healthy\1f9ead63-93e5-4379-885b-b2b57352202b___Mt.N.V_HL 8938.JPG,train\Grape___healthy\9bca2bb8-b017-4d2b-ae0a-257916d55952___Mt.N.V_HL 8937.JPG,,,True
8,False,test--train,Grape___healthy,train\Grape___healthy\ad0a8ced-f3b0-4c21-8ec6-658bcfe9fa2a___Mt.N.V_HL 9034.JPG,train\Grape___healthy\1abe34b9-186b-4a90-a3a3-855005ff50f5___Mt.N.V_HL 9033.JPG,,,True
8,False,test--train,Grape___healthy,train\Grape___healthy\cf6e5a18-8ae4-4525-8f35-bebe64820283___Mt.N.V_HL 9122.JPG,train\Grape___healthy\b556f11d-115a-4bac-8120-05195ac42e1d___Mt.N.V_HL 9123.JPG,,,True
8,False,test--train,Grape___healthy,val\Grape___healthy\0c1667a2-61d7-4dee-b4d9-0d141a1ceb20___Mt.N.V_HL 9127.JPG,train\Grape___healthy\1c13c447-4d2d-4eac-9835-705d952b09d6___Mt.N.V_HL 9128.JPG,,,True
8,False,test--train,Grape___healthy,val\Grape___healthy\f6bca207-2928-4753-b867-ec5f25361334___Mt.N.V_HL 9113.JPG,train\Grape___healthy\2dacf3f7-797b-4d4c-bf77-1d1a8f6d965d___Mt.N.V_HL 9117.JPG,,,True
8,False,test--train,Orange___Haunglongbing_(Citrus_greening),train\Orange___Haunglongbing_(Citrus_greening)\03819839-72a2-49a7-8da0-8305de925246___CREC_HLB 6475.JPG,val\Orange___Haunglongbing_(Citrus_greening)\1c6f918c-b56f-48f7-8a9e-322558d665a4___CREC_HLB 4113.JPG,Orange___Haunglongbing_(Citrus_greening):::OCT_480.0,Orange___Haunglongbing_(Citrus_greening):::OCT_62.0,False
8,False,test--train,Orange___Haunglongbing_(Citrus_greening),train\Orange___Haunglongbing_(Citrus_greening)\056b93c9-0538-4f67-8228-b83f4d39e50e___CREC_HLB 7453.JPG,train\Orange___Haunglongbing_(Citrus_greening)\a0dfa669-3127-467c-aef6-1f7d2a99d2d9___CREC_HLB 7407.JPG,Orange___Haunglongbing_(Citrus_greening):::OCT_724.0,Orange___Haunglongbing_(Citrus_greening):::OCT_712.0,False
8,False,test--train,Orange___Haunglongbing_(Citrus_greening),train\Orange___Haunglongbing_(Citrus_greening)\08b7e039-7264-4a3d-b7d6-6e13c5bbac56___CREC_HLB 7417.JPG,train\Orange___Haunglongbing_(Citrus_greening)\93eb275c-8b31-4596-ac20-5de787f18eca___CREC_HLB 7294.JPG,Orange___Haunglongbing_(Citrus_greening):::OCT_715.0,Orange___Haunglongbing_(Citrus_greening):::OCT_684.0,False
8,False,test--train,Orange___Haunglongbing_(Citrus_greening),train\Orange___Haunglongbing_(Citrus_greening)\08b7e039-7264-4a3d-b7d6-6e13c5bbac56___CREC_HLB 7417.JPG,train\Orange___Haunglongbing_(Citrus_greening)\feed62e9-6b49-4eaf-aee9-61e1d32b3d81___CREC_HLB 5183.JPG,Orange___Haunglongbing_(Citrus_greening):::OCT_715.0,Orange___Haunglongbing_(Citrus_greening):::OCT_328.0,False
8,False,test--train,Orange___Haunglongbing_(Citrus_greening),train\Orange___Haunglongbing_(Citrus_greening)\0a1643d9-675e-42b1-8368-98a3a6f06a40___CREC_HLB 5617.JPG,train\Orange___Haunglongbing_(Citrus_greening)\cef44579-f2cf-4268-9be4-9a53f1d0c6ed___CREC_HLB 5215.JPG,Orange___Haunglongbing_(Citrus_greening):::OCT_436.0,Orange___Haunglongbing_(Citrus_greening):::OCT_336.0,False
8,False,test--train,Orange___Haunglongbing_(Citrus_greening),train\Orange___Haunglongbing_(Citrus_greening)\0a1643d9-675e-42b1-8368-98a3a6f06a40___CREC_HLB 5617.JPG,val\Orange___Haunglongbing_(Citrus_greening)\01d81d30-e85c-4b59-a849-240f3533b06e___CREC_HLB 4237.JPG,Orange___Haunglongbing_(Citrus_greening):::OCT_436.0,Orange___Haunglongbing_(Citrus_greening):::OCT_93.0,False
8,False,test--train,Orange___Haunglongbing_(Citrus_greening),train\Orange___Haunglongbing_(Citrus_greening)\0a1643d9-675e-42b1-8368-98a3a6f06a40___CREC_HLB 5617.JPG,val\Orange___Haunglongbing_(Citrus_greening)\9a660e06-4794-447e-92bb-7e6b877161f9___CREC_HLB 5042.JPG,Orange___Haunglongbing_(Citrus_greening):::OCT_436.0,Orange___Haunglongbing_(Citrus_greening):::OCT_293.0,False
8,False,test--train,Orange___Haunglongbing_(Citrus_greening),train\Orange___Haunglongbing_(Citrus_greening)\0dc32c69-612b-49f0-9a24-7484f59e1ccd___CREC_HLB 7589.JPG,train\Orange___Haunglongbing_(Citrus_greening)\c5d1ad49-e110-478e-9189-ba9831e2444d___CREC_HLB 7404.JPG,Orange___Haunglongbing_(Citrus_greening):::OCT_756.0,Orange___Haunglongbing_(Citrus_greening):::OCT_711.0,False
8,False,test--train,Orange___Haunglongbing_(Citrus_greening),train\Orange___Haunglongbing_(Citrus_greening)\109de7a1-b72a-44f3-93dc-3eaef5629da7___CREC_HLB 5618.JPG,train\Orange___Haunglongbing_(Citrus_greening)\3006c2b5-0b7d-41cc-adbd-e98159fbf66e___CREC_HLB 4892.JPG,Orange___Haunglongbing_(Citrus_greening):::OCT_436.0,Orange___Haunglongbing_(Citrus_greening):::OCT_255.0,False
8,False,test--train,Orange___Haunglongbing_(Citrus_greening),train\Orange___Haunglongbing_(Citrus_greening)\12c833ad-eda3-4844-8b84-59631d247b2f___UF.Citrus_HLB_Lab 0718.JPG,train\Orange___Haunglongbing_(Citrus_greening)\8ba55a72-1bb7-47b7-aa86-58600feb89bb___UF.Citrus_HLB_Lab 1664.JPG,Orange___Haunglongbing_(Citrus_greening):::46.0,Orange___Haunglongbing_(Citrus_greening):::104.0,False
8,False,test--train,Orange___Haunglongbing_(Citrus_greening),train\Orange___Haunglongbing_(Citrus_greening)\1a84a92c-8daa-4d9c-ba50-851904d67e20___CREC_HLB 4713.JPG,train\Orange___Haunglongbing_(Citrus_greening)\380eb09f-2a60-46da-82dc-b5100d188809___CREC_HLB 6665.JPG,Orange___Haunglongbing_(Citrus_greening):::OCT_211.0,Orange___Haunglongbing_(Citrus_greening):::OCT_527.0,False
8,False,test--train,Orange___Haunglongbing_(Citrus_greening),train\Orange___Haunglongbing_(Citrus_greening)\1d4c0a98-c7a9-4386-8974-950609d8989f___CREC_HLB 4287.JPG,train\Orange___Haunglongbing_(Citrus_greening)\039e48af-8cf4-49c5-b537-e1158450dc99___CREC_HLB 4690.JPG,Orange___Haunglongbing_(Citrus_greening):::OCT_106.0,Orange___Haunglongbing_(Citrus_greening):::OCT_206.0,False
8,False,test--train,Orange___Haunglongbing_(Citrus_greening),train\Orange___Haunglongbing_(Citrus_greening)\206e4fd2-105f-4279-aad3-b9e257a80580___CREC_HLB 6583.JPG,train\Orange___Haunglongbing_(Citrus_greening)\8b60ed4e-c2ca-43a6-9eda-558655091095___CREC_HLB 4415.JPG,Orange___Haunglongbing_(Citrus_greening):::OCT_507.0,Orange___Haunglongbing_(Citrus_greening):::OCT_137.0,False
8,False,test--train,Orange___Haunglongbing_(Citrus_greening),train\Orange___Haunglongbing_(Citrus_greening)\20f60ac6-d1ac-49c1-bbc7-e147e2123d79___CREC_HLB 3943.JPG,train\Orange___Haunglongbing_(Citrus_greening)\26a98fd6-c9b0-404d-9186-790df2e1a373___CREC_HLB 4367.JPG,Orange___Haunglongbing_(Citrus_greening):::OCT_20.0,Orange___Haunglongbing_(Citrus_greening):::OCT_125.0,False
8,False,test--train,Orange___Haunglongbing_(Citrus_greening),train\Orange___Haunglongbing_(Citrus_greening)\221ef9fd-c304-401f-a185-ce2011d17095___CREC_HLB 4860.JPG,train\Orange___Haunglongbing_(Citrus_greening)\771e954b-6188-4fe4-9e17-e7f2cd8f9297___CREC_HLB 5310.JPG,Orange___Haunglongbing_(Citrus_greening):::OCT_247.0,Orange___Haunglongbing_(Citrus_greening):::OCT_359.0,False
8,False,test--train,Orange___Haunglongbing_(Citrus_greening),train\Orange___Haunglongbing_(Citrus_greening)\227fd7eb-d4e2-4b3e-9482-e2d9e552ffa0___CREC_HLB 4861.JPG,train\Orange___Haunglongbing_(Citrus_greening)\77c5c532-cd3b-4a15-9dd5-a1b775deb9f0___CREC_HLB 4964.JPG,Orange___Haunglongbing_(Citrus_greening):::OCT_247.0,Orange___Haunglongbing_(Citrus_greening):::OCT_273.0,False
8,False,test--train,Orange___Haunglongbing_(Citrus_greening),train\Orange___Haunglongbing_(Citrus_greening)\227fd7eb-d4e2-4b3e-9482-e2d9e552ffa0___CREC_HLB 4861.JPG,val\Orange___Haunglongbing_(Citrus_greening)\e85a3abf-a71a-4fe0-8473-8109abc37ce6___CREC_HLB 4637.JPG,Orange___Haunglongbing_(Citrus_greening):::OCT_247.0,Orange___Haunglongbing_(Citrus_greening):::OCT_192.0,False
8,False,test--train,Orange___Haunglongbing_(Citrus_greening),train\Orange___Haunglongbing_(Citrus_greening)\248da8c3-a44d-4756-b7b3-bf8da8d14793___CREC_HLB 5607.JPG,train\Orange___Haunglongbing_(Citrus_greening)\44986743-202e-472a-b100-2c4464067156___CREC_HLB 5086.JPG,Orange___Haunglongbing_(Citrus_greening):::OCT_433.0,Orange___Haunglongbing_(Citrus_greening):::OCT_303.0,False
8,False,test--train,Orange___Haunglongbing_(Citrus_greening),train\Orange___Haunglongbing_(Citrus_greening)\248da8c3-a44d-4756-b7b3-bf8da8d14793___CREC_HLB 5607.JPG,train\Orange___Haunglongbing_(Citrus_greening)\9f5baea2-2e3d-477a-9f71-533564199551___CREC_HLB 7436.JPG,Orange___Haunglongbing_(Citrus_greening):::OCT_433.0,Orange___Haunglongbing_(Citrus_greening):::OCT_719.0,False
8,False,test--train,Orange___Haunglongbing_(Citrus_greening),train\Orange___Haunglongbing_(Citrus_greening)\248da8c3-a44d-4756-b7b3-bf8da8d14793___CREC_HLB 5607.JPG,val\Orange___Haunglongbing_(Citrus_greening)\4104c71d-4f0a-4bb0-987d-26e662d57c93___CREC_HLB 5017.JPG,Orange___Haunglongbing_(Citrus_greening):::OCT_433.0,Orange___Haunglongbing_(Citrus_greening):::OCT_286.0,False
8,False,test--train,Orange___Haunglongbing_(Citrus_greening),train\Orange___Haunglongbing_(Citrus_greening)\27d5449c-924e-4af8-83c4-9987838616c3___CREC_HLB 5059.JPG,train\Orange___Haunglongbing_(Citrus_greening)\4fd2b622-36f6-454c-ba76-d5e89a2280d1___CREC_HLB 4277.JPG,Orange___Haunglongbing_(Citrus_greening):::OCT_297.0,Orange___Haunglongbing_(Citrus_greening):::OCT_103.0,False
8,False,test--train,Orange___Haunglongbing_(Citrus_greening),train\Orange___Haunglongbing_(Citrus_greening)\27f19dc0-e399-4e50-8fa4-59c963083c20___CREC_HLB 4048.JPG,train\Orange___Haunglongbing_(Citrus_greening)\351175fd-4e60-4b40-a9dc-385e61a4ba95___CREC_HLB 5271.JPG,Orange___Haunglongbing_(Citrus_greening):::OCT_46.0,Orange___Haunglongbing_(Citrus_greening):::OCT_350.0,False
8,False,test--train,Orange___Haunglongbing_(Citrus_greening),train\Orange___Haunglongbing_(Citrus_greening)\2b3742c6-e2c7-407e-aec1-eb4c29d023e2___CREC_HLB 5061.JPG,train\Orange___Haunglongbing_(Citrus_greening)\d2a924e3-716d-4752-8702-8840b0731c55___CREC_HLB 5131.JPG,Orange___Haunglongbing_(Citrus_greening):::OCT_297.0,Orange___Haunglongbing_(Citrus_greening):::OCT_315.0,False
8,False,test--train,Orange___Haunglongbing_(Citrus_greening),train\Orange___Haunglongbing_(Citrus_greening)\2b9fe8b0-d287-4313-8ce2-809de5fae285___UF.Citrus_HLB_Lab 0930.JPG,train\Orange___Haunglongbing_(Citrus_greening)\5faa095a-f2da-4ef4-a94c-f1872177264d___UF.Citrus_HLB_Lab 9971.JPG,Orange___Haunglongbing_(Citrus_greening):::57.0,Orange___Haunglongbing_(Citrus_greening):::145.0,False
8,False,test--train,Orange___Haunglongbing_(Citrus_greening),train\Orange___Haunglongbing_(Citrus_greening)\2beef80d-5268-432d-8730-52e8db8da9bf___CREC_HLB 5372.JPG,train\Orange___Haunglongbing_(Citrus_greening)\c20ab218-83e9-4d03-82e2-97bef020882e___CREC_HLB 4366.JPG,Orange___Haunglongbing_(Citrus_greening):::OCT_375.0,Orange___Haunglongbing_(Citrus_greening):::OCT_125.0,False
8,False,test--train,Orange___Haunglongbing_(Citrus_greening),train\Orange___Haunglongbing_(Citrus_greening)\2f71bea1-93fa-4e87-80dd-df73a5b9530c___UF.Citrus_HLB_Lab 1758.JPG,train\Orange___Haunglongbing_(Citrus_greening)\a8a7a3c6-55a8-4308-9980-b38768e2f6e0___UF.Citrus_HLB_Lab 1117.JPG,Orange___Haunglongbing_(Citrus_greening):::110.0,Orange___Haunglongbing_(Citrus_greening):::70.0,False
8,False,test--train,Orange___Haunglongbing_(Citrus_greening),train\Orange___Haunglongbing_(Citrus_greening)\32424b11-4d46-49be-9c8b-19d578897058___CREC_HLB 7308.JPG,train\Orange___Haunglongbing_(Citrus_greening)\a28855c0-0d61-4a1e-8ec7-34d9de50e4ad___CREC_HLB 7440.JPG,Orange___Haunglongbing_(Citrus_greening):::OCT_687.0,Orange___Haunglongbing_(Citrus_greening):::OCT_720.0,False
8,False,test--train,Orange___Haunglongbing_(Citrus_greening),train\Orange___Haunglongbing_(Citrus_greening)\32ed7430-2914-4825-8cab-16879e529548___CREC_HLB 5198.JPG,train\Orange___Haunglongbing_(Citrus_greening)\b63f931e-8dad-462a-afa7-fcbca4ce958a___CREC_HLB 4002.JPG,Orange___Haunglongbing_(Citrus_greening):::OCT_331.0,Orange___Haunglongbing_(Citrus_greening):::OCT_34.0,False
8,False,test--train,Orange___Haunglongbing_(Citrus_greening),train\Orange___Haunglongbing_(Citrus_greening)\33f025e0-6fa1-40f6-b683-1497518c6f88___CREC_HLB 5414.JPG,val\Orange___Haunglongbing_(Citrus_greening)\0d93e0ef-1ffb-4910-a5be-73db335b1b46___CREC_HLB 4865.JPG,Orange___Haunglongbing_(Citrus_greening):::OCT_385.0,Orange___Haunglongbing_(Citrus_greening):::OCT_248.0,False
8,False,test--train,Orange___Haunglongbing_(Citrus_greening),train\Orange___Haunglongbing_(Citrus_greening)\34198f35-e512-4d43-ab52-6f5ff5ff89c3___UF.Citrus_HLB_Lab 0177.JPG,val\Orange___Haunglongbing_(Citrus_greening)\bab74d85-94b3-4e2d-be18-4a62ed3cc5fa___UF.Citrus_HLB_Lab 0131.JPG,Orange___Haunglongbing_(Citrus_greening):::17.0,Orange___Haunglongbing_(Citrus_greening):::14.0,False
8,False,test--train,Orange___Haunglongbing_(Citrus_greening),train\Orange___Haunglongbing_(Citrus_greening)\38302180-446f-4f97-ad42-86909852edac___UF.Citrus_HLB_Lab 9944.JPG,train\Orange___Haunglongbing_(Citrus_greening)\872cef56-f04e-4014-86d6-07bf5a27a87e___UF.Citrus_HLB_Lab 1025.JPG,Orange___Haunglongbing_(Citrus_greening):::143.0,Orange___Haunglongbing_(Citrus_greening):::64.0,False
8,False,test--train,Orange___Haunglongbing_(Citrus_greening),train\Orange___Haunglongbing_(Citrus_greening)\38302180-446f-4f97-ad42-86909852edac___UF.Citrus_HLB_Lab 9944.JPG,val\Orange___Haunglongbing_(Citrus_greening)\f3d84426-e66d-4957-92cf-fee64fafe1ec___UF.Citrus_HLB_Lab 1070.JPG,Orange___Haunglongbing_(Citrus_greening):::143.0,Orange___Haunglongbing_(Citrus_greening):::67.0,False
8,False,test--train,Orange___Haunglongbing_(Citrus_greening),train\Orange___Haunglongbing_(Citrus_greening)\38d2f66c-4b8e-4b91-a870-7a305595e3d2___UF.Citrus_HLB_Lab 9999.JPG,train\Orange___Haunglongbing_(Citrus_greening)\6bdfff1d-b9fc-4dad-b4cb-4568db091be1___UF.Citrus_HLB_Lab 1382.JPG,Orange___Haunglongbing_(Citrus_greening):::148.0,Orange___Haunglongbing_(Citrus_greening):::88.0,False
8,False,test--train,Orange___Haunglongbing_(Citrus_greening),train\Orange___Haunglongbing_(Citrus_greening)\42b8f9ad-d291-464b-bf01-897923b60170___CREC_HLB 3883.JPG,train\Orange___Haunglongbing_(Citrus_greening)\1087179b-bb9c-41c9-a253-20afac26dcc0___CREC_HLB 4363.JPG,Orange___Haunglongbing_(Citrus_greening):::OCT_5.0,Orange___Haunglongbing_(Citrus_greening):::OCT_124.0,False
8,False,test--train,Orange___Haunglongbing_(Citrus_greening),train\Orange___Haunglongbing_(Citrus_greening)\43a17ced-e9e8-459d-9bc3-65e8fafa75c0___CREC_HLB 3935.JPG,val\Orange___Haunglongbing_(Citrus_greening)\073082fd-1a63-4ffd-b81b-eebbc7964577___CREC_HLB 4056.JPG,Orange___Haunglongbing_(Citrus_greening):::OCT_18.0,Orange___Haunglongbing_(Citrus_greening):::OCT_48.0,False
8,False,test--train,Orange___Haunglongbing_(Citrus_greening),train\Orange___Haunglongbing_(Citrus_greening)\4631545e-2e37-4166-a808-74e3946cd8f3___UF.Citrus_HLB_Lab 9748.JPG,train\Orange___Haunglongbing_(Citrus_greening)\40b16209-1b01-40fd-9a9c-04755aee10d2___UF.Citrus_HLB_Lab 0905.JPG,Orange___Haunglongbing_(Citrus_greening):::123.0,Orange___Haunglongbing_(Citrus_greening):::56.0,False
8,False,test--train,Orange___Haunglongbing_(Citrus_greening),train\Orange___Haunglongbing_(Citrus_greening)\475af683-4dfd-4cce-a169-32138dae4dda___CREC_HLB 7309.JPG,train\Orange___Haunglongbing_(Citrus_greening)\f3ae1d8b-9c01-4e9b-a6d2-c192efde2923___CREC_HLB 7856.JPG,Orange___Haunglongbing_(Citrus_greening):::OCT_688.0,Orange___Haunglongbing_(Citrus_greening):::OCT_823.0,False
8,False,test--train,Orange___Haunglongbing_(Citrus_greening),train\Orange___Haunglongbing_(Citrus_greening)\47b4e461-0915-4269-b555-9aa2eb41dc63___UF.Citrus_HLB_Lab 1759.JPG,train\Orange___Haunglongbing_(Citrus_greening)\c135322d-8ba6-4102-93ac-2f0d84b6380c___UF.Citrus_HLB_Lab 1174.JPG,Orange___Haunglongbing_(Citrus_greening):::110.0,Orange___Haunglongbing_(Citrus_greening):::74.0,False
8,False,test--train,Orange___Haunglongbing_(Citrus_greening),train\Orange___Haunglongbing_(Citrus_greening)\4aec599c-51a0-4bb7-9c78-dce9678ba254___CREC_HLB 7333.JPG,train\Orange___Haunglongbing_(Citrus_greening)\602ca3c2-8c7c-4ae8-ab59-05beddeb033c___CREC_HLB 6682.JPG,Orange___Haunglongbing_(Citrus_greening):::OCT_694.0,Orange___Haunglongbing_(Citrus_greening):::OCT_532.0,False
8,False,test--train,Orange___Haunglongbing_(Citrus_greening),train\Orange___Haunglongbing_(Citrus_greening)\4aec599c-51a0-4bb7-9c78-dce9678ba254___CREC_HLB 7333.JPG,val\Orange___Haunglongbing_(Citrus_greening)\f7eea306-d929-4c6c-9134-e42f0a5f956c___CREC_HLB 5627.JPG,Orange___Haunglongbing_(Citrus_greening):::OCT_694.0,Orange___Haunglongbing_(Citrus_greening):::OCT_438.0,False
8,False,test--train,Orange___Haunglongbing_(Citrus_greening),train\Orange___Haunglongbing_(Citrus_greening)\4d8ba5bc-f623-4f95-9b64-60273cc4a83f___CREC_HLB 4774.JPG,train\Orange___Haunglongbing_(Citrus_greening)\deacf68a-5de3-49b7-8ec4-836d61d77e3c___CREC_HLB 4669.JPG,Orange___Haunglongbing_(Citrus_greening):::OCT_226.0,Orange___Haunglongbing_(Citrus_greening):::OCT_200.0,False
8,False,test--train,Orange___Haunglongbing_(Citrus_greening),train\Orange___Haunglongbing_(Citrus_greening)\50d85ab3-7dea-4edf-88e9-f3bd0f99d9bb___UF.Citrus_HLB_Lab 9891.JPG,train\Orange___Haunglongbing_(Citrus_greening)\be742ce1-ad42-4870-9615-6ea3a307a837___UF.Citrus_HLB_Lab 1363.JPG,Orange___Haunglongbing_(Citrus_greening):::137.0,Orange___Haunglongbing_(Citrus_greening):::87.0,False
8,False,test--train,Orange___Haunglongbing_(Citrus_greening),train\Orange___Haunglongbing_(Citrus_greening)\51cf5224-106a-46e6-9246-a178fce05604___CREC_HLB 7475.JPG,val\Orange___Haunglongbing_(Citrus_greening)\9c71bfc1-9713-4f88-84f2-dbc7fe803b84___CREC_HLB 7445.JPG,Orange___Haunglongbing_(Citrus_greening):::OCT_729.0,Orange___Haunglongbing_(Citrus_greening):::OCT_722.0,False
8,False,test--train,Orange___Haunglongbing_(Citrus_greening),train\Orange___Haunglongbing_(Citrus_greening)\52be8aec-bced-4123-907a-d6281bcd8a0e___CREC_HLB 7587.JPG,train\Orange___Haunglongbing_(Citrus_greening)\75acc698-28d8-4a86-944d-4132d9b8a7af___CREC_HLB 7577.JPG,Orange___Haunglongbing_(Citrus_greening):::OCT_756.0,Orange___Haunglongbing_(Citrus_greening):::OCT_754.0,False
8,False,test--train,Orange___Haunglongbing_(Citrus_greening),train\Orange___Haunglongbing_(Citrus_greening)\52be8aec-bced-4123-907a-d6281bcd8a0e___CREC_HLB 7587.JPG,train\Orange___Haunglongbing_(Citrus_greening)\b861cb0f-3d26-4dfa-9796-1306037a458b___CREC_HLB 5307.JPG,Orange___Haunglongbing_(Citrus_greening):::OCT_756.0,Orange___Haunglongbing_(Citrus_greening):::OCT_359.0,False
8,False,test--train,Orange___Haunglongbing_(Citrus_greening),train\Orange___Haunglongbing_(Citrus_greening)\536a5d09-f4cf-4fc2-9054-8b1bba61d83d___CREC_HLB 7305.JPG,train\Orange___Haunglongbing_(Citrus_greening)\837c90eb-62d1-46e3-b236-8f1f8ee3d7ee___CREC_HLB 7330.JPG,Orange___Haunglongbing_(Citrus_greening):::OCT_687.0,Orange___Haunglongbing_(Citrus_greening):::OCT_693.0,False
8,False,test--train,Orange___Haunglongbing_(Citrus_greening),train\Orange___Haunglongbing_(Citrus_greening)\590dc7b3-fe1c-47cf-8430-290e5f4e2142___CREC_HLB 4372.JPG,train\Orange___Haunglongbing_(Citrus_greening)\06ee62f2-e77f-49ea-ade0-eb34ba081061___CREC_HLB 5354.JPG,Orange___Haunglongbing_(Citrus_greening):::OCT_126.0,Orange___Haunglongbing_(Citrus_greening):::OCT_370.0,False
8,False,test--train,Orange___Haunglongbing_(Citrus_greening),train\Orange___Haunglongbing_(Citrus_greening)\590dc7b3-fe1c-47cf-8430-290e5f4e2142___CREC_HLB 4372.JPG,train\Orange___Haunglongbing_(Citrus_greening)\5206d2f6-3dcf-4120-8f5d-497080520c79___CREC_HLB 4680.JPG,Orange___Haunglongbing_(Citrus_greening):::OCT_126.0,Orange___Haunglongbing_(Citrus_greening):::OCT_203.0,False
8,False,test--train,Orange___Haunglongbing_(Citrus_greening),train\Orange___Haunglongbing_(Citrus_greening)\590dc7b3-fe1c-47cf-8430-290e5f4e2142___CREC_HLB 4372.JPG,train\Orange___Haunglongbing_(Citrus_greening)\b63f931e-8dad-462a-afa7-fcbca4ce958a___CREC_HLB 4002.JPG,Orange___Haunglongbing_(Citrus_greening):::OCT_126.0,Orange___Haunglongbing_(Citrus_greening):::OCT_34.0,False
8,False,test--train,Orange___Haunglongbing_(Citrus_greening),train\Orange___Haunglongbing_(Citrus_greening)\5a92b602-60bb-4b14-9d08-b10c4fbe8d27___CREC_HLB 4192.JPG,train\Orange___Haunglongbing_(Citrus_greening)\0aba594e-8b7c-4968-b556-a4287f277152___CREC_HLB 6399.JPG,Orange___Haunglongbing_(Citrus_greening):::OCT_82.0,Orange___Haunglongbing_(Citrus_greening):::OCT_461.0,False
8,False,test--train,Orange___Haunglongbing_(Citrus_greening),train\Orange___Haunglongbing_(Citrus_greening)\5a92b602-60bb-4b14-9d08-b10c4fbe8d27___CREC_HLB 4192.JPG,train\Orange___Haunglongbing_(Citrus_greening)\fbdb6fcb-9ad4-403a-befc-4a8ff95eb6a7___CREC_HLB 5683.JPG,Orange___Haunglongbing_(Citrus_greening):::OCT_82.0,Orange___Haunglongbing_(Citrus_greening):::OCT_452.0,False
8,False,test--train,Orange___Haunglongbing_(Citrus_greening),train\Orange___Haunglongbing_(Citrus_greening)\5c5fbafd-80f4-4389-b2d9-088f76677898___CREC_HLB 4858.JPG,train\Orange___Haunglongbing_(Citrus_greening)\5249009b-0e88-4284-a8aa-50ded4cf607d___CREC_HLB 5519.JPG,Orange___Haunglongbing_(Citrus_greening):::OCT_247.0,Orange___Haunglongbing_(Citrus_greening):::OCT_412.0,False
8,False,test--train,Orange___Haunglongbing_(Citrus_greening),train\Orange___Haunglongbing_(Citrus_greening)\5c882ef6-aac7-43d9-b2be-205c192bd1c7___CREC_HLB 5097.JPG,train\Orange___Haunglongbing_(Citrus_greening)\029ac435-a5e8-423b-b75e-0a56d8960e6c___CREC_HLB 4269.JPG,Orange___Haunglongbing_(Citrus_greening):::OCT_306.0,Orange___Haunglongbing_(Citrus_greening):::OCT_101.0,False
8,False,test--train,Orange___Haunglongbing_(Citrus_greening),train\Orange___Haunglongbing_(Citrus_greening)\5fea6051-1ae4-42aa-b3b2-4fcd608137b1___CREC_HLB 4068.JPG,train\Orange___Haunglongbing_(Citrus_greening)\1489aaa5-53aa-4825-9eb0-3c1a696a37ac___CREC_HLB 6739.JPG,Orange___Haunglongbing_(Citrus_greening):::OCT_51.0,Orange___Haunglongbing_(Citrus_greening):::OCT_546.0,False
8,False,test--train,Orange___Haunglongbing_(Citrus_greening),train\Orange___Haunglongbing_(Citrus_greening)\5fea6051-1ae4-42aa-b3b2-4fcd608137b1___CREC_HLB 4068.JPG,train\Orange___Haunglongbing_(Citrus_greening)\79eadc6c-d170-49c0-b9f7-db047743694c___CREC_HLB 6620.JPG,Orange___Haunglongbing_(Citrus_greening):::OCT_51.0,Orange___Haunglongbing_(Citrus_greening):::OCT_516.0,False
8,False,test--train,Orange___Haunglongbing_(Citrus_greening),train\Orange___Haunglongbing_(Citrus_greening)\5fea6051-1ae4-42aa-b3b2-4fcd608137b1___CREC_HLB 4068.JPG,val\Orange___Haunglongbing_(Citrus_greening)\b7343bb2-d70f-4892-adbf-79cf34dd7c74___CREC_HLB 6559.JPG,Orange___Haunglongbing_(Citrus_greening):::OCT_51.0,Orange___Haunglongbing_(Citrus_greening):::OCT_501.0,False
8,False,test--train,Orange___Haunglongbing_(Citrus_greening),train\Orange___Haunglongbing_(Citrus_greening)\61c11fe5-d0f0-4330-8f7b-9f10783bde65___CREC_HLB 6659.JPG,train\Orange___Haunglongbing_(Citrus_greening)\b63f931e-8dad-462a-afa7-fcbca4ce958a___CREC_HLB 4002.JPG,Orange___Haunglongbing_(Citrus_greening):::OCT_526.0,Orange___Haunglongbing_(Citrus_greening):::OCT_34.0,False
8,False,test--train,Orange___Haunglongbing_(Citrus_greening),train\Orange___Haunglongbing_(Citrus_greening)\61c11fe5-d0f0-4330-8f7b-9f10783bde65___CREC_HLB 6659.JPG,train\Orange___Haunglongbing_(Citrus_greening)\f0ade6d4-9a61-4f49-8b6f-b97bfa8d3005___CREC_HLB 3999.JPG,Orange___Haunglongbing_(Citrus_greening):::OCT_526.0,Orange___Haunglongbing_(Citrus_greening):::OCT_34.0,False
8,False,test--train,Orange___Haunglongbing_(Citrus_greening),train\Orange___Haunglongbing_(Citrus_greening)\63fa5928-4a49-4eae-ba65-6bb907cd59a2___UF.Citrus_HLB_Lab 1092.JPG,train\Orange___Haunglongbing_(Citrus_greening)\0818064d-2a35-43c9-bfd9-ec712ae070e1___UF.Citrus_HLB_Lab 1007.JPG,Orange___Haunglongbing_(Citrus_greening):::68.0,Orange___Haunglongbing_(Citrus_greening):::62.0,False
8,False,test--train,Orange___Haunglongbing_(Citrus_greening),train\Orange___Haunglongbing_(Citrus_greening)\64992a88-4df8-49c0-a953-a27347d414a2___CREC_HLB 4050.JPG,train\Orange___Haunglongbing_(Citrus_greening)\5249009b-0e88-4284-a8aa-50ded4cf607d___CREC_HLB 5519.JPG,Orange___Haunglongbing_(Citrus_greening):::OCT_46.0,Orange___Haunglongbing_(Citrus_greening):::OCT_412.0,False
8,False,test--train,Orange___Haunglongbing_(Citrus_greening),train\Orange___Haunglongbing_(Citrus_greening)\64992a88-4df8-49c0-a953-a27347d414a2___CREC_HLB 4050.JPG,train\Orange___Haunglongbing_(Citrus_greening)\b8a3b2de-d59f-4525-a59f-fe37bb58ecd9___CREC_HLB 4789.JPG,Orange___Haunglongbing_(Citrus_greening):::OCT_46.0,Orange___Haunglongbing_(Citrus_greening):::OCT_230.0,False
8,False,test--train,Orange___Haunglongbing_(Citrus_greening),train\Orange___Haunglongbing_(Citrus_greening)\64992a88-4df8-49c0-a953-a27347d414a2___CREC_HLB 4050.JPG,train\Orange___Haunglongbing_(Citrus_greening)\f5c2a95f-033c-441f-bbbd-193b957092d9___CREC_HLB 5520.JPG,Orange___Haunglongbing_(Citrus_greening):::OCT_46.0,Orange___Haunglongbing_(Citrus_greening):::OCT_412.0,False
8,False,test--train,Orange___Haunglongbing_(Citrus_greening),train\Orange___Haunglongbing_(Citrus_greening)\66d857ed-948f-4084-880f-aa06e661d8ba___UF.Citrus_HLB_Lab 1562.JPG,train\Orange___Haunglongbing_(Citrus_greening)\887906b1-e2f6-4f5a-b963-26c0a9e95882___UF.Citrus_HLB_Lab 1192.JPG,Orange___Haunglongbing_(Citrus_greening):::97.0,Orange___Haunglongbing_(Citrus_greening):::75.0,False
8,False,test--train,Orange___Haunglongbing_(Citrus_greening),train\Orange___Haunglongbing_(Citrus_greening)\6a11a4da-0017-4410-81e5-28706c4253f6___UF.Citrus_HLB_Lab 1761.JPG,train\Orange___Haunglongbing_(Citrus_greening)\53bef0e0-594a-4d8b-9a9f-3437bce43859___UF.Citrus_HLB_Lab 1118.JPG,Orange___Haunglongbing_(Citrus_greening):::110.0,Orange___Haunglongbing_(Citrus_greening):::70.0,False
8,False,test--train,Orange___Haunglongbing_(Citrus_greening),train\Orange___Haunglongbing_(Citrus_greening)\6a11a4da-0017-4410-81e5-28706c4253f6___UF.Citrus_HLB_Lab 1761.JPG,train\Orange___Haunglongbing_(Citrus_greening)\585d6b72-b62b-4eed-82a4-c9c4df2c89ed___UF.Citrus_HLB_Lab 1694.JPG,Orange___Haunglongbing_(Citrus_greening):::110.0,Orange___Haunglongbing_(Citrus_greening):::106.0,False
8,False,test--train,Orange___Haunglongbing_(Citrus_greening),train\Orange___Haunglongbing_(Citrus_greening)\6cb1ac51-ca87-4359-9508-82117cb144ff___CREC_HLB 5163.JPG,train\Orange___Haunglongbing_(Citrus_greening)\c80f2b71-c3c4-4160-a6d5-9d31c45a8f44___CREC_HLB 7604.JPG,Orange___Haunglongbing_(Citrus_greening):::OCT_323.0,Orange___Haunglongbing_(Citrus_greening):::OCT_760.0,False
8,False,test--train,Orange___Haunglongbing_(Citrus_greening),train\Orange___Haunglongbing_(Citrus_greening)\6ef5fd66-db9d-43f0-b220-a15d9b22bf45___UF.Citrus_HLB_Lab 0778.JPG,train\Orange___Haunglongbing_(Citrus_greening)\bab0e4b8-86da-4b29-a7fa-393d5bc6e059___UF.Citrus_HLB_Lab 0558.JPG,Orange___Haunglongbing_(Citrus_greening):::49.0,Orange___Haunglongbing_(Citrus_greening):::38.0,False
8,False,test--train,Orange___Haunglongbing_(Citrus_greening),train\Orange___Haunglongbing_(Citrus_greening)\6fd294ef-7fd5-4a8b-ade0-b68388490139___CREC_HLB 5321.JPG,train\Orange___Haunglongbing_(Citrus_greening)\f0ade6d4-9a61-4f49-8b6f-b97bfa8d3005___CREC_HLB 3999.JPG,Orange___Haunglongbing_(Citrus_greening):::OCT_362.0,Orange___Haunglongbing_(Citrus_greening):::OCT_34.0,False
8,False,test--train,Orange___Haunglongbing_(Citrus_greening),train\Orange___Haunglongbing_(Citrus_greening)\6fd294ef-7fd5-4a8b-ade0-b68388490139___CREC_HLB 5321.JPG,val\Orange___Haunglongbing_(Citrus_greening)\e5d3bae8-414a-42c6-8444-dec49cba42cc___CREC_HLB 5105.JPG,Orange___Haunglongbing_(Citrus_greening):::OCT_362.0,Orange___Haunglongbing_(Citrus_greening):::OCT_308.0,False
8,False,test--train,Orange___Haunglongbing_(Citrus_greening),train\Orange___Haunglongbing_(Citrus_greening)\7678e310-c780-4483-ba2f-8b49eb90b4d4___UF.Citrus_HLB_Lab 1095.JPG,train\Orange___Haunglongbing_(Citrus_greening)\0818064d-2a35-43c9-bfd9-ec712ae070e1___UF.Citrus_HLB_Lab 1007.JPG,Orange___Haunglongbing_(Citrus_greening):::68.0,Orange___Haunglongbing_(Citrus_greening):::62.0,False
8,False,test--train,Orange___Haunglongbing_(Citrus_greening),train\Orange___Haunglongbing_(Citrus_greening)\7678e310-c780-4483-ba2f-8b49eb90b4d4___UF.Citrus_HLB_Lab 1095.JPG,train\Orange___Haunglongbing_(Citrus_greening)\72694631-7642-486d-a178-55c97a4dc265___UF.Citrus_HLB_Lab 9977.JPG,Orange___Haunglongbing_(Citrus_greening):::68.0,Orange___Haunglongbing_(Citrus_greening):::146.0,False
8,False,test--train,Orange___Haunglongbing_(Citrus_greening),train\Orange___Haunglongbing_(Citrus_greening)\76d4ebff-305d-4398-887b-40f8c797f6a5___UF.Citrus_HLB_Lab 0991.JPG,train\Orange___Haunglongbing_(Citrus_greening)\e480d6b6-905c-42c7-8078-d0b78687b2b7___UF.Citrus_HLB_Lab 1194.JPG,Orange___Haunglongbing_(Citrus_greening):::61.0,Orange___Haunglongbing_(Citrus_greening):::75.0,False
8,False,test--train,Orange___Haunglongbing_(Citrus_greening),train\Orange___Haunglongbing_(Citrus_greening)\7787814e-7442-4b65-912d-27b5f8567aab___CREC_HLB 7087.JPG,train\Orange___Haunglongbing_(Citrus_greening)\1dfca35f-2606-40af-b709-0f97bddba330___CREC_HLB 5403.JPG,Orange___Haunglongbing_(Citrus_greening):::OCT_633.0,Orange___Haunglongbing_(Citrus_greening):::OCT_383.0,False
8,False,test--train,Orange___Haunglongbing_(Citrus_greening),train\Orange___Haunglongbing_(Citrus_greening)\7787814e-7442-4b65-912d-27b5f8567aab___CREC_HLB 7087.JPG,train\Orange___Haunglongbing_(Citrus_greening)\5249009b-0e88-4284-a8aa-50ded4cf607d___CREC_HLB 5519.JPG,Orange___Haunglongbing_(Citrus_greening):::OCT_633.0,Orange___Haunglongbing_(Citrus_greening):::OCT_412.0,False
8,False,test--train,Orange___Haunglongbing_(Citrus_greening),train\Orange___Haunglongbing_(Citrus_greening)\7787814e-7442-4b65-912d-27b5f8567aab___CREC_HLB 7087.JPG,train\Orange___Haunglongbing_(Citrus_greening)\98217596-dd6d-47c3-b7ac-64f00199e835___CREC_HLB 5223.JPG,Orange___Haunglongbing_(Citrus_greening):::OCT_633.0,Orange___Haunglongbing_(Citrus_greening):::OCT_338.0,False
8,False,test--train,Orange___Haunglongbing_(Citrus_greening),train\Orange___Haunglongbing_(Citrus_greening)\7787814e-7442-4b65-912d-27b5f8567aab___CREC_HLB 7087.JPG,val\Orange___Haunglongbing_(Citrus_greening)\baf7f766-a742-46dd-a74b-4d23b2994ef9___CREC_HLB 6730.JPG,Orange___Haunglongbing_(Citrus_greening):::OCT_633.0,Orange___Haunglongbing_(Citrus_greening):::OCT_544.0,False
8,False,test--train,Orange___Haunglongbing_(Citrus_greening),train\Orange___Haunglongbing_(Citrus_greening)\789f64bd-3792-46fc-ba3b-27ec3ddb90a8___CREC_HLB 5165.JPG,train\Orange___Haunglongbing_(Citrus_greening)\1bd78357-4bf5-489b-8996-11af66457581___CREC_HLB 4378.JPG,Orange___Haunglongbing_(Citrus_greening):::OCT_323.0,Orange___Haunglongbing_(Citrus_greening):::OCT_128.0,False
8,False,test--train,Orange___Haunglongbing_(Citrus_greening),train\Orange___Haunglongbing_(Citrus_greening)\789f64bd-3792-46fc-ba3b-27ec3ddb90a8___CREC_HLB 5165.JPG,val\Orange___Haunglongbing_(Citrus_greening)\4a3d6de2-a62d-4f1b-8a20-0536cde50fdd___CREC_HLB 5305.JPG,Orange___Haunglongbing_(Citrus_greening):::OCT_323.0,Orange___Haunglongbing_(Citrus_greening):::OCT_358.0,False
8,False,test--train,Orange___Haunglongbing_(Citrus_greening),train\Orange___Haunglongbing_(Citrus_greening)\789f64bd-3792-46fc-ba3b-27ec3ddb90a8___CREC_HLB 5165.JPG,val\Orange___Haunglongbing_(Citrus_greening)\eb404af9-6f23-4dcf-b21b-8f1473fbb0d8___CREC_HLB 4150.JPG,Orange___Haunglongbing_(Citrus_greening):::OCT_323.0,Orange___Haunglongbing_(Citrus_greening):::OCT_71.0,False
8,False,test--train,Orange___Haunglongbing_(Citrus_greening),train\Orange___Haunglongbing_(Citrus_greening)\79051011-a0a6-467a-8de5-4b1d861d3840___CREC_HLB 4848.JPG,train\Orange___Haunglongbing_(Citrus_greening)\01c27632-a17a-415d-83b0-4fa8bab06c58___CREC_HLB 4080.JPG,Orange___Haunglongbing_(Citrus_greening):::OCT_244.0,Orange___Haunglongbing_(Citrus_greening):::OCT_54.0,False
8,False,test--train,Orange___Haunglongbing_(Citrus_greening),train\Orange___Haunglongbing_(Citrus_greening)\79051011-a0a6-467a-8de5-4b1d861d3840___CREC_HLB 4848.JPG,train\Orange___Haunglongbing_(Citrus_greening)\76d6f44b-6172-4b1d-b743-91cd28163367___CREC_HLB 5384.JPG,Orange___Haunglongbing_(Citrus_greening):::OCT_244.0,Orange___Haunglongbing_(Citrus_greening):::OCT_378.0,False
8,False,test--train,Orange___Haunglongbing_(Citrus_greening),train\Orange___Haunglongbing_(Citrus_greening)\7ac4603b-5fbf-4a9c-8981-af473e6028c6___UF.Citrus_HLB_Lab 9696.JPG,train\Orange___Haunglongbing_(Citrus_greening)\b360f60a-49bc-433e-a18e-870dede1e9d1___CREC_HLB 4632.JPG,Orange___Haunglongbing_(Citrus_greening):::117.0,Orange___Haunglongbing_(Citrus_greening):::OCT_191.0,False
8,False,test--train,Orange___Haunglongbing_(Citrus_greening),train\Orange___Haunglongbing_(Citrus_greening)\7b06251a-7d07-4bf0-af62-e5542f821d26___CREC_HLB 5335.JPG,train\Orange___Haunglongbing_(Citrus_greening)\d6f2b4d5-d0b8-4b2b-8f39-878bc1a04aea___CREC_HLB 5191.JPG,Orange___Haunglongbing_(Citrus_greening):::OCT_366.0,Orange___Haunglongbing_(Citrus_greening):::OCT_330.0,False
8,False,test--train,Orange___Haunglongbing_(Citrus_greening),train\Orange___Haunglongbing_(Citrus_greening)\7ca50b6d-cf78-46de-bfe2-13e049a24327___CREC_HLB 7917.JPG,train\Orange___Haunglongbing_(Citrus_greening)\75acc698-28d8-4a86-944d-4132d9b8a7af___CREC_HLB 7577.JPG,Orange___Haunglongbing_(Citrus_greening):::OCT_838.0,Orange___Haunglongbing_(Citrus_greening):::OCT_754.0,False
8,False,test--train,Orange___Haunglongbing_(Citrus_greening),train\Orange___Haunglongbing_(Citrus_greening)\83a6cf25-1bce-4a01-b4d3-9bb8901fb2f5___CREC_HLB 7793.JPG,train\Orange___Haunglongbing_(Citrus_greening)\0a39d7e4-ac5e-4fe9-97b8-31c28fbee585___CREC_HLB 7403.JPG,Orange___Haunglongbing_(Citrus_greening):::OCT_807.0,Orange___Haunglongbing_(Citrus_greening):::OCT_711.0,False
8,False,test--train,Orange___Haunglongbing_(Citrus_greening),train\Orange___Haunglongbing_(Citrus_greening)\83a6cf25-1bce-4a01-b4d3-9bb8901fb2f5___CREC_HLB 7793.JPG,train\Orange___Haunglongbing_(Citrus_greening)\8b60ed4e-c2ca-43a6-9eda-558655091095___CREC_HLB 4415.JPG,Orange___Haunglongbing_(Citrus_greening):::OCT_807.0,Orange___Haunglongbing_(Citrus_greening):::OCT_137.0,False
8,False,test--train,Orange___Haunglongbing_(Citrus_greening),train\Orange___Haunglongbing_(Citrus_greening)\84dd469e-8dd1-43e2-bc1b-299fc9e3142a___CREC_HLB 7260.JPG,train\Orange___Haunglongbing_(Citrus_greening)\eb383384-1c3a-4e2f-ad55-0093b5445c7c___CREC_HLB 7492.JPG,Orange___Haunglongbing_(Citrus_greening):::OCT_675.0,Orange___Haunglongbing_(Citrus_greening):::OCT_733.0,False
8,False,test--train,Orange___Haunglongbing_(Citrus_greening),train\Orange___Haunglongbing_(Citrus_greening)\850e8f31-466f-4ce3-9c43-0a3705c6b365___CREC_HLB 4784.JPG,train\Orange___Haunglongbing_(Citrus_greening)\2574fd30-1832-4fcd-8873-456d43d68954___CREC_HLB 4098.JPG,Orange___Haunglongbing_(Citrus_greening):::OCT_228.0,Orange___Haunglongbing_(Citrus_greening):::OCT_58.0,False
8,False,test--train,Orange___Haunglongbing_(Citrus_greening),train\Orange___Haunglongbing_(Citrus_greening)\850e8f31-466f-4ce3-9c43-0a3705c6b365___CREC_HLB 4784.JPG,train\Orange___Haunglongbing_(Citrus_greening)\27298edb-026a-4aec-bfb7-429f1ec9919c___CREC_HLB 4925.JPG,Orange___Haunglongbing_(Citrus_greening):::OCT_228.0,Orange___Haunglongbing_(Citrus_greening):::OCT_263.0,False
8,False,test--train,Orange___Haunglongbing_(Citrus_greening),train\Orange___Haunglongbing_(Citrus_greening)\850e8f31-466f-4ce3-9c43-0a3705c6b365___CREC_HLB 4784.JPG,train\Orange___Haunglongbing_(Citrus_greening)\9da84c41-f7ba-463a-b268-3c0e2b383f7c___CREC_HLB 4988.JPG,Orange___Haunglongbing_(Citrus_greening):::OCT_228.0,Orange___Haunglongbing_(Citrus_greening):::OCT_279.0,False
8,False,test--train,Orange___Haunglongbing_(Citrus_greening),train\Orange___Haunglongbing_(Citrus_greening)\87edc975-3de7-456a-9c3a-3dfffe7f25f9___UF.Citrus_HLB_Lab 0181.JPG,val\Orange___Haunglongbing_(Citrus_greening)\1fbbfa52-b098-4994-8cc3-88e3457846d2___UF.Citrus_HLB_Lab 0599.JPG,Orange___Haunglongbing_(Citrus_greening):::17.0,Orange___Haunglongbing_(Citrus_greening):::40.0,False
8,False,test--train,Orange___Haunglongbing_(Citrus_greening),train\Orange___Haunglongbing_(Citrus_greening)\88adba43-1356-4628-8dd4-03a48049b6c6___CREC_HLB 6459.JPG,val\Orange___Haunglongbing_(Citrus_greening)\0d07f07a-00c7-48da-9f8d-aa8e2b386b95___CREC_HLB 5092.JPG,Orange___Haunglongbing_(Citrus_greening):::OCT_476.0,Orange___Haunglongbing_(Citrus_greening):::OCT_305.0,False
8,False,test--train,Orange___Haunglongbing_(Citrus_greening),train\Orange___Haunglongbing_(Citrus_greening)\89db5341-7c93-4bed-9431-624d296cd33f___CREC_HLB 4944.JPG,train\Orange___Haunglongbing_(Citrus_greening)\77c5c532-cd3b-4a15-9dd5-a1b775deb9f0___CREC_HLB 4964.JPG,Orange___Haunglongbing_(Citrus_greening):::OCT_268.0,Orange___Haunglongbing_(Citrus_greening):::OCT_273.0,False
8,False,test--train,Orange___Haunglongbing_(Citrus_greening),train\Orange___Haunglongbing_(Citrus_greening)\89db5341-7c93-4bed-9431-624d296cd33f___CREC_HLB 4944.JPG,train\Orange___Haunglongbing_(Citrus_greening)\b79654c3-89ad-4e25-87c9-ad6cc79fef13___CREC_HLB 7579.JPG,Orange___Haunglongbing_(Citrus_greening):::OCT_268.0,Orange___Haunglongbing_(Citrus_greening):::OCT_754.0,False
8,False,test--train,Orange___Haunglongbing_(Citrus_greening),train\Orange___Haunglongbing_(Citrus_greening)\89db5341-7c93-4bed-9431-624d296cd33f___CREC_HLB 4944.JPG,val\Orange___Haunglongbing_(Citrus_greening)\e85a3abf-a71a-4fe0-8473-8109abc37ce6___CREC_HLB 4637.JPG,Orange___Haunglongbing_(Citrus_greening):::OCT_268.0,Orange___Haunglongbing_(Citrus_greening):::OCT_192.0,False
8,False,test--train,Orange___Haunglongbing_(Citrus_greening),train\Orange___Haunglongbing_(Citrus_greening)\8b1c9af0-26ad-473b-974d-eb3df4fb6db8___UF.Citrus_HLB_Lab 1476.JPG,val\Orange___Haunglongbing_(Citrus_greening)\915422d1-e7e5-4175-8142-3675aaa023c8___UF.Citrus_HLB_Lab 0679.JPG,Orange___Haunglongbing_(Citrus_greening):::93.0,Orange___Haunglongbing_(Citrus_greening):::44.0,False
8,False,test--train,Orange___Haunglongbing_(Citrus_greening),train\Orange___Haunglongbing_(Citrus_greening)\8fc18ca8-e99d-488c-bd86-3f5209e6a72e___CREC_HLB 7364.JPG,train\Orange___Haunglongbing_(Citrus_greening)\ce3bd576-1985-4260-a509-110a22581d7f___CREC_HLB 7352.JPG,Orange___Haunglongbing_(Citrus_greening):::OCT_701.0,Orange___Haunglongbing_(Citrus_greening):::OCT_698.0,False
8,False,test--train,Orange___Haunglongbing_(Citrus_greening),train\Orange___Haunglongbing_(Citrus_greening)\941a6300-ea46-4a3f-b437-9a534950ef72___CREC_HLB 4299.JPG,train\Orange___Haunglongbing_(Citrus_greening)\d6dd7f48-85ca-457f-8e04-4f2ac802a437___CREC_HLB 5317.JPG,Orange___Haunglongbing_(Citrus_greening):::OCT_109.0,Orange___Haunglongbing_(Citrus_greening):::OCT_361.0,False
8,False,test--train,Orange___Haunglongbing_(Citrus_greening),train\Orange___Haunglongbing_(Citrus_greening)\94600a0a-3466-4157-9db8-c338f02521b1___CREC_HLB 4943.JPG,train\Orange___Haunglongbing_(Citrus_greening)\05b8c204-aeb1-4075-b7e0-c9bd42707039___CREC_HLB 4188.JPG,Orange___Haunglongbing_(Citrus_greening):::OCT_268.0,Orange___Haunglongbing_(Citrus_greening):::OCT_81.0,False
8,False,test--train,Orange___Haunglongbing_(Citrus_greening),train\Orange___Haunglongbing_(Citrus_greening)\94600a0a-3466-4157-9db8-c338f02521b1___CREC_HLB 4943.JPG,train\Orange___Haunglongbing_(Citrus_greening)\e662be4c-5ad3-48c8-a250-310a4726a0b7___CREC_HLB 5581.JPG,Orange___Haunglongbing_(Citrus_greening):::OCT_268.0,Orange___Haunglongbing_(Citrus_greening):::OCT_427.0,False
8,False,test--train,Orange___Haunglongbing_(Citrus_greening),train\Orange___Haunglongbing_(Citrus_greening)\9591292d-5f6a-4969-aadf-6dcf02da49a2___CREC_HLB 7768.JPG,train\Orange___Haunglongbing_(Citrus_greening)\bab8be10-1ce8-4288-a400-a796f8f1a5bc___CREC_HLB 4867.JPG,Orange___Haunglongbing_(Citrus_greening):::OCT_801.0,Orange___Haunglongbing_(Citrus_greening):::OCT_249.0,False
8,False,test--train,Orange___Haunglongbing_(Citrus_greening),train\Orange___Haunglongbing_(Citrus_greening)\96cfe149-ad67-450d-aac8-a30b5727bad4___CREC_HLB 5322.JPG,val\Orange___Haunglongbing_(Citrus_greening)\6995bf1c-9f9a-49a4-9f8c-ef25a46bc301___CREC_HLB 5094.JPG,Orange___Haunglongbing_(Citrus_greening):::OCT_362.0,Orange___Haunglongbing_(Citrus_greening):::OCT_305.0,False
8,False,test--train,Orange___Haunglongbing_(Citrus_greening),train\Orange___Haunglongbing_(Citrus_greening)\970733d0-6969-4a66-9ec6-d75c3f268ec5___CREC_HLB 7112.JPG,train\Orange___Haunglongbing_(Citrus_greening)\01c27632-a17a-415d-83b0-4fa8bab06c58___CREC_HLB 4080.JPG,Orange___Haunglongbing_(Citrus_greening):::OCT_639.0,Orange___Haunglongbing_(Citrus_greening):::OCT_54.0,False
8,False,test--train,Orange___Haunglongbing_(Citrus_greening),train\Orange___Haunglongbing_(Citrus_greening)\970733d0-6969-4a66-9ec6-d75c3f268ec5___CREC_HLB 7112.JPG,train\Orange___Haunglongbing_(Citrus_greening)\29607423-9184-438b-9d6a-438aefadc379___CREC_HLB 5400.JPG,Orange___Haunglongbing_(Citrus_greening):::OCT_639.0,Orange___Haunglongbing_(Citrus_greening):::OCT_382.0,False
8,False,test--train,Orange___Haunglongbing_(Citrus_greening),train\Orange___Haunglongbing_(Citrus_greening)\970733d0-6969-4a66-9ec6-d75c3f268ec5___CREC_HLB 7112.JPG,train\Orange___Haunglongbing_(Citrus_greening)\536740f8-3c35-43a6-bc42-9ebf8a4edfc1___CREC_HLB 5401.JPG,Orange___Haunglongbing_(Citrus_greening):::OCT_639.0,Orange___Haunglongbing_(Citrus_greening):::OCT_382.0,False
8,False,test--train,Orange___Haunglongbing_(Citrus_greening),train\Orange___Haunglongbing_(Citrus_greening)\970733d0-6969-4a66-9ec6-d75c3f268ec5___CREC_HLB 7112.JPG,train\Orange___Haunglongbing_(Citrus_greening)\57546099-9d43-46ed-907a-8ac0d76d9e71___CREC_HLB 4120.JPG,Orange___Haunglongbing_(Citrus_greening):::OCT_639.0,Orange___Haunglongbing_(Citrus_greening):::OCT_64.0,False
8,False,test--train,Orange___Haunglongbing_(Citrus_greening),train\Orange___Haunglongbing_(Citrus_greening)\970733d0-6969-4a66-9ec6-d75c3f268ec5___CREC_HLB 7112.JPG,train\Orange___Haunglongbing_(Citrus_greening)\b648bfd5-f3f7-4849-b3a6-3a6a10c48807___CREC_HLB 4116.JPG,Orange___Haunglongbing_(Citrus_greening):::OCT_639.0,Orange___Haunglongbing_(Citrus_greening):::OCT_63.0,False
8,False,test--train,Orange___Haunglongbing_(Citrus_greening),train\Orange___Haunglongbing_(Citrus_greening)\970733d0-6969-4a66-9ec6-d75c3f268ec5___CREC_HLB 7112.JPG,val\Orange___Haunglongbing_(Citrus_greening)\821a81aa-11db-49d1-9c56-292221746d05___CREC_HLB 4911.JPG,Orange___Haunglongbing_(Citrus_greening):::OCT_639.0,Orange___Haunglongbing_(Citrus_greening):::OCT_260.0,False
8,False,test--train,Orange___Haunglongbing_(Citrus_greening),train\Orange___Haunglongbing_(Citrus_greening)\9a4d0032-256b-4e4b-8262-072240ff6d0f___UF.Citrus_HLB_Lab 9691.JPG,train\Orange___Haunglongbing_(Citrus_greening)\2c1e3cc5-9bc3-4555-85af-e0b90b2dedd6___CREC_HLB 5636.JPG,Orange___Haunglongbing_(Citrus_greening):::117.0,Orange___Haunglongbing_(Citrus_greening):::OCT_440.0,False
8,False,test--train,Orange___Haunglongbing_(Citrus_greening),train\Orange___Haunglongbing_(Citrus_greening)\9b18e561-86f5-4f72-b6fa-88c59811b0f8___UF.Citrus_HLB_Lab 9943.JPG,train\Orange___Haunglongbing_(Citrus_greening)\9b41f5c5-ac79-4756-a989-79af06de5d95___UF.Citrus_HLB_Lab 1230.JPG,Orange___Haunglongbing_(Citrus_greening):::143.0,Orange___Haunglongbing_(Citrus_greening):::78.0,False
8,False,test--train,Orange___Haunglongbing_(Citrus_greening),train\Orange___Haunglongbing_(Citrus_greening)\9b18e561-86f5-4f72-b6fa-88c59811b0f8___UF.Citrus_HLB_Lab 9943.JPG,train\Orange___Haunglongbing_(Citrus_greening)\bca755b3-e0a3-4876-ae70-88ec2bc75b10___UF.Citrus_HLB_Lab 0299.JPG,Orange___Haunglongbing_(Citrus_greening):::143.0,Orange___Haunglongbing_(Citrus_greening):::24.0,False
8,False,test--train,Orange___Haunglongbing_(Citrus_greening),train\Orange___Haunglongbing_(Citrus_greening)\9fdcabdd-7e29-4034-953a-61136d2cd042___CREC_HLB 5490.JPG,val\Orange___Haunglongbing_(Citrus_greening)\aae9f47c-a697-41c9-af77-8063ce1588b6___CREC_HLB 3995.JPG,Orange___Haunglongbing_(Citrus_greening):::OCT_404.0,Orange___Haunglongbing_(Citrus_greening):::OCT_33.0,False
8,False,test--train,Orange___Haunglongbing_(Citrus_greening),train\Orange___Haunglongbing_(Citrus_greening)\a0859d76-d443-4b16-a963-b9c9dbc90abf___CREC_HLB 7937.JPG,train\Orange___Haunglongbing_(Citrus_greening)\9240c7f1-4c33-486c-b604-164e3c862ec7___CREC_HLB 7864.JPG,Orange___Haunglongbing_(Citrus_greening):::OCT_843.0,Orange___Haunglongbing_(Citrus_greening):::OCT_825.0,False
8,False,test--train,Orange___Haunglongbing_(Citrus_greening),train\Orange___Haunglongbing_(Citrus_greening)\a0859d76-d443-4b16-a963-b9c9dbc90abf___CREC_HLB 7937.JPG,train\Orange___Haunglongbing_(Citrus_greening)\e3af556f-8c11-477f-bcac-6e28daef8ac8___CREC_HLB 7198.JPG,Orange___Haunglongbing_(Citrus_greening):::OCT_843.0,Orange___Haunglongbing_(Citrus_greening):::OCT_660.0,False
8,False,test--train,Orange___Haunglongbing_(Citrus_greening),train\Orange___Haunglongbing_(Citrus_greening)\a0f9acfa-90fa-4620-a596-888bd71757fe___CREC_HLB 3946.JPG,val\Orange___Haunglongbing_(Citrus_greening)\6995bf1c-9f9a-49a4-9f8c-ef25a46bc301___CREC_HLB 5094.JPG,Orange___Haunglongbing_(Citrus_greening):::OCT_20.0,Orange___Haunglongbing_(Citrus_greening):::OCT_305.0,False
8,False,test--train,Orange___Haunglongbing_(Citrus_greening),train\Orange___Haunglongbing_(Citrus_greening)\a18221a9-8664-4b81-bf51-851f1fa7e3cf___CREC_HLB 5373.JPG,val\Orange___Haunglongbing_(Citrus_greening)\800efc63-416d-4dc3-b7fb-07b2e7240748___CREC_HLB 5309.JPG,Orange___Haunglongbing_(Citrus_greening):::OCT_375.0,Orange___Haunglongbing_(Citrus_greening):::OCT_359.0,False
8,False,test--train,Orange___Haunglongbing_(Citrus_greening),train\Orange___Haunglongbing_(Citrus_greening)\a40100c7-ae51-4dda-9f7c-1e7eb3bb1a23___CREC_HLB 5411.JPG,train\Orange___Haunglongbing_(Citrus_greening)\c8821253-eaf8-4881-918a-871a65b357b3___CREC_HLB 4962.JPG,Orange___Haunglongbing_(Citrus_greening):::OCT_385.0,Orange___Haunglongbing_(Citrus_greening):::OCT_273.0,False
8,False,test--train,Orange___Haunglongbing_(Citrus_greening),train\Orange___Haunglongbing_(Citrus_greening)\a7966e86-a2d6-4ab4-b91a-770a6a230d2d___UF.Citrus_HLB_Lab 9946.JPG,val\Orange___Haunglongbing_(Citrus_greening)\2c28797a-3682-4fde-9db3-6dfc31ad6c48___UF.Citrus_HLB_Lab 0349.JPG,Orange___Haunglongbing_(Citrus_greening):::143.0,Orange___Haunglongbing_(Citrus_greening):::26.0,False
8,False,test--train,Orange___Haunglongbing_(Citrus_greening),train\Orange___Haunglongbing_(Citrus_greening)\a7f79336-d13c-42c7-9b58-134d30de76b6___UF.Citrus_HLB_Lab 1463.JPG,val\Orange___Haunglongbing_(Citrus_greening)\423517ee-43f7-4b1b-a15a-ca6c9860307a___UF.Citrus_HLB_Lab 0350.JPG,Orange___Haunglongbing_(Citrus_greening):::93.0,Orange___Haunglongbing_(Citrus_greening):::26.0,False
8,False,test--train,Orange___Haunglongbing_(Citrus_greening),train\Orange___Haunglongbing_(Citrus_greening)\adaf72e5-3e96-49f0-98de-c395bb625a85___CREC_HLB 4828.JPG,train\Orange___Haunglongbing_(Citrus_greening)\4a9ca990-2ab0-4004-a101-d0155d08e5f0___CREC_HLB 4625.JPG,Orange___Haunglongbing_(Citrus_greening):::OCT_239.0,Orange___Haunglongbing_(Citrus_greening):::OCT_189.0,False
8,False,test--train,Orange___Haunglongbing_(Citrus_greening),train\Orange___Haunglongbing_(Citrus_greening)\b2a922d3-de8e-432f-9bf8-a167d1f8645d___CREC_HLB 4313.JPG,train\Orange___Haunglongbing_(Citrus_greening)\b218b112-718d-4561-94cd-a70c504a6203___CREC_HLB 4309.JPG,Orange___Haunglongbing_(Citrus_greening):::OCT_112.0,Orange___Haunglongbing_(Citrus_greening):::OCT_111.0,False
8,False,test--train,Orange___Haunglongbing_(Citrus_greening),train\Orange___Haunglongbing_(Citrus_greening)\b3eeb002-ba56-416d-b44d-9dc02db3948f___CREC_HLB 7311.JPG,train\Orange___Haunglongbing_(Citrus_greening)\9c7ce91d-dce6-4aa4-8330-af5ae3fe945e___CREC_HLB 7802.JPG,Orange___Haunglongbing_(Citrus_greening):::OCT_688.0,Orange___Haunglongbing_(Citrus_greening):::OCT_809.0,False
8,False,test--train,Orange___Haunglongbing_(Citrus_greening),train\Orange___Haunglongbing_(Citrus_greening)\b3eeb002-ba56-416d-b44d-9dc02db3948f___CREC_HLB 7311.JPG,train\Orange___Haunglongbing_(Citrus_greening)\e251d1bd-559b-475c-b82b-3c8d05caf916___CREC_HLB 4379.JPG,Orange___Haunglongbing_(Citrus_greening):::OCT_688.0,Orange___Haunglongbing_(Citrus_greening):::OCT_128.0,False
8,False,test--train,Orange___Haunglongbing_(Citrus_greening),train\Orange___Haunglongbing_(Citrus_greening)\b585587c-e48a-4661-8cad-328c8739b26f___CREC_HLB 4315.JPG,train\Orange___Haunglongbing_(Citrus_greening)\e251d1bd-559b-475c-b82b-3c8d05caf916___CREC_HLB 4379.JPG,Orange___Haunglongbing_(Citrus_greening):::OCT_112.0,Orange___Haunglongbing_(Citrus_greening):::OCT_128.0,False
8,False,test--train,Orange___Haunglongbing_(Citrus_greening),train\Orange___Haunglongbing_(Citrus_greening)\b650d042-d1d4-4c96-acec-b21048744c1e___CREC_HLB 7346.JPG,train\Orange___Haunglongbing_(Citrus_greening)\5c1f0d54-7aa3-4481-a5bb-beb749a01014___CREC_HLB 7172.JPG,Orange___Haunglongbing_(Citrus_greening):::OCT_697.0,Orange___Haunglongbing_(Citrus_greening):::OCT_654.0,False
8,False,test--train,Orange___Haunglongbing_(Citrus_greening),train\Orange___Haunglongbing_(Citrus_greening)\b650d042-d1d4-4c96-acec-b21048744c1e___CREC_HLB 7346.JPG,train\Orange___Haunglongbing_(Citrus_greening)\db903ced-070b-4626-847a-70d45d37f493___CREC_HLB 4175.JPG,Orange___Haunglongbing_(Citrus_greening):::OCT_697.0,Orange___Haunglongbing_(Citrus_greening):::OCT_78.0,False
8,False,test--train,Orange___Haunglongbing_(Citrus_greening),train\Orange___Haunglongbing_(Citrus_greening)\b650d042-d1d4-4c96-acec-b21048744c1e___CREC_HLB 7346.JPG,train\Orange___Haunglongbing_(Citrus_greening)\e8dca555-432c-4952-8146-4976ebacd4a5___CREC_HLB 4076.JPG,Orange___Haunglongbing_(Citrus_greening):::OCT_697.0,Orange___Haunglongbing_(Citrus_greening):::OCT_53.0,False
8,False,test--train,Orange___Haunglongbing_(Citrus_greening),train\Orange___Haunglongbing_(Citrus_greening)\bac4626a-0f85-4096-88bc-a0db7c5cac15___CREC_HLB 4645.JPG,train\Orange___Haunglongbing_(Citrus_greening)\55d555d0-b475-46f0-a69c-57ecdc0c98d6___CREC_HLB 4336.JPG,Orange___Haunglongbing_(Citrus_greening):::OCT_194.0,Orange___Haunglongbing_(Citrus_greening):::OCT_117.0,False
8,False,test--train,Orange___Haunglongbing_(Citrus_greening),train\Orange___Haunglongbing_(Citrus_greening)\bac4626a-0f85-4096-88bc-a0db7c5cac15___CREC_HLB 4645.JPG,train\Orange___Haunglongbing_(Citrus_greening)\7251b2d1-1ded-4662-9688-53a556194dbd___CREC_HLB 5016.JPG,Orange___Haunglongbing_(Citrus_greening):::OCT_194.0,Orange___Haunglongbing_(Citrus_greening):::OCT_286.0,False
8,False,test--train,Orange___Haunglongbing_(Citrus_greening),train\Orange___Haunglongbing_(Citrus_greening)\bac4626a-0f85-4096-88bc-a0db7c5cac15___CREC_HLB 4645.JPG,train\Orange___Haunglongbing_(Citrus_greening)\a601a68e-9991-4767-b35d-34645b9834e3___CREC_HLB 4569.JPG,Orange___Haunglongbing_(Citrus_greening):::OCT_194.0,Orange___Haunglongbing_(Citrus_greening):::OCT_175.0,False
8,False,test--train,Orange___Haunglongbing_(Citrus_greening),train\Orange___Haunglongbing_(Citrus_greening)\bac4626a-0f85-4096-88bc-a0db7c5cac15___CREC_HLB 4645.JPG,val\Orange___Haunglongbing_(Citrus_greening)\073082fd-1a63-4ffd-b81b-eebbc7964577___CREC_HLB 4056.JPG,Orange___Haunglongbing_(Citrus_greening):::OCT_194.0,Orange___Haunglongbing_(Citrus_greening):::OCT_48.0,False
8,False,test--train,Orange___Haunglongbing_(Citrus_greening),train\Orange___Haunglongbing_(Citrus_greening)\bcccd169-992c-47f6-a3d1-7af8c3810dab___UF.Citrus_HLB_Lab 0708.JPG,train\Orange___Haunglongbing_(Citrus_greening)\806af371-db34-4750-a8b0-1e03a1fc220c___UF.Citrus_HLB_Lab 0199.JPG,Orange___Haunglongbing_(Citrus_greening):::46.0,Orange___Haunglongbing_(Citrus_greening):::18.0,False
8,False,test--train,Orange___Haunglongbing_(Citrus_greening),train\Orange___Haunglongbing_(Citrus_greening)\c20aef97-9340-441f-9737-c48aa7081788___UF.Citrus_HLB_Lab 9750.JPG,train\Orange___Haunglongbing_(Citrus_greening)\6c5cb61d-359b-4c60-986b-346399fba0ae___UF.Citrus_HLB_Lab 0120.JPG,Orange___Haunglongbing_(Citrus_greening):::123.0,Orange___Haunglongbing_(Citrus_greening):::13.0,False
8,False,test--train,Orange___Haunglongbing_(Citrus_greening),train\Orange___Haunglongbing_(Citrus_greening)\c28350f7-32a9-4310-98bd-89df6ba862a2___CREC_HLB 7939.JPG,train\Orange___Haunglongbing_(Citrus_greening)\626e3c1d-d777-4884-9b25-c9212bbde528___CREC_HLB 5450.JPG,Orange___Haunglongbing_(Citrus_greening):::OCT_843.0,Orange___Haunglongbing_(Citrus_greening):::OCT_394.0,False
8,False,test--train,Orange___Haunglongbing_(Citrus_greening),train\Orange___Haunglongbing_(Citrus_greening)\c3b19ad8-746d-48aa-abe5-d9b9b2a132d4___CREC_HLB 5095.JPG,train\Orange___Haunglongbing_(Citrus_greening)\e7c55991-8cbf-460f-8733-416cf77f5fb1___CREC_HLB 5247.JPG,Orange___Haunglongbing_(Citrus_greening):::OCT_306.0,Orange___Haunglongbing_(Citrus_greening):::OCT_344.0,False
8,False,test--train,Orange___Haunglongbing_(Citrus_greening),train\Orange___Haunglongbing_(Citrus_greening)\c3b19ad8-746d-48aa-abe5-d9b9b2a132d4___CREC_HLB 5095.JPG,val\Orange___Haunglongbing_(Citrus_greening)\343b3619-bcb0-40f4-863f-aec86862dcd3___CREC_HLB 4445.JPG,Orange___Haunglongbing_(Citrus_greening):::OCT_306.0,Orange___Haunglongbing_(Citrus_greening):::OCT_145.0,False
8,False,test--train,Orange___Haunglongbing_(Citrus_greening),train\Orange___Haunglongbing_(Citrus_greening)\cb67da3b-8201-4a82-8e48-729c401ab4a0___CREC_HLB 4782.JPG,val\Orange___Haunglongbing_(Citrus_greening)\25bcae85-6cdd-4f44-8a45-018bbb6b53e4___CREC_HLB 4814.JPG,Orange___Haunglongbing_(Citrus_greening):::OCT_228.0,Orange___Haunglongbing_(Citrus_greening):::OCT_236.0,False
8,False,test--train,Orange___Haunglongbing_(Citrus_greening),train\Orange___Haunglongbing_(Citrus_greening)\ce6f00f8-b361-4700-a13c-ec1906b835d1___CREC_HLB 6490.JPG,val\Orange___Haunglongbing_(Citrus_greening)\1997a1e5-d8e4-4f9d-ac7a-7dec0a3cdb76___CREC_HLB 4377.JPG,Orange___Haunglongbing_(Citrus_greening):::OCT_484.0,Orange___Haunglongbing_(Citrus_greening):::OCT_128.0,False
8,False,test--train,Orange___Haunglongbing_(Citrus_greening),train\Orange___Haunglongbing_(Citrus_greening)\d3c71803-16a0-4702-a9f1-926172b675b2___CREC_HLB 6964.JPG,val\Orange___Haunglongbing_(Citrus_greening)\6af7a360-6578-4fc8-a48d-3f4544c6792a___CREC_HLB 4052.JPG,Orange___Haunglongbing_(Citrus_greening):::OCT_602.0,Orange___Haunglongbing_(Citrus_greening):::OCT_47.0,False
8,False,test--train,Orange___Haunglongbing_(Citrus_greening),train\Orange___Haunglongbing_(Citrus_greening)\d5ece7d1-9725-461a-9437-6dd336749c09___UF.Citrus_HLB_Lab 0931.JPG,train\Orange___Haunglongbing_(Citrus_greening)\284281f8-d50e-4dbe-908d-11af3c627a46___UF.Citrus_HLB_Lab 9782.JPG,Orange___Haunglongbing_(Citrus_greening):::57.0,Orange___Haunglongbing_(Citrus_greening):::126.0,False
8,False,test--train,Orange___Haunglongbing_(Citrus_greening),train\Orange___Haunglongbing_(Citrus_greening)\da827ca8-ab54-4c17-ab2c-428861a48e3e___CREC_HLB 4158.JPG,train\Orange___Haunglongbing_(Citrus_greening)\704da67d-caee-4e40-bd54-587eae44f649___CREC_HLB 7280.JPG,Orange___Haunglongbing_(Citrus_greening):::OCT_73.0,Orange___Haunglongbing_(Citrus_greening):::OCT_680.0,False
8,False,test--train,Orange___Haunglongbing_(Citrus_greening),train\Orange___Haunglongbing_(Citrus_greening)\da827ca8-ab54-4c17-ab2c-428861a48e3e___CREC_HLB 4158.JPG,train\Orange___Haunglongbing_(Citrus_greening)\9c7ce91d-dce6-4aa4-8330-af5ae3fe945e___CREC_HLB 7802.JPG,Orange___Haunglongbing_(Citrus_greening):::OCT_73.0,Orange___Haunglongbing_(Citrus_greening):::OCT_809.0,False
8,False,test--train,Orange___Haunglongbing_(Citrus_greening),train\Orange___Haunglongbing_(Citrus_greening)\db106112-6c78-4fdd-8a6d-91620af0eb04___UF.Citrus_HLB_Lab 9688.JPG,train\Orange___Haunglongbing_(Citrus_greening)\2c1e3cc5-9bc3-4555-85af-e0b90b2dedd6___CREC_HLB 5636.JPG,Orange___Haunglongbing_(Citrus_greening):::117.0,Orange___Haunglongbing_(Citrus_greening):::OCT_440.0,False
8,False,test--train,Orange___Haunglongbing_(Citrus_greening),train\Orange___Haunglongbing_(Citrus_greening)\db106112-6c78-4fdd-8a6d-91620af0eb04___UF.Citrus_HLB_Lab 9688.JPG,train\Orange___Haunglongbing_(Citrus_greening)\f65efc6e-4685-4535-906e-810a663aff20___UF.Citrus_HLB_Lab 0125.JPG,Orange___Haunglongbing_(Citrus_greening):::117.0,Orange___Haunglongbing_(Citrus_greening):::13.0,False
8,False,test--train,Orange___Haunglongbing_(Citrus_greening),train\Orange___Haunglongbing_(Citrus_greening)\db106112-6c78-4fdd-8a6d-91620af0eb04___UF.Citrus_HLB_Lab 9688.JPG,val\Orange___Haunglongbing_(Citrus_greening)\99e9e914-4f39-4117-a803-f82f1b8ac0f9___CREC_HLB 7017.JPG,Orange___Haunglongbing_(Citrus_greening):::117.0,Orange___Haunglongbing_(Citrus_greening):::OCT_615.0,False
8,False,test--train,Orange___Haunglongbing_(Citrus_greening),train\Orange___Haunglongbing_(Citrus_greening)\de19a3e0-8451-4315-befc-a5e0f776a1e2___CREC_HLB 3964.JPG,train\Orange___Haunglongbing_(Citrus_greening)\58f7201f-329e-4851-83d5-e5b37e754779___CREC_HLB 4754.JPG,Orange___Haunglongbing_(Citrus_greening):::OCT_25.0,Orange___Haunglongbing_(Citrus_greening):::OCT_221.0,False
8,False,test--train,Orange___Haunglongbing_(Citrus_greening),train\Orange___Haunglongbing_(Citrus_greening)\e5ffd71e-c08f-40ce-a756-9e71f5d27eef___UF.Citrus_HLB_Lab 0925.JPG,train\Orange___Haunglongbing_(Citrus_greening)\9ac459a8-ce97-4ae2-b630-44ae6e608972___UF.Citrus_HLB_Lab 1188.JPG,Orange___Haunglongbing_(Citrus_greening):::57.0,Orange___Haunglongbing_(Citrus_greening):::75.0,False
8,False,test--train,Orange___Haunglongbing_(Citrus_greening),train\Orange___Haunglongbing_(Citrus_greening)\e65b4e60-3a27-47a3-b8f7-b6e7c5bcc65c___UF.Citrus_HLB_Lab 1464.JPG,train\Orange___Haunglongbing_(Citrus_greening)\1f097750-aa3d-46dc-9d10-47e506d83538___UF.Citrus_HLB_Lab 1060.JPG,Orange___Haunglongbing_(Citrus_greening):::93.0,Orange___Haunglongbing_(Citrus_greening):::66.0,False
8,False,test--train,Orange___Haunglongbing_(Citrus_greening),train\Orange___Haunglongbing_(Citrus_greening)\e99eccfa-de0e-40ac-a952-c973ff84dbf7___CREC_HLB 4086.JPG,train\Orange___Haunglongbing_(Citrus_greening)\81bc9219-fc34-467d-ad82-f0d49c7f5905___CREC_HLB 4170.JPG,Orange___Haunglongbing_(Citrus_greening):::OCT_55.0,Orange___Haunglongbing_(Citrus_greening):::OCT_76.0,False
8,False,test--train,Orange___Haunglongbing_(Citrus_greening),train\Orange___Haunglongbing_(Citrus_greening)\e9bb14f4-d6de-47f7-a96a-166aa85bf44d___CREC_HLB 4825.JPG,val\Orange___Haunglongbing_(Citrus_greening)\9be51ece-7b88-4266-8eb6-8b7350a9a138___CREC_HLB 5419.JPG,Orange___Haunglongbing_(Citrus_greening):::OCT_239.0,Orange___Haunglongbing_(Citrus_greening):::OCT_387.0,False
8,False,test--train,Orange___Haunglongbing_(Citrus_greening),train\Orange___Haunglongbing_(Citrus_greening)\ea7c98c1-fb71-42cd-8882-48295ef19235___CREC_HLB 7418.JPG,train\Orange___Haunglongbing_(Citrus_greening)\5fb67cb6-c318-4119-a545-de6fe46afc81___CREC_HLB 4032.JPG,Orange___Haunglongbing_(Citrus_greening):::OCT_715.0,Orange___Haunglongbing_(Citrus_greening):::OCT_42.0,False
8,False,test--train,Orange___Haunglongbing_(Citrus_greening),train\Orange___Haunglongbing_(Citrus_greening)\ec59ca7d-f194-43e3-8c44-8ee69f5fd978___CREC_HLB 4621.JPG,train\Orange___Haunglongbing_(Citrus_greening)\08ecbeba-4933-4c37-8aca-d1d468ed4dd7___CREC_HLB 5456.JPG,Orange___Haunglongbing_(Citrus_greening):::OCT_188.0,Orange___Haunglongbing_(Citrus_greening):::OCT_396.0,False
8,False,test--train,Orange___Haunglongbing_(Citrus_greening),train\Orange___Haunglongbing_(Citrus_greening)\ec92ac54-598b-4ae8-8ab2-5035ba7d529b___UF.Citrus_HLB_Lab 0962.JPG,train\Orange___Haunglongbing_(Citrus_greening)\207344e7-9a55-44c2-aca1-607a756e372f___UF.Citrus_HLB_Lab 0967.JPG,Orange___Haunglongbing_(Citrus_greening):::59.0,Orange___Haunglongbing_(Citrus_greening):::60.0,False
8,False,test--train,Orange___Haunglongbing_(Citrus_greening),train\Orange___Haunglongbing_(Citrus_greening)\ecf7fa42-5b02-4c58-b39f-752d30e62e18___CREC_HLB 4163.JPG,train\Orange___Haunglongbing_(Citrus_greening)\42ab026b-e0c1-47cb-b0c5-93a6e5272157___CREC_HLB 6713.JPG,Orange___Haunglongbing_(Citrus_greening):::OCT_75.0,Orange___Haunglongbing_(Citrus_greening):::OCT_539.0,False
8,False,test--train,Orange___Haunglongbing_(Citrus_greening),train\Orange___Haunglongbing_(Citrus_greening)\ee2f7423-dbb4-4fd7-a1b2-a6e81507cf71___CREC_HLB 4084.JPG,train\Orange___Haunglongbing_(Citrus_greening)\81bc9219-fc34-467d-ad82-f0d49c7f5905___CREC_HLB 4170.JPG,Orange___Haunglongbing_(Citrus_greening):::OCT_55.0,Orange___Haunglongbing_(Citrus_greening):::OCT_76.0,False
8,False,test--train,Orange___Haunglongbing_(Citrus_greening),train\Orange___Haunglongbing_(Citrus_greening)\ee2f7423-dbb4-4fd7-a1b2-a6e81507cf71___CREC_HLB 4084.JPG,train\Orange___Haunglongbing_(Citrus_greening)\f5bf6411-e573-45d3-8624-57c423403b6b___CREC_HLB 4169.JPG,Orange___Haunglongbing_(Citrus_greening):::OCT_55.0,Orange___Haunglongbing_(Citrus_greening):::OCT_76.0,False
8,False,test--train,Orange___Haunglongbing_(Citrus_greening),train\Orange___Haunglongbing_(Citrus_greening)\f1517adc-da51-4886-87a1-c31ba03ed4cd___CREC_HLB 6476.JPG,train\Orange___Haunglongbing_(Citrus_greening)\18928ef7-77c1-48c3-846f-770a1b1b5311___CREC_HLB 4174.JPG,Orange___Haunglongbing_(Citrus_greening):::OCT_480.0,Orange___Haunglongbing_(Citrus_greening):::OCT_77.0,False
8,False,test--train,Orange___Haunglongbing_(Citrus_greening),train\Orange___Haunglongbing_(Citrus_greening)\f1517adc-da51-4886-87a1-c31ba03ed4cd___CREC_HLB 6476.JPG,train\Orange___Haunglongbing_(Citrus_greening)\57938a07-0572-4981-96e5-873894c7613d___CREC_HLB 6485.JPG,Orange___Haunglongbing_(Citrus_greening):::OCT_480.0,Orange___Haunglongbing_(Citrus_greening):::OCT_482.0,False
8,False,test--train,Orange___Haunglongbing_(Citrus_greening),train\Orange___Haunglongbing_(Citrus_greening)\f1517adc-da51-4886-87a1-c31ba03ed4cd___CREC_HLB 6476.JPG,train\Orange___Haunglongbing_(Citrus_greening)\e7c55991-8cbf-460f-8733-416cf77f5fb1___CREC_HLB 5247.JPG,Orange___Haunglongbing_(Citrus_greening):::OCT_480.0,Orange___Haunglongbing_(Citrus_greening):::OCT_344.0,False
8,False,test--train,Orange___Haunglongbing_(Citrus_greening),train\Orange___Haunglongbing_(Citrus_greening)\f1517adc-da51-4886-87a1-c31ba03ed4cd___CREC_HLB 6476.JPG,train\Orange___Haunglongbing_(Citrus_greening)\f5bf6411-e573-45d3-8624-57c423403b6b___CREC_HLB 4169.JPG,Orange___Haunglongbing_(Citrus_greening):::OCT_480.0,Orange___Haunglongbing_(Citrus_greening):::OCT_76.0,False
8,False,test--train,Orange___Haunglongbing_(Citrus_greening),train\Orange___Haunglongbing_(Citrus_greening)\f47a374c-049a-4ecf-bc55-4bb1d8740c60___CREC_HLB 4161.JPG,train\Orange___Haunglongbing_(Citrus_greening)\3c4c3369-ea8b-4e6e-a13c-2d7cae3b053f___CREC_HLB 4274.JPG,Orange___Haunglongbing_(Citrus_greening):::OCT_74.0,Orange___Haunglongbing_(Citrus_greening):::OCT_102.0,False
8,False,test--train,Orange___Haunglongbing_(Citrus_greening),train\Orange___Haunglongbing_(Citrus_greening)\f5a20347-9808-42ea-a431-705d82399d32___CREC_HLB 4775.JPG,train\Orange___Haunglongbing_(Citrus_greening)\59c79484-1b54-4724-b74e-9a4a8ad30963___CREC_HLB 5043.JPG,Orange___Haunglongbing_(Citrus_greening):::OCT_226.0,Orange___Haunglongbing_(Citrus_greening):::OCT_293.0,False
8,False,test--train,Orange___Haunglongbing_(Citrus_greening),train\Orange___Haunglongbing_(Citrus_greening)\f792a9c9-cada-4565-8021-d9e9ddfc4eea___CREC_HLB 4155.JPG,train\Orange___Haunglongbing_(Citrus_greening)\a5e2c70b-f2dd-4684-b18b-26038a00bae7___CREC_HLB 4075.JPG,Orange___Haunglongbing_(Citrus_greening):::OCT_73.0,Orange___Haunglongbing_(Citrus_greening):::OCT_53.0,False
8,False,test--train,Orange___Haunglongbing_(Citrus_greening),train\Orange___Haunglongbing_(Citrus_greening)\f79d8094-4b75-48f6-8c9b-a3fd671931ee___CREC_HLB 3966.JPG,val\Orange___Haunglongbing_(Citrus_greening)\f3c22aa6-692b-468a-a88e-02a538eef446___CREC_HLB 4006.JPG,Orange___Haunglongbing_(Citrus_greening):::OCT_25.0,Orange___Haunglongbing_(Citrus_greening):::OCT_35.0,False
8,False,test--train,Orange___Haunglongbing_(Citrus_greening),train\Orange___Haunglongbing_(Citrus_greening)\f96abc8e-1382-4d38-bf21-ab887f745e18___CREC_HLB 4700.JPG,val\Orange___Haunglongbing_(Citrus_greening)\84777c32-cc24-4342-904b-cbc39101a72b___CREC_HLB 6760.JPG,Orange___Haunglongbing_(Citrus_greening):::OCT_208.0,Orange___Haunglongbing_(Citrus_greening):::OCT_551.0,False
8,False,test--train,Orange___Haunglongbing_(Citrus_greening),train\Orange___Haunglongbing_(Citrus_greening)\f9f482de-f5bf-4076-b60f-bbc8e49ae2de___CREC_HLB 4850.JPG,train\Orange___Haunglongbing_(Citrus_greening)\bea7becd-783c-4e08-a81b-7abc1f4cc583___CREC_HLB 4252.JPG,Orange___Haunglongbing_(Citrus_greening):::OCT_245.0,Orange___Haunglongbing_(Citrus_greening):::OCT_97.0,False
8,False,test--train,Orange___Haunglongbing_(Citrus_greening),train\Orange___Haunglongbing_(Citrus_greening)\fc012aec-b21b-4ccf-bde5-6c77081f6f73___CREC_HLB 6751.JPG,val\Orange___Haunglongbing_(Citrus_greening)\25bcae85-6cdd-4f44-8a45-018bbb6b53e4___CREC_HLB 4814.JPG,Orange___Haunglongbing_(Citrus_greening):::OCT_549.0,Orange___Haunglongbing_(Citrus_greening):::OCT_236.0,False
8,False,test--train,Orange___Haunglongbing_(Citrus_greening),train\Orange___Haunglongbing_(Citrus_greening)\fc2736bb-0a2a-4717-ae68-47142832cab2___CREC_HLB 5203.JPG,val\Orange___Haunglongbing_(Citrus_greening)\efa30ecc-ab50-4aaf-afca-2c334dd0b5bb___CREC_HLB 5133.JPG,Orange___Haunglongbing_(Citrus_greening):::OCT_333.0,Orange___Haunglongbing_(Citrus_greening):::OCT_315.0,False
8,False,test--train,Orange___Haunglongbing_(Citrus_greening),train\Orange___Haunglongbing_(Citrus_greening)\fd592966-ec27-40fa-833f-9ae5c93cbd37___CREC_HLB 7672.JPG,train\Orange___Haunglongbing_(Citrus_greening)\b557bae1-66e0-4f9d-8a52-8e989c99e79b___CREC_HLB 4077.JPG,Orange___Haunglongbing_(Citrus_greening):::OCT_777.0,Orange___Haunglongbing_(Citrus_greening):::OCT_53.0,False
8,False,test--train,Orange___Haunglongbing_(Citrus_greening),train\Orange___Haunglongbing_(Citrus_greening)\ff41930a-9bec-4841-ba1a-321e15a761a3___UF.Citrus_HLB_Lab 1475.JPG,train\Orange___Haunglongbing_(Citrus_greening)\72694631-7642-486d-a178-55c97a4dc265___UF.Citrus_HLB_Lab 9977.JPG,Orange___Haunglongbing_(Citrus_greening):::93.0,Orange___Haunglongbing_(Citrus_greening):::146.0,False
8,False,test--train,Orange___Haunglongbing_(Citrus_greening),val\Orange___Haunglongbing_(Citrus_greening)\02651ca6-c0db-477f-ac02-2f3c41eca567___CREC_HLB 5661.JPG,val\Orange___Haunglongbing_(Citrus_greening)\5a04c857-7444-4376-8b2f-8e7b5ff274a7___CREC_HLB 5652.JPG,Orange___Haunglongbing_(Citrus_greening):::OCT_446.0,Orange___Haunglongbing_(Citrus_greening):::OCT_444.0,False
8,False,test--train,Orange___Haunglongbing_(Citrus_greening),val\Orange___Haunglongbing_(Citrus_greening)\24ed4774-d34b-4c4a-8483-83aa65c14bd7___CREC_HLB 4704.JPG,train\Orange___Haunglongbing_(Citrus_greening)\15f094bd-62ee-436b-afe4-74165fb97c95___CREC_HLB 4762.JPG,Orange___Haunglongbing_(Citrus_greening):::OCT_209.0,Orange___Haunglongbing_(Citrus_greening):::OCT_223.0,False
8,False,test--train,Orange___Haunglongbing_(Citrus_greening),val\Orange___Haunglongbing_(Citrus_greening)\24ed4774-d34b-4c4a-8483-83aa65c14bd7___CREC_HLB 4704.JPG,train\Orange___Haunglongbing_(Citrus_greening)\c576f755-9ab1-4df7-8e6d-a0c509c37ccf___CREC_HLB 7628.JPG,Orange___Haunglongbing_(Citrus_greening):::OCT_209.0,Orange___Haunglongbing_(Citrus_greening):::OCT_766.0,False
8,False,test--train,Orange___Haunglongbing_(Citrus_greening),val\Orange___Haunglongbing_(Citrus_greening)\2baad255-b24b-4a0d-8388-7acc37e48a61___UF.Citrus_HLB_Lab 0159.JPG,val\Orange___Haunglongbing_(Citrus_greening)\423517ee-43f7-4b1b-a15a-ca6c9860307a___UF.Citrus_HLB_Lab 0350.JPG,Orange___Haunglongbing_(Citrus_greening):::16.0,Orange___Haunglongbing_(Citrus_greening):::26.0,False
8,False,test--train,Orange___Haunglongbing_(Citrus_greening),val\Orange___Haunglongbing_(Citrus_greening)\308323f4-0230-461e-9f34-9a768ab21123___UF.Citrus_HLB_Lab 0933.JPG,train\Orange___Haunglongbing_(Citrus_greening)\19638325-bb6d-4124-a776-012310317eac___UF.Citrus_HLB_Lab 1386.JPG,Orange___Haunglongbing_(Citrus_greening):::57.0,Orange___Haunglongbing_(Citrus_greening):::89.0,False
8,False,test--train,Orange___Haunglongbing_(Citrus_greening),val\Orange___Haunglongbing_(Citrus_greening)\433c6f76-8c1a-4fce-b3fb-58dfddb33d4a___CREC_HLB 4971.JPG,train\Orange___Haunglongbing_(Citrus_greening)\13ad7878-7e87-4f96-8c83-de2c53d53f3d___CREC_HLB 4979.JPG,Orange___Haunglongbing_(Citrus_greening):::OCT_275.0,Orange___Haunglongbing_(Citrus_greening):::OCT_277.0,False
8,False,test--train,Orange___Haunglongbing_(Citrus_greening),val\Orange___Haunglongbing_(Citrus_greening)\47588a50-e18d-4b6e-98f7-3d8efb3486fd___UF.Citrus_HLB_Lab 0956.JPG,train\Orange___Haunglongbing_(Citrus_greening)\e2dc4945-d662-4c2d-848e-3bad735d882d___UF.Citrus_HLB_Lab 9895.JPG,Orange___Haunglongbing_(Citrus_greening):::59.0,Orange___Haunglongbing_(Citrus_greening):::138.0,False
8,False,test--train,Orange___Haunglongbing_(Citrus_greening),val\Orange___Haunglongbing_(Citrus_greening)\50613e83-f357-4e48-a426-f91b1db7c628___CREC_HLB 4908.JPG,train\Orange___Haunglongbing_(Citrus_greening)\606e954f-b9ab-4176-b9c4-d20c76d025c7___CREC_HLB 5064.JPG,Orange___Haunglongbing_(Citrus_greening):::OCT_259.0,Orange___Haunglongbing_(Citrus_greening):::OCT_298.0,False
8,False,test--train,Orange___Haunglongbing_(Citrus_greening),val\Orange___Haunglongbing_(Citrus_greening)\5bfb2ea3-6d69-4dd9-8b6b-386e95474b94___UF.Citrus_HLB_Lab 9690.JPG,train\Orange___Haunglongbing_(Citrus_greening)\9b95a55c-1769-4023-a5cd-a5f0b7abb299___CREC_HLB 5526.JPG,Orange___Haunglongbing_(Citrus_greening):::117.0,Orange___Haunglongbing_(Citrus_greening):::OCT_413.0,False
8,False,test--train,Orange___Haunglongbing_(Citrus_greening),val\Orange___Haunglongbing_(Citrus_greening)\65ca92d9-3636-4f74-bc6d-ad3086b70aa7___CREC_HLB 4851.JPG,train\Orange___Haunglongbing_(Citrus_greening)\658ca5df-3774-4931-b262-c52cadb20571___CREC_HLB 5054.JPG,Orange___Haunglongbing_(Citrus_greening):::OCT_245.0,Orange___Haunglongbing_(Citrus_greening):::OCT_296.0,False
8,False,test--train,Orange___Haunglongbing_(Citrus_greening),val\Orange___Haunglongbing_(Citrus_greening)\65ca92d9-3636-4f74-bc6d-ad3086b70aa7___CREC_HLB 4851.JPG,train\Orange___Haunglongbing_(Citrus_greening)\8b7ef79a-e05c-47e7-9110-ed712a1ab509___CREC_HLB 5026.JPG,Orange___Haunglongbing_(Citrus_greening):::OCT_245.0,Orange___Haunglongbing_(Citrus_greening):::OCT_289.0,False
8,False,test--train,Orange___Haunglongbing_(Citrus_greening),val\Orange___Haunglongbing_(Citrus_greening)\65ca92d9-3636-4f74-bc6d-ad3086b70aa7___CREC_HLB 4851.JPG,train\Orange___Haunglongbing_(Citrus_greening)\f5973acf-c36e-4266-831a-ed00d16176f3___CREC_HLB 3872.JPG,Orange___Haunglongbing_(Citrus_greening):::OCT_245.0,Orange___Haunglongbing_(Citrus_greening):::OCT_2.0,False
8,False,test--train,Orange___Haunglongbing_(Citrus_greening),val\Orange___Haunglongbing_(Citrus_greening)\6cb647e3-b01b-4260-ab9f-197a54363685___CREC_HLB 7812.JPG,val\Orange___Haunglongbing_(Citrus_greening)\e9e86ef7-bd4e-4595-a333-6ff5c8524314___CREC_HLB 7545.JPG,Orange___Haunglongbing_(Citrus_greening):::OCT_812.0,Orange___Haunglongbing_(Citrus_greening):::OCT_746.0,False
8,False,test--train,Orange___Haunglongbing_(Citrus_greening),val\Orange___Haunglongbing_(Citrus_greening)\7172f00f-ade2-4251-be9c-785a79b73547___CREC_HLB 7811.JPG,train\Orange___Haunglongbing_(Citrus_greening)\ba326096-8290-464a-8bc5-18e382c0d4cf___CREC_HLB 7217.JPG,Orange___Haunglongbing_(Citrus_greening):::OCT_812.0,Orange___Haunglongbing_(Citrus_greening):::OCT_665.0,False
8,False,test--train,Orange___Haunglongbing_(Citrus_greening),val\Orange___Haunglongbing_(Citrus_greening)\761a7875-470d-4453-999d-e03238892ea3___CREC_HLB 3990.JPG,train\Orange___Haunglongbing_(Citrus_greening)\69a4b194-902c-4856-afaa-e52bfb86607e___CREC_HLB 4815.JPG,Orange___Haunglongbing_(Citrus_greening):::OCT_31.0,Orange___Haunglongbing_(Citrus_greening):::OCT_236.0,False
8,False,test--train,Orange___Haunglongbing_(Citrus_greening),val\Orange___Haunglongbing_(Citrus_greening)\761a7875-470d-4453-999d-e03238892ea3___CREC_HLB 3990.JPG,train\Orange___Haunglongbing_(Citrus_greening)\a5e2c70b-f2dd-4684-b18b-26038a00bae7___CREC_HLB 4075.JPG,Orange___Haunglongbing_(Citrus_greening):::OCT_31.0,Orange___Haunglongbing_(Citrus_greening):::OCT_53.0,False
8,False,test--train,Orange___Haunglongbing_(Citrus_greening),val\Orange___Haunglongbing_(Citrus_greening)\77175c6e-61c3-4f06-88cf-c68cc2f06a69___CREC_HLB 4303.JPG,train\Orange___Haunglongbing_(Citrus_greening)\1bd78357-4bf5-489b-8996-11af66457581___CREC_HLB 4378.JPG,Orange___Haunglongbing_(Citrus_greening):::OCT_109.0,Orange___Haunglongbing_(Citrus_greening):::OCT_128.0,False
8,False,test--train,Orange___Haunglongbing_(Citrus_greening),val\Orange___Haunglongbing_(Citrus_greening)\77175c6e-61c3-4f06-88cf-c68cc2f06a69___CREC_HLB 4303.JPG,train\Orange___Haunglongbing_(Citrus_greening)\69a4b194-902c-4856-afaa-e52bfb86607e___CREC_HLB 4815.JPG,Orange___Haunglongbing_(Citrus_greening):::OCT_109.0,Orange___Haunglongbing_(Citrus_greening):::OCT_236.0,False
8,False,test--train,Orange___Haunglongbing_(Citrus_greening),val\Orange___Haunglongbing_(Citrus_greening)\77175c6e-61c3-4f06-88cf-c68cc2f06a69___CREC_HLB 4303.JPG,val\Orange___Haunglongbing_(Citrus_greening)\90de0c7a-53ef-4f7d-8063-40c55071c75d___CREC_HLB 5656.JPG,Orange___Haunglongbing_(Citrus_greening):::OCT_109.0,Orange___Haunglongbing_(Citrus_greening):::OCT_445.0,False
8,False,test--train,Orange___Haunglongbing_(Citrus_greening),val\Orange___Haunglongbing_(Citrus_greening)\80c18eea-de87-47e9-bb0f-ce151107e381___CREC_HLB 4458.JPG,train\Orange___Haunglongbing_(Citrus_greening)\3c337533-7f33-49d5-9c35-9fdcb4aa68c1___CREC_HLB 4463.JPG,Orange___Haunglongbing_(Citrus_greening):::OCT_148.0,Orange___Haunglongbing_(Citrus_greening):::OCT_149.0,False
8,False,test--train,Orange___Haunglongbing_(Citrus_greening),val\Orange___Haunglongbing_(Citrus_greening)\80e529b2-b21c-4547-aca3-5e9b69b14b50___CREC_HLB 5395.JPG,train\Orange___Haunglongbing_(Citrus_greening)\05fad08e-33a5-4c3b-a8e8-bec3abf65c56___CREC_HLB 4004.JPG,Orange___Haunglongbing_(Citrus_greening):::OCT_381.0,Orange___Haunglongbing_(Citrus_greening):::OCT_35.0,False
8,False,test--train,Orange___Haunglongbing_(Citrus_greening),val\Orange___Haunglongbing_(Citrus_greening)\849c86a3-cda8-4b09-ba31-18f1f78492e3___UF.Citrus_HLB_Lab 9651.JPG,train\Orange___Haunglongbing_(Citrus_greening)\4b998a4c-d7f3-4d10-8b0e-d2aade61b515___UF.Citrus_HLB_Lab 0814.JPG,Orange___Haunglongbing_(Citrus_greening):::113.0,Orange___Haunglongbing_(Citrus_greening):::51.0,False
8,False,test--train,Orange___Haunglongbing_(Citrus_greening),val\Orange___Haunglongbing_(Citrus_greening)\8d3301ad-e605-4eed-b6e5-87abf1c025ab___CREC_HLB 5197.JPG,train\Orange___Haunglongbing_(Citrus_greening)\27e1ea28-200c-482d-a223-1f3f0b964177___CREC_HLB 4223.JPG,Orange___Haunglongbing_(Citrus_greening):::OCT_331.0,Orange___Haunglongbing_(Citrus_greening):::OCT_90.0,False
8,False,test--train,Orange___Haunglongbing_(Citrus_greening),val\Orange___Haunglongbing_(Citrus_greening)\993e4c85-2489-4f72-919b-8efde4dcb6bc___CREC_HLB 7310.JPG,train\Orange___Haunglongbing_(Citrus_greening)\01c27632-a17a-415d-83b0-4fa8bab06c58___CREC_HLB 4080.JPG,Orange___Haunglongbing_(Citrus_greening):::OCT_688.0,Orange___Haunglongbing_(Citrus_greening):::OCT_54.0,False
8,False,test--train,Orange___Haunglongbing_(Citrus_greening),val\Orange___Haunglongbing_(Citrus_greening)\a73b0514-0e9b-4d8b-8700-95ac04de6d22___CREC_HLB 7163.JPG,train\Orange___Haunglongbing_(Citrus_greening)\9e6d0da5-4e8a-4d7e-8473-a519574f5f27___CREC_HLB 7756.JPG,Orange___Haunglongbing_(Citrus_greening):::OCT_652.0,Orange___Haunglongbing_(Citrus_greening):::OCT_798.0,False
8,False,test--train,Orange___Haunglongbing_(Citrus_greening),val\Orange___Haunglongbing_(Citrus_greening)\b4c5f449-2549-4630-82f4-9aae109b872e___CREC_HLB 6660.JPG,train\Orange___Haunglongbing_(Citrus_greening)\ecdbb1ea-804e-4b1e-98c2-2e1018177337___CREC_HLB 4285.JPG,Orange___Haunglongbing_(Citrus_greening):::OCT_526.0,Orange___Haunglongbing_(Citrus_greening):::OCT_105.0,False
8,False,test--train,Orange___Haunglongbing_(Citrus_greening),val\Orange___Haunglongbing_(Citrus_greening)\b914105a-3229-42fb-9054-7bf7de2f1312___CREC_HLB 5206.JPG,train\Orange___Haunglongbing_(Citrus_greening)\5f9d22b3-0499-4abc-91f2-4ee00d030532___CREC_HLB 4373.JPG,Orange___Haunglongbing_(Citrus_greening):::OCT_333.0,Orange___Haunglongbing_(Citrus_greening):::OCT_127.0,False
8,False,test--train,Orange___Haunglongbing_(Citrus_greening),val\Orange___Haunglongbing_(Citrus_greening)\cbb1a0ec-bf91-4abb-9623-332d98e36ea2___CREC_HLB 7624.JPG,train\Orange___Haunglongbing_(Citrus_greening)\a7fd8958-d63e-4fae-964d-75d80d739c1f___CREC_HLB 6564.JPG,Orange___Haunglongbing_(Citrus_greening):::OCT_765.0,Orange___Haunglongbing_(Citrus_greening):::OCT_502.0,False
8,False,test--train,Orange___Haunglongbing_(Citrus_greening),val\Orange___Haunglongbing_(Citrus_greening)\e297f9ff-3861-4dc3-93dc-5f6785e7ee1a___CREC_HLB 5060.JPG,train\Orange___Haunglongbing_(Citrus_greening)\effb81ef-6306-4645-8c19-17d12c1e04e3___CREC_HLB 4101.JPG,Orange___Haunglongbing_(Citrus_greening):::OCT_297.0,Orange___Haunglongbing_(Citrus_greening):::OCT_59.0,False
8,False,test--train,Orange___Haunglongbing_(Citrus_greening),val\Orange___Haunglongbing_(Citrus_greening)\e4cd08e5-049e-40b1-af47-e6516f1a6cad___CREC_HLB 4461.JPG,train\Orange___Haunglongbing_(Citrus_greening)\d6bdfaa9-61c1-4bc6-9a02-32e73daa1fcf___CREC_HLB 5564.JPG,Orange___Haunglongbing_(Citrus_greening):::OCT_148.0,Orange___Haunglongbing_(Citrus_greening):::OCT_423.0,False
8,False,test--train,Orange___Haunglongbing_(Citrus_greening),val\Orange___Haunglongbing_(Citrus_greening)\f070d737-e9f9-4282-84d2-e97b96077033___UF.Citrus_HLB_Lab 9945.JPG,train\Orange___Haunglongbing_(Citrus_greening)\f46a5f03-5137-4783-965a-c5fe70d47617___UF.Citrus_HLB_Lab 1229.JPG,Orange___Haunglongbing_(Citrus_greening):::143.0,Orange___Haunglongbing_(Citrus_greening):::78.0,False
8,False,test--train,Orange___Haunglongbing_(Citrus_greening),val\Orange___Haunglongbing_(Citrus_greening)\f5274d56-0495-46b6-9936-cb65e32e67ed___UF.Citrus_HLB_Lab 1089.JPG,train\Orange___Haunglongbing_(Citrus_greening)\b0fc32b7-c970-48dc-bcc0-4d69b7b81ac9___UF.Citrus_HLB_Lab 0973.JPG,Orange___Haunglongbing_(Citrus_greening):::68.0,Orange___Haunglongbing_(Citrus_greening):::60.0,False
8,False,test--train,Peach___Bacterial_spot,train\Peach___Bacterial_spot\04e94339-9827-4b02-ad5d-bf4d2792af14___Rutg._Bact.S 1758.JPG,train\Peach___Bacterial_spot\73dae25f-a317-421c-bfed-b66c433d41b5___Rutg._Bact.S 2174.JPG,Peach___Bacterial_spot:::260.0,Peach___Bacterial_spot:::307.0,False
8,False,test--train,Peach___Bacterial_spot,train\Peach___Bacterial_spot\1058fda1-5402-4b47-b711-27c4adddf10f___Rut._Bact.S 1310.JPG,train\Peach___Bacterial_spot\a8564d6e-bc7f-466d-bccc-d8196821686e___Rut._Bact.S 0759.JPG,Peach___Bacterial_spot:::96.0,Peach___Bacterial_spot:::4.0,False
8,False,test--train,Peach___Bacterial_spot,train\Peach___Bacterial_spot\1058fda1-5402-4b47-b711-27c4adddf10f___Rut._Bact.S 1310.JPG,train\Peach___Bacterial_spot\d26ac658-3380-475c-a497-e04b6739f9fb___Rut._Bact.S 0836.JPG,Peach___Bacterial_spot:::96.0,Peach___Bacterial_spot:::17.0,False
8,False,test--train,Peach___Bacterial_spot,train\Peach___Bacterial_spot\1058fda1-5402-4b47-b711-27c4adddf10f___Rut._Bact.S 1310.JPG,train\Peach___Bacterial_spot\eace30e6-ac82-420c-891e-a2d19758d309___Rut._Bact.S 1323.JPG,Peach___Bacterial_spot:::96.0,Peach___Bacterial_spot:::98.0,False
8,False,test--train,Peach___Bacterial_spot,train\Peach___Bacterial_spot\13b8de5f-f2ed-4c2e-a408-ba786894b640___Rut._Bact.S 0902.JPG,val\Peach___Bacterial_spot\bb5cede0-8d54-4681-bf38-b53adce5d4d9___Rut._Bact.S 1214.JPG,Peach___Bacterial_spot:::28.0,Peach___Bacterial_spot:::80.0,False
8,False,test--train,Peach___Bacterial_spot,train\Peach___Bacterial_spot\13b8de5f-f2ed-4c2e-a408-ba786894b640___Rut._Bact.S 0902.JPG,val\Peach___Bacterial_spot\e895fb6e-297b-4da5-adb7-f54d29c4d0bd___Rutg._Bact.S 1946.JPG,Peach___Bacterial_spot:::28.0,Peach___Bacterial_spot:::281.0,False
8,False,test--train,Peach___Bacterial_spot,train\Peach___Bacterial_spot\1df78012-4b87-40f4-bfa1-b868465c0b4d___Rut._Bact.S 1263.JPG,train\Peach___Bacterial_spot\a594bea8-af6b-4ddc-8e00-ce0e6a045d89___Rut._Bact.S 1095.JPG,Peach___Bacterial_spot:::88.0,Peach___Bacterial_spot:::60.0,False
8,False,test--train,Peach___Bacterial_spot,train\Peach___Bacterial_spot\1f88a43e-0a96-4452-a02c-869344e9464e___Rut._Bact.S 1370.JPG,train\Peach___Bacterial_spot\9dadd08c-e1f0-4ecf-9637-0be7a79178eb___Rutg._Bact.S 1995.JPG,Peach___Bacterial_spot:::105.0,Peach___Bacterial_spot:::286.0,False
8,False,test--train,Peach___Bacterial_spot,train\Peach___Bacterial_spot\1f88a43e-0a96-4452-a02c-869344e9464e___Rut._Bact.S 1370.JPG,train\Peach___Bacterial_spot\e4edaeb8-c428-443b-aaaf-c317942a1be6___Rut._Bact.S 1045.JPG,Peach___Bacterial_spot:::105.0,Peach___Bacterial_spot:::51.0,False
8,False,test--train,Peach___Bacterial_spot,train\Peach___Bacterial_spot\1f88a43e-0a96-4452-a02c-869344e9464e___Rut._Bact.S 1370.JPG,train\Peach___Bacterial_spot\f3da92fa-2a1e-4f55-9fd9-a8890049275a___Rut._Bact.S 1182.JPG,Peach___Bacterial_spot:::105.0,Peach___Bacterial_spot:::74.0,False
8,False,test--train,Peach___Bacterial_spot,train\Peach___Bacterial_spot\21912f9c-d8d6-428d-824b-471e766ea92c___Rut._Bact.S 1050.JPG,val\Peach___Bacterial_spot\010eb44a-62fc-48fe-8386-5aee3589d103___Rut._Bact.S 1097.JPG,Peach___Bacterial_spot:::52.0,Peach___Bacterial_spot:::60.0,False
8,False,test--train,Peach___Bacterial_spot,train\Peach___Bacterial_spot\2768430d-337c-4550-94c6-c9df6dcaeab5___Rut._Bact.S 1501.JPG,train\Peach___Bacterial_spot\2ee33b51-1e8a-425f-8e8d-0fdebfe75bb1___Rut._Bact.S 1248.JPG,Peach___Bacterial_spot:::127.0,Peach___Bacterial_spot:::85.0,False
8,False,test--train,Peach___Bacterial_spot,train\Peach___Bacterial_spot\329b24c8-0435-4ff4-97f6-4f683d2fed33___Rutg._Bact.S 2037.JPG,train\Peach___Bacterial_spot\9c23d3ff-f9c5-49ff-b6a2-2a2583476f84___Rutg._Bact.S 1123.JPG,Peach___Bacterial_spot:::291.0,Peach___Bacterial_spot:::176.0,False
8,False,test--train,Peach___Bacterial_spot,train\Peach___Bacterial_spot\3a8eee78-9d10-4110-8ad0-1d79da75dc1f___Rut._Bact.S 0948.JPG,val\Peach___Bacterial_spot\31aaac25-f85e-42d3-ae30-46e6f5dc76a6___Rutg._Bact.S 1944.JPG,Peach___Bacterial_spot:::35.0,Peach___Bacterial_spot:::281.0,False
8,False,test--train,Peach___Bacterial_spot,train\Peach___Bacterial_spot\3cc814e5-e97f-43b7-b93e-ba4f145f43c1___Rutg._Bact.S 2040.JPG,train\Peach___Bacterial_spot\edb67083-c1e5-410b-a05e-182bd333e1ce___Rutg._Bact.S 2262.JPG,Peach___Bacterial_spot:::291.0,Peach___Bacterial_spot:::317.0,False
8,False,test--train,Peach___Bacterial_spot,train\Peach___Bacterial_spot\3d49aab0-2282-4e0a-8f45-a63782b0185a___Rut._Bact.S 1266.JPG,train\Peach___Bacterial_spot\597b02b7-ecbd-4c5a-8e72-07bf4a16464c___Rut._Bact.S 1562.JPG,Peach___Bacterial_spot:::88.0,Peach___Bacterial_spot:::137.0,False
8,False,test--train,Peach___Bacterial_spot,train\Peach___Bacterial_spot\3d49aab0-2282-4e0a-8f45-a63782b0185a___Rut._Bact.S 1266.JPG,train\Peach___Bacterial_spot\6626b650-4fd0-485c-b8b6-22dfd2b2e3c0___Rut._Bact.S 1158.JPG,Peach___Bacterial_spot:::88.0,Peach___Bacterial_spot:::70.0,False
8,False,test--train,Peach___Bacterial_spot,train\Peach___Bacterial_spot\3d49aab0-2282-4e0a-8f45-a63782b0185a___Rut._Bact.S 1266.JPG,train\Peach___Bacterial_spot\af6dfe69-fe1d-4aef-90c0-69615c9a0cc7___Rut._Bact.S 1069.JPG,Peach___Bacterial_spot:::88.0,Peach___Bacterial_spot:::55.0,False
8,False,test--train,Peach___Bacterial_spot,train\Peach___Bacterial_spot\44374a48-d73b-488f-bd16-6fea7e27f8cb___Rut._Bact.S 0764.JPG,train\Peach___Bacterial_spot\bd21eadc-29b3-41a2-8754-5c561d3aff4a___Rut._Bact.S 1448.JPG,Peach___Bacterial_spot:::5.0,Peach___Bacterial_spot:::118.0,False
8,False,test--train,Peach___Bacterial_spot,train\Peach___Bacterial_spot\44bc270e-a7d4-456a-8fae-d75ba2ec6244___Rut._Bact.S 1296.JPG,train\Peach___Bacterial_spot\f388c5ee-4174-4c32-b37b-4cf0bb732a26___Rut._Bact.S 1278.JPG,Peach___Bacterial_spot:::93.0,Peach___Bacterial_spot:::90.0,False
8,False,test--train,Peach___Bacterial_spot,train\Peach___Bacterial_spot\46a70fb3-77b7-4968-91e3-5e4e08966be9___Rut._Bact.S 1251.JPG,train\Peach___Bacterial_spot\f17e9159-5942-4b1e-8d3c-e1e0ce949b2d___Rut._Bact.S 1221.JPG,Peach___Bacterial_spot:::86.0,Peach___Bacterial_spot:::81.0,False
8,False,test--train,Peach___Bacterial_spot,train\Peach___Bacterial_spot\47b300c9-3740-4bb4-87d9-3488ce6a093b___Rutg._Bact.S 2302.JPG,train\Peach___Bacterial_spot\dba846ad-67ee-4a38-be9f-f4d76532a350___Rut._Bact.S 1041.JPG,Peach___Bacterial_spot:::322.0,Peach___Bacterial_spot:::51.0,False
8,False,test--train,Peach___Bacterial_spot,train\Peach___Bacterial_spot\485e0319-4f79-4504-b3eb-8c3f2dcc0c3e___Rut._Bact.S 0750.JPG,train\Peach___Bacterial_spot\265e6c18-6d4c-4ea7-8677-da5d2ffe94ee___Rut._Bact.S 0860.JPG,Peach___Bacterial_spot:::2.0,Peach___Bacterial_spot:::21.0,False
8,False,test--train,Peach___Bacterial_spot,train\Peach___Bacterial_spot\485e0319-4f79-4504-b3eb-8c3f2dcc0c3e___Rut._Bact.S 0750.JPG,train\Peach___Bacterial_spot\d26ac658-3380-475c-a497-e04b6739f9fb___Rut._Bact.S 0836.JPG,Peach___Bacterial_spot:::2.0,Peach___Bacterial_spot:::17.0,False
8,False,test--train,Peach___Bacterial_spot,train\Peach___Bacterial_spot\4fd4fd59-b5ad-4ff5-9c3b-3d5c74a23361___Rut._Bact.S 0767.JPG,train\Peach___Bacterial_spot\3c355f41-a489-401b-af9b-70c2af99c543___Rut._Bact.S 1184.JPG,Peach___Bacterial_spot:::5.0,Peach___Bacterial_spot:::75.0,False
8,False,test--train,Peach___Bacterial_spot,train\Peach___Bacterial_spot\4fd4fd59-b5ad-4ff5-9c3b-3d5c74a23361___Rut._Bact.S 0767.JPG,train\Peach___Bacterial_spot\52d1afd8-6fbd-4c26-994f-e4ebda23ed8a___Rut._Bact.S 0761.JPG,Peach___Bacterial_spot:::5.0,Peach___Bacterial_spot:::4.0,False
8,False,test--train,Peach___Bacterial_spot,train\Peach___Bacterial_spot\4fd4fd59-b5ad-4ff5-9c3b-3d5c74a23361___Rut._Bact.S 0767.JPG,train\Peach___Bacterial_spot\d93875b4-77f3-43fc-ad35-0d28143b68e0___Rut._Bact.S 1421.JPG,Peach___Bacterial_spot:::5.0,Peach___Bacterial_spot:::114.0,False
8,False,test--train,Peach___Bacterial_spot,train\Peach___Bacterial_spot\4fd4fd59-b5ad-4ff5-9c3b-3d5c74a23361___Rut._Bact.S 0767.JPG,val\Peach___Bacterial_spot\a169591b-6d29-4ec0-8bde-93b399f11459___Rut._Bact.S 0838.JPG,Peach___Bacterial_spot:::5.0,Peach___Bacterial_spot:::17.0,False
8,False,test--train,Peach___Bacterial_spot,train\Peach___Bacterial_spot\4fd575e3-9c72-443f-aad7-5e264d334915___Rut._Bact.S 1308.JPG,train\Peach___Bacterial_spot\44881fe3-0d2a-449f-a8a5-e721d6213295___Rut._Bact.S 1275.JPG,Peach___Bacterial_spot:::95.0,Peach___Bacterial_spot:::90.0,False
8,False,test--train,Peach___Bacterial_spot,train\Peach___Bacterial_spot\51df518a-0b2f-49f6-9a20-1fd132b2c80a___Rut._Bact.S 1239.JPG,train\Peach___Bacterial_spot\3c355f41-a489-401b-af9b-70c2af99c543___Rut._Bact.S 1184.JPG,Peach___Bacterial_spot:::84.0,Peach___Bacterial_spot:::75.0,False
8,False,test--train,Peach___Bacterial_spot,train\Peach___Bacterial_spot\51df518a-0b2f-49f6-9a20-1fd132b2c80a___Rut._Bact.S 1239.JPG,train\Peach___Bacterial_spot\a7b3c4d8-c94c-4cac-901b-fb6c9624e7a3___Rut._Bact.S 0970.JPG,Peach___Bacterial_spot:::84.0,Peach___Bacterial_spot:::39.0,False
8,False,test--train,Peach___Bacterial_spot,train\Peach___Bacterial_spot\51df518a-0b2f-49f6-9a20-1fd132b2c80a___Rut._Bact.S 1239.JPG,val\Peach___Bacterial_spot\0fd9e444-ff39-4714-9d04-5220dc0c0754___Rut._Bact.S 1289.JPG,Peach___Bacterial_spot:::84.0,Peach___Bacterial_spot:::92.0,False
8,False,test--train,Peach___Bacterial_spot,train\Peach___Bacterial_spot\51df518a-0b2f-49f6-9a20-1fd132b2c80a___Rut._Bact.S 1239.JPG,val\Peach___Bacterial_spot\d223a48c-2075-4645-965b-50af1fcf6823___Rut._Bact.S 1463.JPG,Peach___Bacterial_spot:::84.0,Peach___Bacterial_spot:::121.0,False
8,False,test--train,Peach___Bacterial_spot,train\Peach___Bacterial_spot\52e771da-b8a2-4e5c-ae2f-ce91d9372ed0___Rut._Bact.S 0752.JPG,train\Peach___Bacterial_spot\3ebeec7d-28e5-4203-a92f-20adb3fc2a45___Rutg._Bact.S 2345.JPG,Peach___Bacterial_spot:::3.0,Peach___Bacterial_spot:::327.0,False
8,False,test--train,Peach___Bacterial_spot,train\Peach___Bacterial_spot\633d70b7-6357-46f7-a4f8-3e924e22ef15___Rut._Bact.S 1161.JPG,train\Peach___Bacterial_spot\50e07867-1835-4031-9752-b5c62bb94f12___Rut._Bact.S 1277.JPG,Peach___Bacterial_spot:::71.0,Peach___Bacterial_spot:::90.0,False
8,False,test--train,Peach___Bacterial_spot,train\Peach___Bacterial_spot\633d70b7-6357-46f7-a4f8-3e924e22ef15___Rut._Bact.S 1161.JPG,train\Peach___Bacterial_spot\a7b3c4d8-c94c-4cac-901b-fb6c9624e7a3___Rut._Bact.S 0970.JPG,Peach___Bacterial_spot:::71.0,Peach___Bacterial_spot:::39.0,False
8,False,test--train,Peach___Bacterial_spot,train\Peach___Bacterial_spot\633d70b7-6357-46f7-a4f8-3e924e22ef15___Rut._Bact.S 1161.JPG,train\Peach___Bacterial_spot\bdb5b6fd-1372-45d6-b7cc-299459c4c338___Rut._Bact.S 0773.JPG,Peach___Bacterial_spot:::71.0,Peach___Bacterial_spot:::6.0,False
8,False,test--train,Peach___Bacterial_spot,train\Peach___Bacterial_spot\633d70b7-6357-46f7-a4f8-3e924e22ef15___Rut._Bact.S 1161.JPG,val\Peach___Bacterial_spot\0fd9e444-ff39-4714-9d04-5220dc0c0754___Rut._Bact.S 1289.JPG,Peach___Bacterial_spot:::71.0,Peach___Bacterial_spot:::92.0,False
8,False,test--train,Peach___Bacterial_spot,train\Peach___Bacterial_spot\633d70b7-6357-46f7-a4f8-3e924e22ef15___Rut._Bact.S 1161.JPG,val\Peach___Bacterial_spot\947289d1-7cc4-4fd9-b064-e87440d255f1___Rut._Bact.S 1547.JPG,Peach___Bacterial_spot:::71.0,Peach___Bacterial_spot:::135.0,False
8,False,test--train,Peach___Bacterial_spot,train\Peach___Bacterial_spot\715cc508-e609-4ff4-968b-3953be3b9ace___Rut._Bact.S 0755.JPG,train\Peach___Bacterial_spot\a7b3c4d8-c94c-4cac-901b-fb6c9624e7a3___Rut._Bact.S 0970.JPG,Peach___Bacterial_spot:::3.0,Peach___Bacterial_spot:::39.0,False
8,False,test--train,Peach___Bacterial_spot,train\Peach___Bacterial_spot\715cc508-e609-4ff4-968b-3953be3b9ace___Rut._Bact.S 0755.JPG,train\Peach___Bacterial_spot\d93875b4-77f3-43fc-ad35-0d28143b68e0___Rut._Bact.S 1421.JPG,Peach___Bacterial_spot:::3.0,Peach___Bacterial_spot:::114.0,False
8,False,test--train,Peach___Bacterial_spot,train\Peach___Bacterial_spot\715cc508-e609-4ff4-968b-3953be3b9ace___Rut._Bact.S 0755.JPG,train\Peach___Bacterial_spot\e1d54ad8-2b13-47fd-97da-1711decc24c4___Rut._Bact.S 1379.JPG,Peach___Bacterial_spot:::3.0,Peach___Bacterial_spot:::107.0,False
8,False,test--train,Peach___Bacterial_spot,train\Peach___Bacterial_spot\96059642-7fa3-47a7-8aa9-ed37689d6a3b___Rut._Bact.S 1242.JPG,train\Peach___Bacterial_spot\88119087-f692-46b4-b2c2-6db98eedad56___Rut._Bact.S 1495.JPG,Peach___Bacterial_spot:::84.0,Peach___Bacterial_spot:::126.0,False
8,False,test--train,Peach___Bacterial_spot,train\Peach___Bacterial_spot\98183a48-add3-4b6f-b771-dde3b5150c42___Rut._Bact.S 1238.JPG,train\Peach___Bacterial_spot\fccb7798-709c-4817-99f6-ad003bd87cf0___Rut._Bact.S 0758.JPG,Peach___Bacterial_spot:::84.0,Peach___Bacterial_spot:::4.0,False
8,False,test--train,Peach___Bacterial_spot,train\Peach___Bacterial_spot\9fda3bc0-49f8-4486-bc9e-93118af2c836___Rut._Bact.S 1329.JPG,train\Peach___Bacterial_spot\1150d1df-5db3-43fe-80fb-47b371ea22b4___Rut._Bact.S 1152.JPG,Peach___Bacterial_spot:::99.0,Peach___Bacterial_spot:::69.0,False
8,False,test--train,Peach___Bacterial_spot,train\Peach___Bacterial_spot\9fda3bc0-49f8-4486-bc9e-93118af2c836___Rut._Bact.S 1329.JPG,train\Peach___Bacterial_spot\2ee33b51-1e8a-425f-8e8d-0fdebfe75bb1___Rut._Bact.S 1248.JPG,Peach___Bacterial_spot:::99.0,Peach___Bacterial_spot:::85.0,False
8,False,test--train,Peach___Bacterial_spot,train\Peach___Bacterial_spot\9fda3bc0-49f8-4486-bc9e-93118af2c836___Rut._Bact.S 1329.JPG,train\Peach___Bacterial_spot\81d21a0e-8551-41e5-b8d6-b5840fc6cda9___Rut._Bact.S 1400.JPG,Peach___Bacterial_spot:::99.0,Peach___Bacterial_spot:::110.0,False
8,False,test--train,Peach___Bacterial_spot,train\Peach___Bacterial_spot\9fda3bc0-49f8-4486-bc9e-93118af2c836___Rut._Bact.S 1329.JPG,train\Peach___Bacterial_spot\dffddb15-fda1-41c6-95e3-2604b5131d77___Rut._Bact.S 1436.JPG,Peach___Bacterial_spot:::99.0,Peach___Bacterial_spot:::116.0,False
8,False,test--train,Peach___Bacterial_spot,train\Peach___Bacterial_spot\9fda3bc0-49f8-4486-bc9e-93118af2c836___Rut._Bact.S 1329.JPG,val\Peach___Bacterial_spot\58886189-bfea-4254-b4d2-19334728c2b6___Rut._Bact.S 0973.JPG,Peach___Bacterial_spot:::99.0,Peach___Bacterial_spot:::39.0,False
8,False,test--train,Peach___Bacterial_spot,train\Peach___Bacterial_spot\9fda3bc0-49f8-4486-bc9e-93118af2c836___Rut._Bact.S 1329.JPG,val\Peach___Bacterial_spot\84611f76-8ca4-410d-8c35-7fcdff8746a4___Rutg._Bact.S 1785.JPG,Peach___Bacterial_spot:::99.0,Peach___Bacterial_spot:::263.0,False
8,False,test--train,Peach___Bacterial_spot,train\Peach___Bacterial_spot\9fda3bc0-49f8-4486-bc9e-93118af2c836___Rut._Bact.S 1329.JPG,val\Peach___Bacterial_spot\e9afdf82-d64f-438f-b1f0-37800a0f24a1___Rutg._Bact.S 1994.JPG,Peach___Bacterial_spot:::99.0,Peach___Bacterial_spot:::286.0,False
8,False,test--train,Peach___Bacterial_spot,train\Peach___Bacterial_spot\a2524d53-667b-49d1-bda8-8515143b1293___Rutg._Bact.S 2300.JPG,train\Peach___Bacterial_spot\3212700f-4294-4c19-a2de-a984920bad2e___Rut._Bact.S 0829.JPG,Peach___Bacterial_spot:::322.0,Peach___Bacterial_spot:::16.0,False
8,False,test--train,Peach___Bacterial_spot,train\Peach___Bacterial_spot\a2524d53-667b-49d1-bda8-8515143b1293___Rutg._Bact.S 2300.JPG,train\Peach___Bacterial_spot\6626b650-4fd0-485c-b8b6-22dfd2b2e3c0___Rut._Bact.S 1158.JPG,Peach___Bacterial_spot:::322.0,Peach___Bacterial_spot:::70.0,False
8,False,test--train,Peach___Bacterial_spot,train\Peach___Bacterial_spot\a2524d53-667b-49d1-bda8-8515143b1293___Rutg._Bact.S 2300.JPG,train\Peach___Bacterial_spot\8a9997fe-96b0-4d4b-b622-f656e218479e___Rutg._Bact.S 1895.JPG,Peach___Bacterial_spot:::322.0,Peach___Bacterial_spot:::276.0,False
8,False,test--train,Peach___Bacterial_spot,train\Peach___Bacterial_spot\a2524d53-667b-49d1-bda8-8515143b1293___Rutg._Bact.S 2300.JPG,train\Peach___Bacterial_spot\be643bbd-ce87-48d1-8574-6f7011fecf0d___Rut._Bact.S 1507.JPG,Peach___Bacterial_spot:::322.0,Peach___Bacterial_spot:::128.0,False
8,False,test--train,Peach___Bacterial_spot,train\Peach___Bacterial_spot\a42f9989-da90-42cc-a7e3-bc38405ce004___Rut._Bact.S 1254.JPG,train\Peach___Bacterial_spot\f388c5ee-4174-4c32-b37b-4cf0bb732a26___Rut._Bact.S 1278.JPG,Peach___Bacterial_spot:::86.0,Peach___Bacterial_spot:::90.0,False
8,False,test--train,Peach___Bacterial_spot,train\Peach___Bacterial_spot\a5ccac77-de3a-406d-8fa8-e73149282638___Rutg._Bact.S 1923.JPG,train\Peach___Bacterial_spot\4c3b281d-2ac8-4f91-8cad-c4123b72338f___Rut._Bact.S 1003.JPG,Peach___Bacterial_spot:::278.0,Peach___Bacterial_spot:::44.0,False
8,False,test--train,Peach___Bacterial_spot,train\Peach___Bacterial_spot\a65ad4de-647c-430c-9407-88820869600d___Rut._Bact.S 0765.JPG,train\Peach___Bacterial_spot\0e40bd19-4ca5-4ce5-b585-3525e6f5c0b4___Rut._Bact.S 0938.JPG,Peach___Bacterial_spot:::5.0,Peach___Bacterial_spot:::34.0,False
8,False,test--train,Peach___Bacterial_spot,train\Peach___Bacterial_spot\a65ad4de-647c-430c-9407-88820869600d___Rut._Bact.S 0765.JPG,train\Peach___Bacterial_spot\a8564d6e-bc7f-466d-bccc-d8196821686e___Rut._Bact.S 0759.JPG,Peach___Bacterial_spot:::5.0,Peach___Bacterial_spot:::4.0,False
8,False,test--train,Peach___Bacterial_spot,train\Peach___Bacterial_spot\aa7b12ce-ac21-49f3-8e73-eca6ece9e9fa___Rut._Bact.S 1164.JPG,train\Peach___Bacterial_spot\25b236da-8cf1-46a3-a44f-f62db92256cd___Rut._Bact.S 1491.JPG,Peach___Bacterial_spot:::71.0,Peach___Bacterial_spot:::126.0,False
8,False,test--train,Peach___Bacterial_spot,train\Peach___Bacterial_spot\aa7b12ce-ac21-49f3-8e73-eca6ece9e9fa___Rut._Bact.S 1164.JPG,train\Peach___Bacterial_spot\bed4dccc-ce15-4654-bb81-2497644e0c6a___Rut._Bact.S 0802.JPG,Peach___Bacterial_spot:::71.0,Peach___Bacterial_spot:::11.0,False
8,False,test--train,Peach___Bacterial_spot,train\Peach___Bacterial_spot\aa7b12ce-ac21-49f3-8e73-eca6ece9e9fa___Rut._Bact.S 1164.JPG,train\Peach___Bacterial_spot\d1bd3a84-e542-4ab5-8a78-5cdd1cddfcd7___Rut._Bact.S 1394.JPG,Peach___Bacterial_spot:::71.0,Peach___Bacterial_spot:::109.0,False
8,False,test--train,Peach___Bacterial_spot,train\Peach___Bacterial_spot\aa7b12ce-ac21-49f3-8e73-eca6ece9e9fa___Rut._Bact.S 1164.JPG,val\Peach___Bacterial_spot\543187bc-cb00-4093-8d3c-bd23b52cda3c___Rut._Bact.S 1140.JPG,Peach___Bacterial_spot:::71.0,Peach___Bacterial_spot:::67.0,False
8,False,test--train,Peach___Bacterial_spot,train\Peach___Bacterial_spot\b00117ed-b5ce-4e47-a7c8-96c37c3819bf___Rut._Bact.S 0756.JPG,train\Peach___Bacterial_spot\bed4dccc-ce15-4654-bb81-2497644e0c6a___Rut._Bact.S 0802.JPG,Peach___Bacterial_spot:::3.0,Peach___Bacterial_spot:::11.0,False
8,False,test--train,Peach___Bacterial_spot,train\Peach___Bacterial_spot\b00117ed-b5ce-4e47-a7c8-96c37c3819bf___Rut._Bact.S 0756.JPG,train\Peach___Bacterial_spot\fccb7798-709c-4817-99f6-ad003bd87cf0___Rut._Bact.S 0758.JPG,Peach___Bacterial_spot:::3.0,Peach___Bacterial_spot:::4.0,False
8,False,test--train,Peach___Bacterial_spot,train\Peach___Bacterial_spot\b2db309a-d37e-4093-a825-c119d3248c86___Rut._Bact.S 0785.JPG,val\Peach___Bacterial_spot\523f4904-d38a-494f-9315-74124918e72f___Rutg._Bact.S 1927.JPG,Peach___Bacterial_spot:::8.0,Peach___Bacterial_spot:::279.0,False
8,False,test--train,Peach___Bacterial_spot,train\Peach___Bacterial_spot\b5592aa4-64fa-4d90-a772-df29748c3c99___Rut._Bact.S 1262.JPG,val\Peach___Bacterial_spot\2f534db9-dcd3-4cc5-9b57-e352f9780bfe___Rut._Bact.S 0796.JPG,Peach___Bacterial_spot:::88.0,Peach___Bacterial_spot:::10.0,False
8,False,test--train,Peach___Bacterial_spot,train\Peach___Bacterial_spot\bcc95b12-c380-4ece-92be-92ee6e1cff88___Rut._Bact.S 0788.JPG,train\Peach___Bacterial_spot\0d9ce901-3bec-4e03-84f5-28bad41b8a93___Rutg._Bact.S 2320.JPG,Peach___Bacterial_spot:::9.0,Peach___Bacterial_spot:::324.0,False
8,False,test--train,Peach___Bacterial_spot,train\Peach___Bacterial_spot\bcc95b12-c380-4ece-92be-92ee6e1cff88___Rut._Bact.S 0788.JPG,val\Peach___Bacterial_spot\74f7f83a-0995-4c1d-badc-6f2441d87772___Rut._Bact.S 1322.JPG,Peach___Bacterial_spot:::9.0,Peach___Bacterial_spot:::98.0,False
8,False,test--train,Peach___Bacterial_spot,train\Peach___Bacterial_spot\c981ad37-f87c-43df-8577-4dc4f32551ff___Rut._Bact.S 0749.JPG,train\Peach___Bacterial_spot\2d341d51-ed72-4ab3-87d3-4d36fae79f4b___Rut._Bact.S 1274.JPG,Peach___Bacterial_spot:::2.0,Peach___Bacterial_spot:::90.0,False
8,False,test--train,Peach___Bacterial_spot,train\Peach___Bacterial_spot\c981ad37-f87c-43df-8577-4dc4f32551ff___Rut._Bact.S 0749.JPG,train\Peach___Bacterial_spot\8a3977c3-f738-4bff-ac10-0ffd20be5dfa___Rut._Bact.S 1272.JPG,Peach___Bacterial_spot:::2.0,Peach___Bacterial_spot:::89.0,False
8,False,test--train,Peach___Bacterial_spot,train\Peach___Bacterial_spot\c981ad37-f87c-43df-8577-4dc4f32551ff___Rut._Bact.S 0749.JPG,train\Peach___Bacterial_spot\dfbdce65-39f2-4eda-8989-47da4f469206___Rut._Bact.S 1098.JPG,Peach___Bacterial_spot:::2.0,Peach___Bacterial_spot:::60.0,False
8,False,test--train,Peach___Bacterial_spot,train\Peach___Bacterial_spot\cf9d4672-c728-442c-b89d-075402e5e313___Rutg._Bact.S 1754.JPG,train\Peach___Bacterial_spot\fb7c067b-1a1f-4252-b0a5-682f799cf41c___Rutg._Bact.S 2239.JPG,Peach___Bacterial_spot:::260.0,Peach___Bacterial_spot:::315.0,False
8,False,test--train,Peach___Bacterial_spot,train\Peach___Bacterial_spot\d0ad872e-3f9d-46df-9206-e3528e7d2c3f___Rut._Bact.S 1361.JPG,train\Peach___Bacterial_spot\04ff1fcd-80c7-45ce-85bc-89640c227d07___Rutg._Bact.S 2260.JPG,Peach___Bacterial_spot:::104.0,Peach___Bacterial_spot:::317.0,False
8,False,test--train,Peach___Bacterial_spot,train\Peach___Bacterial_spot\d6d654e0-fcb6-49bd-a0d8-5795342720db___Rut._Bact.S 1439.JPG,train\Peach___Bacterial_spot\aafc3225-a749-443e-b372-9af3bf7f0d26___Rut._Bact.S 1409.JPG,Peach___Bacterial_spot:::117.0,Peach___Bacterial_spot:::112.0,False
8,False,test--train,Peach___Bacterial_spot,train\Peach___Bacterial_spot\ee63ad7f-a004-45ea-a6d7-2a859cf9ca03___Rut._Bact.S 1372.JPG,train\Peach___Bacterial_spot\c64ccbd0-67ba-4787-9f1c-68a92cf43791___Rutg._Bact.S 1595.JPG,Peach___Bacterial_spot:::106.0,Peach___Bacterial_spot:::242.0,False
8,False,test--train,Peach___Bacterial_spot,train\Peach___Bacterial_spot\f03e9033-327b-40f8-aeae-11030b3b6808___Rut._Bact.S 0882.JPG,train\Peach___Bacterial_spot\597b02b7-ecbd-4c5a-8e72-07bf4a16464c___Rut._Bact.S 1562.JPG,Peach___Bacterial_spot:::25.0,Peach___Bacterial_spot:::137.0,False
8,False,test--train,Peach___Bacterial_spot,train\Peach___Bacterial_spot\f84594dc-1a42-4044-b2b1-a0d867e4738b___Rut._Bact.S 1193.JPG,val\Peach___Bacterial_spot\fa6c8bfb-cd65-4cfd-9776-721b71763fc7___Rutg._Bact.S 1846.JPG,Peach___Bacterial_spot:::76.0,Peach___Bacterial_spot:::270.0,False
8,False,test--train,Peach___Bacterial_spot,train\Peach___Bacterial_spot\fbe7c9f1-a49b-480f-91bc-a662fc6e11a8___Rutg._Bact.S 2073.JPG,train\Peach___Bacterial_spot\2d341d51-ed72-4ab3-87d3-4d36fae79f4b___Rut._Bact.S 1274.JPG,Peach___Bacterial_spot:::295.0,Peach___Bacterial_spot:::90.0,False
8,False,test--train,Peach___Bacterial_spot,train\Peach___Bacterial_spot\fbe7c9f1-a49b-480f-91bc-a662fc6e11a8___Rutg._Bact.S 2073.JPG,val\Peach___Bacterial_spot\58886189-bfea-4254-b4d2-19334728c2b6___Rut._Bact.S 0973.JPG,Peach___Bacterial_spot:::295.0,Peach___Bacterial_spot:::39.0,False
8,False,test--train,Peach___Bacterial_spot,train\Peach___Bacterial_spot\fe24139b-640d-498f-93d3-c14458c040f0___Rut._Bact.S 1305.JPG,val\Peach___Bacterial_spot\aa305449-0689-4b5d-ad10-a3cc91b90217___Rutg._Bact.S 2319.JPG,Peach___Bacterial_spot:::95.0,Peach___Bacterial_spot:::324.0,False
8,False,test--train,Peach___Bacterial_spot,train\Peach___Bacterial_spot\ff74cdaf-0674-435f-abe2-70562a96e605___Rut._Bact.S 1314.JPG,train\Peach___Bacterial_spot\291f3f11-bfc6-4ad6-8c69-c2de933f6f7b___Rut._Bact.S 1460.JPG,Peach___Bacterial_spot:::96.0,Peach___Bacterial_spot:::120.0,False
8,False,test--train,Peach___Bacterial_spot,train\Peach___Bacterial_spot\ff74cdaf-0674-435f-abe2-70562a96e605___Rut._Bact.S 1314.JPG,train\Peach___Bacterial_spot\8a3977c3-f738-4bff-ac10-0ffd20be5dfa___Rut._Bact.S 1272.JPG,Peach___Bacterial_spot:::96.0,Peach___Bacterial_spot:::89.0,False
8,False,test--train,Peach___Bacterial_spot,train\Peach___Bacterial_spot\ff74cdaf-0674-435f-abe2-70562a96e605___Rut._Bact.S 1314.JPG,train\Peach___Bacterial_spot\c370ba2b-d92b-4520-894f-818655da9244___Rutg._Bact.S 1583.JPG,Peach___Bacterial_spot:::96.0,Peach___Bacterial_spot:::240.0,False
8,False,test--train,Peach___Bacterial_spot,train\Peach___Bacterial_spot\ff74cdaf-0674-435f-abe2-70562a96e605___Rut._Bact.S 1314.JPG,train\Peach___Bacterial_spot\dfbdce65-39f2-4eda-8989-47da4f469206___Rut._Bact.S 1098.JPG,Peach___Bacterial_spot:::96.0,Peach___Bacterial_spot:::60.0,False
8,False,test--train,Peach___Bacterial_spot,train\Peach___Bacterial_spot\ff74cdaf-0674-435f-abe2-70562a96e605___Rut._Bact.S 1314.JPG,train\Peach___Bacterial_spot\fccb7798-709c-4817-99f6-ad003bd87cf0___Rut._Bact.S 0758.JPG,Peach___Bacterial_spot:::96.0,Peach___Bacterial_spot:::4.0,False
8,False,test--train,Peach___Bacterial_spot,train\Peach___Bacterial_spot\ff74cdaf-0674-435f-abe2-70562a96e605___Rut._Bact.S 1314.JPG,val\Peach___Bacterial_spot\114a3057-a764-41ce-b1ac-b63a93b3129d___Rutg._Bact.S 2256.JPG,Peach___Bacterial_spot:::96.0,Peach___Bacterial_spot:::317.0,False
8,False,test--train,Peach___Bacterial_spot,train\Peach___Bacterial_spot\ff74cdaf-0674-435f-abe2-70562a96e605___Rut._Bact.S 1314.JPG,val\Peach___Bacterial_spot\31aaac25-f85e-42d3-ae30-46e6f5dc76a6___Rutg._Bact.S 1944.JPG,Peach___Bacterial_spot:::96.0,Peach___Bacterial_spot:::281.0,False
8,False,test--train,Peach___Bacterial_spot,train\Peach___Bacterial_spot\ff74cdaf-0674-435f-abe2-70562a96e605___Rut._Bact.S 1314.JPG,val\Peach___Bacterial_spot\84611f76-8ca4-410d-8c35-7fcdff8746a4___Rutg._Bact.S 1785.JPG,Peach___Bacterial_spot:::96.0,Peach___Bacterial_spot:::263.0,False
8,False,test--train,Peach___Bacterial_spot,val\Peach___Bacterial_spot\468388a5-ddd5-42e3-8e19-27cc95675f78___Rut._Bact.S 1376.JPG,train\Peach___Bacterial_spot\88119087-f692-46b4-b2c2-6db98eedad56___Rut._Bact.S 1495.JPG,Peach___Bacterial_spot:::106.0,Peach___Bacterial_spot:::126.0,False
8,False,test--train,Peach___Bacterial_spot,val\Peach___Bacterial_spot\64313083-823b-49be-8297-8e894008e927___Rut._Bact.S 0768.JPG,train\Peach___Bacterial_spot\c1fbdc65-18e4-4012-9106-002700b53c72___Rutg._Bact.S 2350.JPG,Peach___Bacterial_spot:::5.0,Peach___Bacterial_spot:::327.0,False
8,False,test--train,Peach___Bacterial_spot,val\Peach___Bacterial_spot\64313083-823b-49be-8297-8e894008e927___Rut._Bact.S 0768.JPG,val\Peach___Bacterial_spot\f1272e13-e76f-4e87-a489-016b8db11837___Rutg._Bact.S 2245.JPG,Peach___Bacterial_spot:::5.0,Peach___Bacterial_spot:::315.0,False
8,False,test--train,Peach___Bacterial_spot,val\Peach___Bacterial_spot\9da512de-aa75-4b20-bb75-2970fec5ad42___Rut._Bact.S 1160.JPG,train\Peach___Bacterial_spot\53e49980-8734-4016-9af6-586f7270aea3___Rut._Bact.S 0741.JPG,Peach___Bacterial_spot:::71.0,Peach___Bacterial_spot:::1.0,False
8,False,test--train,Peach___Bacterial_spot,val\Peach___Bacterial_spot\9da512de-aa75-4b20-bb75-2970fec5ad42___Rut._Bact.S 1160.JPG,val\Peach___Bacterial_spot\31aaac25-f85e-42d3-ae30-46e6f5dc76a6___Rutg._Bact.S 1944.JPG,Peach___Bacterial_spot:::71.0,Peach___Bacterial_spot:::281.0,False
8,False,test--train,Peach___Bacterial_spot,val\Peach___Bacterial_spot\a072dade-e4bc-47e9-97d2-89650aca4f8f___Rutg._Bact.S 2069.JPG,train\Peach___Bacterial_spot\44881fe3-0d2a-449f-a8a5-e721d6213295___Rut._Bact.S 1275.JPG,Peach___Bacterial_spot:::295.0,Peach___Bacterial_spot:::90.0,False
8,False,test--train,Peach___Bacterial_spot,val\Peach___Bacterial_spot\cb336d1a-4469-44ee-ab2e-a384f6aad761___Rutg._Bact.S 1723.JPG,train\Peach___Bacterial_spot\e194d1ca-97b3-44d7-b014-624e13f80b22___Rutg._Bact.S 1676.JPG,Peach___Bacterial_spot:::256.0,Peach___Bacterial_spot:::251.0,False
8,False,test--train,Peach___healthy,train\Peach___healthy\40ce83b6-18b2-4f97-9f01-f151e5bef4dc___Rutg._HL 3555.JPG,val\Peach___healthy\98365918-af55-417f-bff4-91b93d0e257a___Rutg._HL 3659.JPG,Peach___healthy:::27.0,Peach___healthy:::43.0,False
8,False,test--train,Peach___healthy,train\Peach___healthy\52141a75-629d-42be-be02-8ab0ba5be054___Rutg._HL 3722.JPG,train\Peach___healthy\f1b4be89-0313-4fa4-b04e-1e3e126ee8fb___Rutg._HL 3528.JPG,Peach___healthy:::53.0,Peach___healthy:::22.0,False
8,False,test--train,Peach___healthy,train\Peach___healthy\52141a75-629d-42be-be02-8ab0ba5be054___Rutg._HL 3722.JPG,val\Peach___healthy\16e5ee89-643d-4033-9586-1f5b7fb08a70___Rutg._HL 2467.JPG,Peach___healthy:::53.0,Peach___healthy:::12.0,False
8,False,test--train,Peach___healthy,train\Peach___healthy\68df2ec0-0330-4054-b209-8e50d71d88a2___Rutg._HL 3699.JPG,train\Peach___healthy\afe0938a-0d13-4fef-b121-ffe3f655ec84___Rutg._HL 3598.JPG,Peach___healthy:::50.0,Peach___healthy:::34.0,False
8,False,test--train,"Pepper,_bell___Bacterial_spot","train\Pepper,_bell___Bacterial_spot\2c4a898a-9812-423b-bd8a-419a09699270___JR_B.Spot 8853.JPG","train\Pepper,_bell___Bacterial_spot\a3f51b14-cfbc-4e34-bca0-2ff18996184d___JR_B.Spot 8841.JPG","Pepper,_bell___Bacterial_spot:::JR_33.0","Pepper,_bell___Bacterial_spot:::JR_31.0",False
8,False,test--train,"Pepper,_bell___Bacterial_spot","train\Pepper,_bell___Bacterial_spot\f409b53e-61e7-4aa5-8a6c-ae0f1c828099___JR_B.Spot 8955.JPG","train\Pepper,_bell___Bacterial_spot\02baf62e-11e2-4dde-97fb-e369b57d55d3___JR_B.Spot 8971.JPG","Pepper,_bell___Bacterial_spot:::JR_49.0","Pepper,_bell___Bacterial_spot:::JR_52.0",False
8,False,test--train,"Pepper,_bell___healthy","train\Pepper,_bell___healthy\b32eec71-c780-4649-af2b-9e233995994f___JR_HL 8513.JPG","train\Pepper,_bell___healthy\b355fbff-bc2c-4266-be05-f6266692c1dd___JR_HL 8410.JPG","Pepper,_bell___healthy:::124.0","Pepper,_bell___healthy:::116.0",False
8,False,test--train,"Pepper,_bell___healthy","train\Pepper,_bell___healthy\d7840b85-45be-4dc2-8135-d3aea938dcf5___JR_HL 5942.JPG","val\Pepper,_bell___healthy\088fa58f-14a5-476b-b0d6-e2a2d8a1dd2a___JR_HL 7643.JPG","Pepper,_bell___healthy:::18.0","Pepper,_bell___healthy:::38.0",False
8,False,test--train,"Pepper,_bell___healthy","train\Pepper,_bell___healthy\d8e3f7ec-b032-4e15-b593-895d1299cb4f___JR_HL 8377.JPG","val\Pepper,_bell___healthy\83734876-b617-43cb-8407-8831496ac4cf___JR_HL 8796.JPG","Pepper,_bell___healthy:::112.0","Pepper,_bell___healthy:::159.0",False
8,False,test--train,"Pepper,_bell___healthy","train\Pepper,_bell___healthy\dfe76f2d-7086-4c4c-9f6c-a6af6b666dee___JR_HL 7714.JPG","train\Pepper,_bell___healthy\5e986ace-0b0e-4d27-b28c-5836aa4aa7bd___JR_HL 7635.JPG","Pepper,_bell___healthy:::47.0","Pepper,_bell___healthy:::37.0",False
8,False,test--train,"Pepper,_bell___healthy","train\Pepper,_bell___healthy\dfe76f2d-7086-4c4c-9f6c-a6af6b666dee___JR_HL 7714.JPG","val\Pepper,_bell___healthy\7cf9831d-709b-4283-9ac1-70e601d5d740___JR_HL 7742.JPG","Pepper,_bell___healthy:::47.0","Pepper,_bell___healthy:::50.0",False
8,False,test--train,"Pepper,_bell___healthy","val\Pepper,_bell___healthy\2f2aa4d8-cb43-4745-8cac-7560829ba950___JR_HL 8020.JPG","train\Pepper,_bell___healthy\a4e150f2-9b5c-4b2c-9b8b-775d132a03b4___JR_HL 8299.JPG","Pepper,_bell___healthy:::74.0","Pepper,_bell___healthy:::103.0",False
8,False,test--train,Potato___Late_blight,train\Potato___Late_blight\13b1b19c-6720-4238-b384-4c86ea119ace___RS_LB 2765.JPG,train\Potato___Late_blight\5b816f46-32b8-4a67-9e73-760e3358bd06___RS_LB 3226.JPG,Potato___Late_blight:::31.0,Potato___Late_blight:::84.0,False
8,False,test--train,Potato___Late_blight,train\Potato___Late_blight\357bfc61-bb46-4e77-b9eb-eafdd3af7f6f___RS_LB 3082.JPG,val\Potato___Late_blight\9bdce182-987e-4996-8cc8-34694b4e24e9___RS_LB 2837.JPG,Potato___Late_blight:::70.0,Potato___Late_blight:::41.0,False
8,False,test--train,Potato___Late_blight,train\Potato___Late_blight\4f138229-2f00-4374-9c16-3732660bf011___RS_LB 4105.JPG,train\Potato___Late_blight\e08c2b56-3a54-4fcc-b814-85c55020278b___RS_LB 3991.JPG,Potato___Late_blight:::134.0,Potato___Late_blight:::117.0,False
8,False,test--train,Potato___Late_blight,train\Potato___Late_blight\e6d7f5aa-d176-4e43-9e0c-afc2901442f6___RS_LB 3066.JPG,train\Potato___Late_blight\c16b698a-77b9-48f7-943a-457d475242ef___RS_LB 2918.JPG,Potato___Late_blight:::68.0,Potato___Late_blight:::52.0,False
8,False,test--train,Potato___Late_blight,val\Potato___Late_blight\a84f32fc-ec8a-42e9-9f43-9efcf6493199___RS_LB 4884.JPG,train\Potato___Late_blight\58475c1a-a4c2-43bd-b361-60523b5c62d2___RS_LB 3912.JPG,Potato___Late_blight:::203.0,Potato___Late_blight:::109.0,False
8,False,test--train,Raspberry___healthy,train\Raspberry___healthy\50afaeb0-372d-4b4f-a0e7-3a792bfdf2d8___Mary_HL 9203.JPG,train\Raspberry___healthy\9d5f3e6c-3f4c-4882-b423-d9ddb52ea4d8___Mary_HL 6332.JPG,Raspberry___healthy:::28.0,Raspberry___healthy:::13.0,False
8,False,test--train,Raspberry___healthy,train\Raspberry___healthy\fbe55704-4329-4dd5-a336-9e315186e497___Mary_HL 6321.JPG,train\Raspberry___healthy\d82bc515-0d21-4244-892d-3d2c4ced252a___Mary_HL 6380.JPG,Raspberry___healthy:::11.0,Raspberry___healthy:::19.0,False
8,False,test--train,Soybean___healthy,train\Soybean___healthy\01104aee-fd81-4d74-9ff3-5e793da256be___RS_HL 4502.JPG,train\Soybean___healthy\75ceae51-b2fe-49ba-b396-6bcf86800922___RS_HL 4943.JPG,Soybean___healthy:::201.0,Soybean___healthy:::249.0,False
8,False,test--train,Soybean___healthy,train\Soybean___healthy\02e90b62-3736-4300-b189-1886033eb9a4___RS_HL 7015.JPG,train\Soybean___healthy\5a30aa37-115d-4459-b89c-2b20bf4ec17c___RS_HL 6734.JPG,Soybean___healthy:::463.0,Soybean___healthy:::442.0,False
8,False,test--train,Soybean___healthy,train\Soybean___healthy\050357f1-5c8f-4535-a14d-a23d5ce34c2e___RS_HL 2702.JPG,val\Soybean___healthy\c4ac992c-9d87-4637-b683-472967805c81___RS_HL 2778.JPG,Soybean___healthy:::2.0,Soybean___healthy:::11.0,False
8,False,test--train,Soybean___healthy,train\Soybean___healthy\066af85e-bd60-466e-ac80-e0b0ace2307e___RS_HL 5067.JPG,train\Soybean___healthy\ee016082-8bf6-40e9-b8fe-01fed30993e2___RS_HL 5128.JPG,Soybean___healthy:::263.0,Soybean___healthy:::270.0,False
8,False,test--train,Soybean___healthy,train\Soybean___healthy\066af85e-bd60-466e-ac80-e0b0ace2307e___RS_HL 5067.JPG,train\Soybean___healthy\f6a417aa-bb83-456e-8370-13c47d84d7d3___RS_HL 4956.JPG,Soybean___healthy:::263.0,Soybean___healthy:::251.0,False
8,False,test--train,Soybean___healthy,train\Soybean___healthy\0724c908-118e-4bbb-ab6b-5419cf508e45___RS_HL 3476.JPG,train\Soybean___healthy\4d50974e-820c-4109-8b4b-e520de5cd95f___RS_HL 2716.JPG,Soybean___healthy:::85.0,Soybean___healthy:::4.0,False
8,False,test--train,Soybean___healthy,train\Soybean___healthy\07ed2de2-1a88-4b3b-adc2-94102d5eaba5___RS_HL 4700.JPG,train\Soybean___healthy\0dc66159-55a4-40a8-bacc-e747cc03b14c___RS_HL 5204.JPG,Soybean___healthy:::223.0,Soybean___healthy:::278.0,False
8,False,test--train,Soybean___healthy,train\Soybean___healthy\07ed2de2-1a88-4b3b-adc2-94102d5eaba5___RS_HL 4700.JPG,val\Soybean___healthy\e8997164-8519-4552-a5bb-f66046c7dff2___RS_HL 3386.JPG,Soybean___healthy:::223.0,Soybean___healthy:::76.0,False
8,False,test--train,Soybean___healthy,train\Soybean___healthy\0aa63094-3a46-4fdf-b482-79a191f31c2c___RS_HL 2728.JPG,train\Soybean___healthy\9590e314-49d3-4451-a028-7ce8ad848b58___RS_HL 3207.JPG,Soybean___healthy:::5.0,Soybean___healthy:::58.0,False
8,False,test--train,Soybean___healthy,train\Soybean___healthy\0b3e4ee1-8f07-45d3-a0ab-fab31c8a4084___RS_HL 5032.JPG,train\Soybean___healthy\36c1529c-1ad9-4251-8836-cc02aefb68ac___RS_HL 3356.JPG,Soybean___healthy:::259.0,Soybean___healthy:::73.0,False
8,False,test--train,Soybean___healthy,train\Soybean___healthy\0b3e4ee1-8f07-45d3-a0ab-fab31c8a4084___RS_HL 5032.JPG,train\Soybean___healthy\c89daf4e-0c70-4dee-88fa-1762278caa21___RS_HL 5291.JPG,Soybean___healthy:::259.0,Soybean___healthy:::288.0,False
8,False,test--train,Soybean___healthy,train\Soybean___healthy\0bcd64f3-f728-459c-8419-0c5c2656b363___RS_HL 5587 1.JPG,val\Soybean___healthy\f727ff89-4e0d-4aa7-939a-dd944b763136___RS_HL 5682.JPG,Soybean___healthy:::326.0,Soybean___healthy:::344.0,False
8,False,test--train,Soybean___healthy,train\Soybean___healthy\0c0d22b3-18ae-43b8-a917-7a05eb19df71___RS_HL 5074.JPG,val\Soybean___healthy\7e3e4b51-92fc-49fe-98ae-b869e67269f9___RS_HL 5252.JPG,Soybean___healthy:::263.0,Soybean___healthy:::284.0,False
8,False,test--train,Soybean___healthy,train\Soybean___healthy\0e0fa650-f6f3-450b-b514-b9098214b43b___RS_HL 6724.JPG,train\Soybean___healthy\c07e5e99-6b6c-4ba7-8b6c-7d27e3db2a4a___RS_HL 6515.JPG,Soybean___healthy:::441.0,Soybean___healthy:::421.0,False
8,False,test--train,Soybean___healthy,train\Soybean___healthy\12255f52-1c26-44e5-a1b9-ed53e487a8d6___RS_HL 6918.JPG,val\Soybean___healthy\cbe4eac0-dd7f-4a84-9fde-ad432fcde88a___RS_HL 5689 1.JPG,Soybean___healthy:::457.0,Soybean___healthy:::345.0,False
8,False,test--train,Soybean___healthy,train\Soybean___healthy\124c32b3-6a2e-4e8c-b16f-55d4d5773cb6___RS_HL 3288.JPG,val\Soybean___healthy\c3e40812-76aa-4c76-8aac-3fcacd1d1bbb___RS_HL 3561.JPG,Soybean___healthy:::67.0,Soybean___healthy:::93.0,False
8,False,test--train,Soybean___healthy,train\Soybean___healthy\145ce395-7521-4113-86db-b5c45b4a80af___RS_HL 7310.JPG,train\Soybean___healthy\39894cdf-a0d7-4d29-8611-9a9e2a32c647___RS_HL 3982.JPG,Soybean___healthy:::489.0,Soybean___healthy:::138.0,False
8,False,test--train,Soybean___healthy,train\Soybean___healthy\195b9453-b578-427f-8c8d-f86086f488e2___RS_HL 4334.JPG,train\Soybean___healthy\f25da003-421e-420f-a323-a08017a06857___RS_HL 4404.JPG,Soybean___healthy:::182.0,Soybean___healthy:::190.0,False
8,False,test--train,Soybean___healthy,train\Soybean___healthy\1960fc36-da3b-434e-986f-f3739eeda4aa___RS_HL 6477.JPG,train\Soybean___healthy\327c1e8b-0aec-4e49-b66b-8e53971506c0___RS_HL 6868.JPG,Soybean___healthy:::418.0,Soybean___healthy:::453.0,False
8,False,test--train,Soybean___healthy,train\Soybean___healthy\197cae76-efed-4c20-95fd-84cda4d248fa___RS_HL 5911.JPG,train\Soybean___healthy\67f8ae76-9c44-4688-95ef-4e1a314898a6___RS_HL 6648.JPG,Soybean___healthy:::371.0,Soybean___healthy:::434.0,False
8,False,test--train,Soybean___healthy,train\Soybean___healthy\197cae76-efed-4c20-95fd-84cda4d248fa___RS_HL 5911.JPG,train\Soybean___healthy\d13756c8-abfa-4e98-bafd-ddb960c09ad6___RS_HL 3384.JPG,Soybean___healthy:::371.0,Soybean___healthy:::76.0,False
8,False,test--train,Soybean___healthy,train\Soybean___healthy\197cae76-efed-4c20-95fd-84cda4d248fa___RS_HL 5911.JPG,val\Soybean___healthy\002ff75b-39d3-45b8-931f-e5f56eeddf03___RS_HL 2848.JPG,Soybean___healthy:::371.0,Soybean___healthy:::18.0,False
8,False,test--train,Soybean___healthy,train\Soybean___healthy\1b58f065-d8d7-4203-95e5-373e752294fa___RS_HL 4576.JPG,train\Soybean___healthy\b4069962-eac9-403d-9195-bae430444ac5___RS_HL 3893.JPG,Soybean___healthy:::209.0,Soybean___healthy:::127.0,False
8,False,test--train,Soybean___healthy,train\Soybean___healthy\1d22093d-3ad2-4ebc-b76f-d9f22e4c7c8b___RS_HL 5264.JPG,train\Soybean___healthy\8c367dcf-fd47-4017-a60d-730ae2a08e71___RS_HL 4057.JPG,Soybean___healthy:::285.0,Soybean___healthy:::146.0,False
8,False,test--train,Soybean___healthy,train\Soybean___healthy\1f548c90-5837-4664-a7f1-d6d070fc23e8___RS_HL 5786 1.JPG,train\Soybean___healthy\82413c3b-1c29-44dc-9628-2dbd6c203aa2___RS_HL 3747.JPG,Soybean___healthy:::362.0,Soybean___healthy:::111.0,False
8,False,test--train,Soybean___healthy,train\Soybean___healthy\1f548c90-5837-4664-a7f1-d6d070fc23e8___RS_HL 5786 1.JPG,train\Soybean___healthy\e1dfa39c-b3f6-4885-a9e5-e60f2a96c473___RS_HL 6853.JPG,Soybean___healthy:::362.0,Soybean___healthy:::451.0,False
8,False,test--train,Soybean___healthy,train\Soybean___healthy\213d2b88-ebeb-4849-8ee1-1acff9437c98___RS_HL 4696.JPG,train\Soybean___healthy\53c797c7-cbd2-45c7-b281-912da2ab7f8d___RS_HL 5341.JPG,Soybean___healthy:::223.0,Soybean___healthy:::295.0,False
8,False,test--train,Soybean___healthy,train\Soybean___healthy\213d2b88-ebeb-4849-8ee1-1acff9437c98___RS_HL 4696.JPG,train\Soybean___healthy\c2c17e57-e00c-4da2-ad1d-45752467e2a1___RS_HL 4417.JPG,Soybean___healthy:::223.0,Soybean___healthy:::192.0,False
8,False,test--train,Soybean___healthy,train\Soybean___healthy\22c1ece5-dd6b-4c05-8955-d7d5ab67eab6___RS_HL 5029.JPG,train\Soybean___healthy\78e6abc9-139c-41e0-9e1a-1c60f9d4d04f___RS_HL 3999.JPG,Soybean___healthy:::259.0,Soybean___healthy:::140.0,False
8,False,test--train,Soybean___healthy,train\Soybean___healthy\22c1ece5-dd6b-4c05-8955-d7d5ab67eab6___RS_HL 5029.JPG,val\Soybean___healthy\37aefbb7-8016-4984-95bf-3490280b3f3e___RS_HL 3914.JPG,Soybean___healthy:::259.0,Soybean___healthy:::130.0,False
8,False,test--train,Soybean___healthy,train\Soybean___healthy\22ddbc54-2ed0-4f3d-8015-9d44e9b809ba___RS_HL 3686.JPG,train\Soybean___healthy\ae121e1d-b79b-4eb3-b403-33dff384cf36___RS_HL 3781.JPG,Soybean___healthy:::104.0,Soybean___healthy:::115.0,False
8,False,test--train,Soybean___healthy,train\Soybean___healthy\22fc8389-cc4f-44cf-8d9f-8287a3ece3b7___RS_HL 3133.JPG,train\Soybean___healthy\0edc8acf-0348-406e-a409-6a578ad8c604___RS_HL 3414.JPG,Soybean___healthy:::50.0,Soybean___healthy:::78.0,False
8,False,test--train,Soybean___healthy,train\Soybean___healthy\261555bd-eca0-4e1b-aba9-749a08ca2459___RS_HL 4930.JPG,train\Soybean___healthy\2750a78d-98c0-48f6-b05d-35b17ebcd0b4___RS_HL 5750.JPG,Soybean___healthy:::248.0,Soybean___healthy:::355.0,False
8,False,test--train,Soybean___healthy,train\Soybean___healthy\261555bd-eca0-4e1b-aba9-749a08ca2459___RS_HL 4930.JPG,train\Soybean___healthy\61fb21f5-d1fb-44e5-9a99-2a83b74c8c5a___RS_HL 6879.JPG,Soybean___healthy:::248.0,Soybean___healthy:::453.0,False
8,False,test--train,Soybean___healthy,train\Soybean___healthy\261555bd-eca0-4e1b-aba9-749a08ca2459___RS_HL 4930.JPG,train\Soybean___healthy\bdecc8d1-2f11-4fd4-af71-c8e9097ad448___RS_HL 5377.JPG,Soybean___healthy:::248.0,Soybean___healthy:::299.0,False
8,False,test--train,Soybean___healthy,train\Soybean___healthy\261555bd-eca0-4e1b-aba9-749a08ca2459___RS_HL 4930.JPG,train\Soybean___healthy\e257d6a2-5de1-4063-93e9-4ed9630ed260___RS_HL 5717 1.JPG,Soybean___healthy:::248.0,Soybean___healthy:::350.0,False
8,False,test--train,Soybean___healthy,train\Soybean___healthy\26a8a48e-acc8-48f0-9259-39d900836a04___RS_HL 5068.JPG,train\Soybean___healthy\4ad7c682-75c2-4ef0-a371-38833ee54d54___RS_HL 5861.JPG,Soybean___healthy:::263.0,Soybean___healthy:::367.0,False
8,False,test--train,Soybean___healthy,train\Soybean___healthy\279f1604-ed5e-4d41-a6af-6b0c07cb4528___RS_HL 5171.JPG,val\Soybean___healthy\f236f6a4-64b3-4c45-aaa6-c3e55db4c085___RS_HL 4689.JPG,Soybean___healthy:::275.0,Soybean___healthy:::222.0,False
8,False,test--train,Soybean___healthy,train\Soybean___healthy\28805ada-e286-4327-9626-06ae92eb950a___RS_HL 4291.JPG,train\Soybean___healthy\a8b9613c-8c2d-4645-a1b7-41f1eea2d03a___RS_HL 3882.JPG,Soybean___healthy:::177.0,Soybean___healthy:::126.0,False
8,False,test--train,Soybean___healthy,train\Soybean___healthy\28805ada-e286-4327-9626-06ae92eb950a___RS_HL 4291.JPG,train\Soybean___healthy\dec48ec3-170b-48b3-980f-635807906ab8___RS_HL 4509.JPG,Soybean___healthy:::177.0,Soybean___healthy:::202.0,False
8,False,test--train,Soybean___healthy,train\Soybean___healthy\2885a0c6-7381-4e82-9df8-d69680c7ade4___RS_HL 6287.JPG,val\Soybean___healthy\7709cc6f-6462-4892-b63a-dc6d95ff8267___RS_HL 6776.JPG,Soybean___healthy:::401.0,Soybean___healthy:::446.0,False
8,False,test--train,Soybean___healthy,train\Soybean___healthy\28875c91-0ee0-4a3a-9369-9ca8596c443d___RS_HL 7019.JPG,train\Soybean___healthy\805d4089-9f3a-4c00-ad80-8deb8f50ac88___RS_HL 6793.JPG,Soybean___healthy:::463.0,Soybean___healthy:::447.0,False
8,False,test--train,Soybean___healthy,train\Soybean___healthy\28c4892b-2150-4135-abb9-af329e476ae8___RS_HL 6595.JPG,train\Soybean___healthy\36b582aa-bd8f-43c8-b1c2-d3c1059491e8___RS_HL 6549.JPG,Soybean___healthy:::429.0,Soybean___healthy:::425.0,False
8,False,test--train,Soybean___healthy,train\Soybean___healthy\28dc6036-16de-4df3-8935-73601ea7196e___RS_HL 3020.JPG,train\Soybean___healthy\9684d21c-4536-42e1-b443-4bd54d436eb1___RS_HL 3214.JPG,Soybean___healthy:::38.0,Soybean___healthy:::59.0,False
8,False,test--train,Soybean___healthy,train\Soybean___healthy\28dc6036-16de-4df3-8935-73601ea7196e___RS_HL 3020.JPG,val\Soybean___healthy\c4ac992c-9d87-4637-b683-472967805c81___RS_HL 2778.JPG,Soybean___healthy:::38.0,Soybean___healthy:::11.0,False
8,False,test--train,Soybean___healthy,train\Soybean___healthy\29e49427-6205-4047-a12b-fa56f961114c___RS_HL 3766.JPG,train\Soybean___healthy\e3857933-e537-4a7d-8bcc-bdcc9bcad188___RS_HL 4564.JPG,Soybean___healthy:::113.0,Soybean___healthy:::208.0,False
8,False,test--train,Soybean___healthy,train\Soybean___healthy\312e8ed5-1cd7-4e09-a0e0-85e4e7260ed5___RS_HL 3491.JPG,val\Soybean___healthy\bfed1f55-5539-4624-9a65-318122c0305b___RS_HL 4130.JPG,Soybean___healthy:::86.0,Soybean___healthy:::155.0,False
8,False,test--train,Soybean___healthy,train\Soybean___healthy\35fe60e3-6cfc-4b9d-adba-c8a5732f627b___RS_HL 5324.JPG,train\Soybean___healthy\2f99080a-2e4d-4d11-b658-8f60f64931cb___RS_HL 7161.JPG,Soybean___healthy:::293.0,Soybean___healthy:::476.0,False
8,False,test--train,Soybean___healthy,train\Soybean___healthy\36541977-88e9-440f-bcd0-ef6e8b49f057___RS_HL 3057.JPG,train\Soybean___healthy\19de8dd0-f636-4608-9c08-a6b82f7d2924___RS_HL 4164.JPG,Soybean___healthy:::42.0,Soybean___healthy:::159.0,False
8,False,test--train,Soybean___healthy,train\Soybean___healthy\3696a50b-9ff2-4da1-9ab7-1ca2cc06a462___RS_HL 5326.JPG,train\Soybean___healthy\1039bf77-12ab-49a0-828f-de35684f1a87___RS_HL 3731.JPG,Soybean___healthy:::293.0,Soybean___healthy:::109.0,False
8,False,test--train,Soybean___healthy,train\Soybean___healthy\3696a50b-9ff2-4da1-9ab7-1ca2cc06a462___RS_HL 5326.JPG,train\Soybean___healthy\eaea7291-6514-432f-bfdf-a4df8a7264d4___RS_HL 6516.JPG,Soybean___healthy:::293.0,Soybean___healthy:::421.0,False
8,False,test--train,Soybean___healthy,train\Soybean___healthy\36c49eac-031d-4174-a170-550b4fa3da11___RS_HL 5209.JPG,val\Soybean___healthy\ee5089ad-bc36-4a5a-ae46-89302292eefe___RS_HL 4514.JPG,Soybean___healthy:::279.0,Soybean___healthy:::203.0,False
8,False,test--train,Soybean___healthy,train\Soybean___healthy\393781ca-b26e-4105-a5f0-33b3186617f0___RS_HL 2860.JPG,train\Soybean___healthy\33d66ca5-e1e4-4a70-94a9-39f656df0688___RS_HL 5917.JPG,Soybean___healthy:::20.0,Soybean___healthy:::372.0,False
8,False,test--train,Soybean___healthy,train\Soybean___healthy\393781ca-b26e-4105-a5f0-33b3186617f0___RS_HL 2860.JPG,train\Soybean___healthy\428a4250-68c8-4a4d-92f1-927cbb85410b___RS_HL 5945.JPG,Soybean___healthy:::20.0,Soybean___healthy:::374.0,False
8,False,test--train,Soybean___healthy,train\Soybean___healthy\393781ca-b26e-4105-a5f0-33b3186617f0___RS_HL 2860.JPG,val\Soybean___healthy\3d713c06-1c1f-4992-aba7-ebc3ea3adae4___RS_HL 6804.JPG,Soybean___healthy:::20.0,Soybean___healthy:::448.0,False
8,False,test--train,Soybean___healthy,train\Soybean___healthy\3a0f4849-4edd-4f88-b80e-a2cd69b91295___RS_HL 3568.JPG,train\Soybean___healthy\c7ddb3e5-d571-4497-8c4b-e2e445105f93___RS_HL 3888.JPG,Soybean___healthy:::94.0,Soybean___healthy:::127.0,False
8,False,test--train,Soybean___healthy,train\Soybean___healthy\3d6f5842-4a38-49a0-82e4-e79315ddb7da___RS_HL 5221.JPG,train\Soybean___healthy\08f5b052-40a8-4bbb-b6c9-0a1d1c338952___RS_HL 4504.JPG,Soybean___healthy:::280.0,Soybean___healthy:::202.0,False
8,False,test--train,Soybean___healthy,train\Soybean___healthy\3d6f5842-4a38-49a0-82e4-e79315ddb7da___RS_HL 5221.JPG,train\Soybean___healthy\766bbfbc-8c7d-43fe-a501-099d1ecfcf3b___RS_HL 4785.JPG,Soybean___healthy:::280.0,Soybean___healthy:::232.0,False
8,False,test--train,Soybean___healthy,train\Soybean___healthy\3da1f08a-c738-4ab9-9f36-4e954b1e1904___RS_HL 3019.JPG,train\Soybean___healthy\d0d8e8c3-b89c-421b-ad0b-5b1c55ee55a2___RS_HL 7300.JPG,Soybean___healthy:::38.0,Soybean___healthy:::488.0,False
8,False,test--train,Soybean___healthy,train\Soybean___healthy\3eb5ce08-9ce2-4244-996d-61a08a239de7___RS_HL 4216.JPG,train\Soybean___healthy\1fd3c85c-d83a-4fba-9211-60092d6f6004___RS_HL 5654 1.JPG,Soybean___healthy:::166.0,Soybean___healthy:::338.0,False
8,False,test--train,Soybean___healthy,train\Soybean___healthy\4080b95a-4bb8-4554-8cda-00801cbb018b___RS_HL 5262.JPG,train\Soybean___healthy\90b42bc1-56aa-4f15-8d2a-daf6301832cd___RS_HL 4007.JPG,Soybean___healthy:::285.0,Soybean___healthy:::140.0,False
8,False,test--train,Soybean___healthy,train\Soybean___healthy\4080b95a-4bb8-4554-8cda-00801cbb018b___RS_HL 5262.JPG,train\Soybean___healthy\c89daf4e-0c70-4dee-88fa-1762278caa21___RS_HL 5291.JPG,Soybean___healthy:::285.0,Soybean___healthy:::288.0,False
8,False,test--train,Soybean___healthy,train\Soybean___healthy\4080b95a-4bb8-4554-8cda-00801cbb018b___RS_HL 5262.JPG,val\Soybean___healthy\659a7b4e-cd46-48f8-8be0-5804652808f6___RS_HL 4076.JPG,Soybean___healthy:::285.0,Soybean___healthy:::148.0,False
8,False,test--train,Soybean___healthy,train\Soybean___healthy\4527250a-aba0-4bbb-a2fd-6013d104cdec___RS_HL 3492.JPG,train\Soybean___healthy\185caaf1-5b55-4253-8013-61b878d2b3db___RS_HL 5255.JPG,Soybean___healthy:::86.0,Soybean___healthy:::284.0,False
8,False,test--train,Soybean___healthy,train\Soybean___healthy\4527250a-aba0-4bbb-a2fd-6013d104cdec___RS_HL 3492.JPG,train\Soybean___healthy\f7ed0786-c677-4cf7-bf1d-ec414664df3e___RS_HL 3913.JPG,Soybean___healthy:::86.0,Soybean___healthy:::130.0,False
8,False,test--train,Soybean___healthy,train\Soybean___healthy\45b0bcf9-1f53-4414-9cb2-d54c519cabe3___RS_HL 5902.JPG,val\Soybean___healthy\fee7058e-43c3-404f-a9cc-e23d860cb894___RS_HL 6103.JPG,Soybean___healthy:::371.0,Soybean___healthy:::387.0,False
8,False,test--train,Soybean___healthy,train\Soybean___healthy\46201317-b82c-478e-8ac1-73ad0fee0da9___RS_HL 7247.JPG,train\Soybean___healthy\3894ec8a-8967-4043-ae1a-1ad4bf448db4___RS_HL 7327.JPG,Soybean___healthy:::484.0,Soybean___healthy:::490.0,False
8,False,test--train,Soybean___healthy,train\Soybean___healthy\4b204c22-df30-4696-8b83-480ca8965809___RS_HL 5915.JPG,val\Soybean___healthy\7b2bb24b-70fc-40fe-92f1-993a2484727b___RS_HL 5839.JPG,Soybean___healthy:::371.0,Soybean___healthy:::368.0,False
8,False,test--train,Soybean___healthy,train\Soybean___healthy\4c41b75f-b094-4de6-96ed-584bd9c49001___RS_HL 4929.JPG,train\Soybean___healthy\b25561af-8ae8-49a6-ac2a-f6c1729b3638___RS_HL 4582.JPG,Soybean___healthy:::248.0,Soybean___healthy:::210.0,False
8,False,test--train,Soybean___healthy,train\Soybean___healthy\4c41b75f-b094-4de6-96ed-584bd9c49001___RS_HL 4929.JPG,train\Soybean___healthy\ff5d05c7-398d-4170-a684-64552d5a5bc1___RS_HL 5463.JPG,Soybean___healthy:::248.0,Soybean___healthy:::309.0,False
8,False,test--train,Soybean___healthy,train\Soybean___healthy\4daea54f-0aed-4fe1-9194-74f8acc23bc1___RS_HL 5507.JPG,train\Soybean___healthy\0f04ef1e-2a20-4986-9530-40707c70b708___RS_HL 7145.JPG,Soybean___healthy:::313.0,Soybean___healthy:::475.0,False
8,False,test--train,Soybean___healthy,train\Soybean___healthy\4f184e6a-30a9-4932-b3bd-c1c68ee73426___RS_HL 3055.JPG,train\Soybean___healthy\e8e92d6f-0840-468f-a2af-d5fd89daa945___RS_HL 4611.JPG,Soybean___healthy:::42.0,Soybean___healthy:::213.0,False
8,False,test--train,Soybean___healthy,train\Soybean___healthy\5092640d-d7f2-4415-8e84-2ea6d9ad8f29___RS_HL 6126.JPG,train\Soybean___healthy\552480aa-aba0-430e-a44e-602559f931ea___RS_HL 4046.JPG,Soybean___healthy:::389.0,Soybean___healthy:::145.0,False
8,False,test--train,Soybean___healthy,train\Soybean___healthy\51449717-1551-473b-b91d-af6af1be9117___RS_HL 5224.JPG,train\Soybean___healthy\79a83cc2-ad33-403b-9dc7-7f9757abf288___RS_HL 3604.JPG,Soybean___healthy:::280.0,Soybean___healthy:::96.0,False
8,False,test--train,Soybean___healthy,train\Soybean___healthy\518d40e6-539d-4eec-98ea-b0c0cdb590c9___RS_HL 4862.JPG,train\Soybean___healthy\a4c0092d-2a7b-4a86-80bd-54e79f6b2ee6___RS_HL 4049.JPG,Soybean___healthy:::240.0,Soybean___healthy:::145.0,False
8,False,test--train,Soybean___healthy,train\Soybean___healthy\5456917a-6a97-4951-874c-4f713fd6fb12___RS_HL 6422.JPG,val\Soybean___healthy\24f4bcd6-d30f-4b64-8a6b-5faa6f82a5dc___RS_HL 5854.JPG,Soybean___healthy:::413.0,Soybean___healthy:::367.0,False
8,False,test--train,Soybean___healthy,train\Soybean___healthy\54cc599a-888d-46be-9248-6dff7c58d499___RS_HL 3762.JPG,train\Soybean___healthy\018149f9-81fa-46fd-a35d-ee3618b4effc___RS_HL 3091.JPG,Soybean___healthy:::113.0,Soybean___healthy:::46.0,False
8,False,test--train,Soybean___healthy,train\Soybean___healthy\54cc599a-888d-46be-9248-6dff7c58d499___RS_HL 3762.JPG,train\Soybean___healthy\df60e2b2-bb4c-402b-b058-38d829cd19ee___RS_HL 3545.JPG,Soybean___healthy:::113.0,Soybean___healthy:::92.0,False
8,False,test--train,Soybean___healthy,train\Soybean___healthy\54cc599a-888d-46be-9248-6dff7c58d499___RS_HL 3762.JPG,val\Soybean___healthy\09e619a9-6a35-497c-aafb-e85f8df0b1b7___RS_HL 3629.JPG,Soybean___healthy:::113.0,Soybean___healthy:::99.0,False
8,False,test--train,Soybean___healthy,train\Soybean___healthy\56587d1c-0ace-4997-a629-1f649b70ee22___RS_HL 7224.JPG,train\Soybean___healthy\481a26ad-0fa7-4812-a8f8-158945c14e21___RS_HL 7039.JPG,Soybean___healthy:::482.0,Soybean___healthy:::465.0,False
8,False,test--train,Soybean___healthy,train\Soybean___healthy\56587d1c-0ace-4997-a629-1f649b70ee22___RS_HL 7224.JPG,train\Soybean___healthy\f68b8d6d-b1dd-40ff-b341-3f7963ad7281___RS_HL 5553 1.JPG,Soybean___healthy:::482.0,Soybean___healthy:::322.0,False
8,False,test--train,Soybean___healthy,train\Soybean___healthy\58340050-1669-4284-ab1a-dd8f77383d25___RS_HL 5211.JPG,train\Soybean___healthy\b7fcdf65-1f9e-4afc-887c-b4952b35495b___RS_HL 3780.JPG,Soybean___healthy:::279.0,Soybean___healthy:::115.0,False
8,False,test--train,Soybean___healthy,train\Soybean___healthy\5a95fc32-20ee-4694-afa5-1c4feac211ef___RS_HL 7288.JPG,train\Soybean___healthy\929401a0-bc1c-4ad7-97c7-76ded9a9f46a___RS_HL 3876.JPG,Soybean___healthy:::487.0,Soybean___healthy:::126.0,False
8,False,test--train,Soybean___healthy,train\Soybean___healthy\5a95fc32-20ee-4694-afa5-1c4feac211ef___RS_HL 7288.JPG,train\Soybean___healthy\c9c1448e-a241-4de3-aea3-0f727cbf4d87___RS_HL 4609.JPG,Soybean___healthy:::487.0,Soybean___healthy:::213.0,False
8,False,test--train,Soybean___healthy,train\Soybean___healthy\5a95fc32-20ee-4694-afa5-1c4feac211ef___RS_HL 7288.JPG,val\Soybean___healthy\99975426-dafd-434e-b93b-1ffe9dde3c14___RS_HL 4866.JPG,Soybean___healthy:::487.0,Soybean___healthy:::241.0,False
8,False,test--train,Soybean___healthy,train\Soybean___healthy\5c945f78-462f-4610-b416-6aae48ec0b55___RS_HL 3566.JPG,train\Soybean___healthy\6f080647-3f64-4632-b54c-3153c374f175___RS_HL 7446.JPG,Soybean___healthy:::94.0,Soybean___healthy:::500.0,False
8,False,test--train,Soybean___healthy,train\Soybean___healthy\5c945f78-462f-4610-b416-6aae48ec0b55___RS_HL 3566.JPG,val\Soybean___healthy\15ff1880-a99c-4285-80c9-feb54963acb8___RS_HL 4225.JPG,Soybean___healthy:::94.0,Soybean___healthy:::167.0,False
8,False,test--train,Soybean___healthy,train\Soybean___healthy\5ca7a6be-9083-4400-ab67-9cc243ce3c96___RS_HL 5765 1.JPG,train\Soybean___healthy\2750a78d-98c0-48f6-b05d-35b17ebcd0b4___RS_HL 5750.JPG,Soybean___healthy:::359.0,Soybean___healthy:::355.0,False
8,False,test--train,Soybean___healthy,train\Soybean___healthy\5ca7a6be-9083-4400-ab67-9cc243ce3c96___RS_HL 5765 1.JPG,train\Soybean___healthy\7feb4bde-6663-4424-aff4-eda5818ee4c5___RS_HL 5774 1.JPG,Soybean___healthy:::359.0,Soybean___healthy:::361.0,False
8,False,test--train,Soybean___healthy,train\Soybean___healthy\5ca7a6be-9083-4400-ab67-9cc243ce3c96___RS_HL 5765 1.JPG,train\Soybean___healthy\e954dfad-27a6-4a0d-8889-833202ff07a7___RS_HL 7125.JPG,Soybean___healthy:::359.0,Soybean___healthy:::472.0,False
8,False,test--train,Soybean___healthy,train\Soybean___healthy\5cac3508-41b8-4b71-9c6a-b325ad97b76b___RS_HL 3021.JPG,train\Soybean___healthy\3fc14072-8c56-47da-8781-dfbb6ee221f8___RS_HL 4165.JPG,Soybean___healthy:::38.0,Soybean___healthy:::159.0,False
8,False,test--train,Soybean___healthy,train\Soybean___healthy\5d3fb1de-f93a-4c3e-acd1-7a1082cc214b___RS_HL 6423.JPG,train\Soybean___healthy\90584a52-a032-483a-8a4b-5b83daf7cc9e___RS_HL 5126.JPG,Soybean___healthy:::413.0,Soybean___healthy:::269.0,False
8,False,test--train,Soybean___healthy,train\Soybean___healthy\5da78ced-3e3c-431e-adb9-4a2476d3a894___RS_HL 6476.JPG,train\Soybean___healthy\327c1e8b-0aec-4e49-b66b-8e53971506c0___RS_HL 6868.JPG,Soybean___healthy:::418.0,Soybean___healthy:::453.0,False
8,False,test--train,Soybean___healthy,train\Soybean___healthy\64e1718f-a593-4d9c-beb9-2c0a0bb6ae28___RS_HL 6929.JPG,train\Soybean___healthy\1982dfb8-1145-4039-8ec6-0df04fa95030___RS_HL 7199.JPG,Soybean___healthy:::457.0,Soybean___healthy:::479.0,False
8,False,test--train,Soybean___healthy,train\Soybean___healthy\64e1718f-a593-4d9c-beb9-2c0a0bb6ae28___RS_HL 6929.JPG,val\Soybean___healthy\a83047c2-6851-42f0-8df7-1982627db18d___RS_HL 6864.JPG,Soybean___healthy:::457.0,Soybean___healthy:::452.0,False
8,False,test--train,Soybean___healthy,train\Soybean___healthy\6b6b3c19-7728-4793-9adf-3fbe340e6f51___RS_HL 7103.JPG,train\Soybean___healthy\75e7b9e1-017b-4931-9080-9d193a8806de___RS_HL 6021.JPG,Soybean___healthy:::471.0,Soybean___healthy:::380.0,False
8,False,test--train,Soybean___healthy,train\Soybean___healthy\6b6b3c19-7728-4793-9adf-3fbe340e6f51___RS_HL 7103.JPG,val\Soybean___healthy\8f6f69b5-160f-411f-bea3-bad263db0e68___RS_HL 6353.JPG,Soybean___healthy:::471.0,Soybean___healthy:::407.0,False
8,False,test--train,Soybean___healthy,train\Soybean___healthy\6e4caa3a-dda0-445a-984a-0e31508cacf0___RS_HL 5219.JPG,train\Soybean___healthy\0ef4f1e9-dfd4-42d3-b9f1-0a06fff173bb___RS_HL 5747 1.JPG,Soybean___healthy:::280.0,Soybean___healthy:::354.0,False
8,False,test--train,Soybean___healthy,train\Soybean___healthy\6e4caa3a-dda0-445a-984a-0e31508cacf0___RS_HL 5219.JPG,train\Soybean___healthy\340046c3-ce86-4802-8e6d-4faf88d0d77b___RS_HL 4050.JPG,Soybean___healthy:::280.0,Soybean___healthy:::145.0,False
8,False,test--train,Soybean___healthy,train\Soybean___healthy\6e4caa3a-dda0-445a-984a-0e31508cacf0___RS_HL 5219.JPG,train\Soybean___healthy\442d762d-701e-40c8-a51d-7e8604e462f7___RS_HL 4781.JPG,Soybean___healthy:::280.0,Soybean___healthy:::232.0,False
8,False,test--train,Soybean___healthy,train\Soybean___healthy\6e4caa3a-dda0-445a-984a-0e31508cacf0___RS_HL 5219.JPG,train\Soybean___healthy\63a5e362-672a-4dee-a673-d9258bb0ab6c___RS_HL 3560.JPG,Soybean___healthy:::280.0,Soybean___healthy:::93.0,False
8,False,test--train,Soybean___healthy,train\Soybean___healthy\6efa54da-b2e8-4736-a077-1c25961f9e8a___RS_HL 6448.JPG,val\Soybean___healthy\c127579f-9800-44fe-88fd-40eceef2520c___RS_HL 6733.JPG,Soybean___healthy:::415.0,Soybean___healthy:::442.0,False
8,False,test--train,Soybean___healthy,train\Soybean___healthy\6fc3a3a0-ac39-4750-b5f8-d0237386691d___RS_HL 4231.JPG,train\Soybean___healthy\e3857933-e537-4a7d-8bcc-bdcc9bcad188___RS_HL 4564.JPG,Soybean___healthy:::168.0,Soybean___healthy:::208.0,False
8,False,test--train,Soybean___healthy,train\Soybean___healthy\6fc3a3a0-ac39-4750-b5f8-d0237386691d___RS_HL 4231.JPG,val\Soybean___healthy\7ef88af3-838e-413e-9028-5e83e34856a6___RS_HL 3305.JPG,Soybean___healthy:::168.0,Soybean___healthy:::68.0,False
8,False,test--train,Soybean___healthy,train\Soybean___healthy\6fd5a871-1a03-45e3-88d2-dd7498ebbdf7___RS_HL 6926.JPG,val\Soybean___healthy\c012a080-3918-416e-b379-17415fea9be0___RS_HL 6318.JPG,Soybean___healthy:::457.0,Soybean___healthy:::404.0,False
8,False,test--train,Soybean___healthy,train\Soybean___healthy\72ae9007-eec9-4386-9090-d1c52235c8d5___RS_HL 3478.JPG,val\Soybean___healthy\71010ab7-e729-462b-abf3-42cc36bf507a___RS_HL 3559.JPG,Soybean___healthy:::85.0,Soybean___healthy:::93.0,False
8,False,test--train,Soybean___healthy,train\Soybean___healthy\7a66bd40-a39f-4935-b02b-9138aa847078___RS_HL 3738.JPG,train\Soybean___healthy\5a2af1ec-9663-42f9-9489-eef72643f612___RS_HL 5600 1.JPG,Soybean___healthy:::110.0,Soybean___healthy:::329.0,False
8,False,test--train,Soybean___healthy,train\Soybean___healthy\7e7cfef1-2274-46da-98b8-b095dc7f8996___RS_HL 5589 1.JPG,train\Soybean___healthy\2d8e914b-afbc-4642-b35e-0018536f5678___RS_HL 4763.JPG,Soybean___healthy:::326.0,Soybean___healthy:::230.0,False
8,False,test--train,Soybean___healthy,train\Soybean___healthy\802f93ba-1a07-457f-a118-19b5450f81f3___RS_HL 4817.JPG,train\Soybean___healthy\1894884d-f018-4928-9075-216ba82b50c3___RS_HL 3437.JPG,Soybean___healthy:::236.0,Soybean___healthy:::80.0,False
8,False,test--train,Soybean___healthy,train\Soybean___healthy\81c21ff7-1a77-4a4b-96ca-67ce0cdf566d___RS_HL 3474.JPG,val\Soybean___healthy\be5388ae-97bc-4364-a24d-3815f1fa946e___RS_HL 4607.JPG,Soybean___healthy:::85.0,Soybean___healthy:::213.0,False
8,False,test--train,Soybean___healthy,train\Soybean___healthy\837d7335-f52c-486a-a1a7-8b07b7c9e06b___RS_HL 6928.JPG,train\Soybean___healthy\3433fd01-b691-4c26-bba7-c60101b9c294___RS_HL 7193.JPG,Soybean___healthy:::457.0,Soybean___healthy:::479.0,False
8,False,test--train,Soybean___healthy,train\Soybean___healthy\8a376f90-087a-415c-985d-7c2968ecfbb8___RS_HL 5767 1.JPG,val\Soybean___healthy\eff24a73-9fb2-4082-9ead-49161f3e858a___RS_HL 6141.JPG,Soybean___healthy:::359.0,Soybean___healthy:::390.0,False
8,False,test--train,Soybean___healthy,train\Soybean___healthy\8a7de543-d8ae-4f30-9d09-aee50a37a9c6___RS_HL 5501.JPG,train\Soybean___healthy\a18b0cd5-9378-461f-9c70-16ec02124585___RS_HL 4175.JPG,Soybean___healthy:::313.0,Soybean___healthy:::161.0,False
8,False,test--train,Soybean___healthy,train\Soybean___healthy\8bbeb1d3-6cf0-43a0-9beb-4ccf96e813da___RS_HL 5541.JPG,train\Soybean___healthy\ee894042-534d-4550-bd8a-ae7da8d1c057___RS_HL 6109.JPG,Soybean___healthy:::318.0,Soybean___healthy:::387.0,False
8,False,test--train,Soybean___healthy,train\Soybean___healthy\8bbeb1d3-6cf0-43a0-9beb-4ccf96e813da___RS_HL 5541.JPG,val\Soybean___healthy\7709cc6f-6462-4892-b63a-dc6d95ff8267___RS_HL 6776.JPG,Soybean___healthy:::318.0,Soybean___healthy:::446.0,False
8,False,test--train,Soybean___healthy,train\Soybean___healthy\8c01ceab-28ce-4b5c-bb2e-c779217d525f___RS_HL 3688.JPG,train\Soybean___healthy\2418e3f4-ae33-4bf6-871a-26d8e6e5bdc4___RS_HL 3877.JPG,Soybean___healthy:::104.0,Soybean___healthy:::126.0,False
8,False,test--train,Soybean___healthy,train\Soybean___healthy\8c01ceab-28ce-4b5c-bb2e-c779217d525f___RS_HL 3688.JPG,train\Soybean___healthy\6033b6c1-a12a-4c11-9e19-d7ec164b151c___RS_HL 3916.JPG,Soybean___healthy:::104.0,Soybean___healthy:::130.0,False
8,False,test--train,Soybean___healthy,train\Soybean___healthy\8c01ceab-28ce-4b5c-bb2e-c779217d525f___RS_HL 3688.JPG,train\Soybean___healthy\cc04950b-3c4c-4721-bdf4-8fa5007f7c60___RS_HL 3231.JPG,Soybean___healthy:::104.0,Soybean___healthy:::61.0,False
8,False,test--train,Soybean___healthy,train\Soybean___healthy\8c454d4a-55fd-47d5-8038-e9e818e3f489___RS_HL 6471.JPG,train\Soybean___healthy\0d2dfcca-1762-4b74-9393-e00ecb6fcff8___RS_HL 5756.JPG,Soybean___healthy:::418.0,Soybean___healthy:::357.0,False
8,False,test--train,Soybean___healthy,train\Soybean___healthy\8c583f4e-75d5-43d1-be0c-70d4d4c4aa06___RS_HL 4571.JPG,train\Soybean___healthy\23b37e74-50be-4c5f-b121-35854766cbfc___RS_HL 4508.JPG,Soybean___healthy:::209.0,Soybean___healthy:::202.0,False
8,False,test--train,Soybean___healthy,train\Soybean___healthy\8c76beff-437e-4c5a-8c6a-eed877004255___RS_HL 5331.JPG,train\Soybean___healthy\106959ce-ef15-4725-ad2f-d4bb93d4858e___RS_HL 3552.JPG,Soybean___healthy:::293.0,Soybean___healthy:::92.0,False
8,False,test--train,Soybean___healthy,train\Soybean___healthy\8c76beff-437e-4c5a-8c6a-eed877004255___RS_HL 5331.JPG,train\Soybean___healthy\67d35061-cc49-46b7-ba59-0bf8cb621da1___RS_HL 3978.JPG,Soybean___healthy:::293.0,Soybean___healthy:::137.0,False
8,False,test--train,Soybean___healthy,train\Soybean___healthy\8c76beff-437e-4c5a-8c6a-eed877004255___RS_HL 5331.JPG,train\Soybean___healthy\bab08778-33db-442d-a36f-cb421098ea76___RS_HL 5111.JPG,Soybean___healthy:::293.0,Soybean___healthy:::268.0,False
8,False,test--train,Soybean___healthy,train\Soybean___healthy\8eafaba5-43ac-4bd8-ab79-17d4e626a84d___RS_HL 6934.JPG,train\Soybean___healthy\14b118fd-affe-471c-a1cd-ae92b38e69b0___RS_HL 7422.JPG,Soybean___healthy:::457.0,Soybean___healthy:::497.0,False
8,False,test--train,Soybean___healthy,train\Soybean___healthy\8eafaba5-43ac-4bd8-ab79-17d4e626a84d___RS_HL 6934.JPG,train\Soybean___healthy\85d3c1c8-3577-4fa0-8383-6ce22eb0a023___RS_HL 6788.JPG,Soybean___healthy:::457.0,Soybean___healthy:::446.0,False
8,False,test--train,Soybean___healthy,train\Soybean___healthy\8f3d6483-25ab-40af-82c5-1ba4cfd78684___RS_HL 4694.JPG,val\Soybean___healthy\7310a63d-55f8-41f1-bba9-9bf3b0c2f447___RS_HL 4457.JPG,Soybean___healthy:::223.0,Soybean___healthy:::197.0,False
8,False,test--train,Soybean___healthy,train\Soybean___healthy\910ad222-33ca-4128-aaa0-7161653e5732___RS_HL 3054.JPG,train\Soybean___healthy\ecfb13fb-cbfa-4755-bc9b-c9737b830758___RS_HL 4620.JPG,Soybean___healthy:::42.0,Soybean___healthy:::214.0,False
8,False,test--train,Soybean___healthy,train\Soybean___healthy\91421bbd-477e-44cc-8f35-f5b5a56b10f1___RS_HL 2865.JPG,train\Soybean___healthy\7d618414-081c-46be-960b-b1c19c68a4c3___RS_HL 5743 1.JPG,Soybean___healthy:::20.0,Soybean___healthy:::354.0,False
8,False,test--train,Soybean___healthy,train\Soybean___healthy\91421bbd-477e-44cc-8f35-f5b5a56b10f1___RS_HL 2865.JPG,train\Soybean___healthy\c87321e2-d5a4-4153-b3b9-c099cdf1db5d___RS_HL 3828.JPG,Soybean___healthy:::20.0,Soybean___healthy:::120.0,False
8,False,test--train,Soybean___healthy,train\Soybean___healthy\9209bf0b-b8e7-48b6-a5a2-a89b29c5b163___RS_HL 7053.JPG,train\Soybean___healthy\2f99080a-2e4d-4d11-b658-8f60f64931cb___RS_HL 7161.JPG,Soybean___healthy:::467.0,Soybean___healthy:::476.0,False
8,False,test--train,Soybean___healthy,train\Soybean___healthy\9945bbac-128b-4fbe-86c1-046c123b5e6d___RS_HL 6917.JPG,train\Soybean___healthy\5d0e6049-14ad-4384-9012-75706e059238___RS_HL 7085.JPG,Soybean___healthy:::457.0,Soybean___healthy:::469.0,False
8,False,test--train,Soybean___healthy,train\Soybean___healthy\9945bbac-128b-4fbe-86c1-046c123b5e6d___RS_HL 6917.JPG,val\Soybean___healthy\cbe4eac0-dd7f-4a84-9fde-ad432fcde88a___RS_HL 5689 1.JPG,Soybean___healthy:::457.0,Soybean___healthy:::345.0,False
8,False,test--train,Soybean___healthy,train\Soybean___healthy\99ed9340-7586-46a7-93a4-5c5c740e1cef___RS_HL 4040.JPG,train\Soybean___healthy\616f8de1-291f-46fa-b899-c0d55533266c___RS_HL 4371.JPG,Soybean___healthy:::144.0,Soybean___healthy:::186.0,False
8,False,test--train,Soybean___healthy,train\Soybean___healthy\99ed9340-7586-46a7-93a4-5c5c740e1cef___RS_HL 4040.JPG,train\Soybean___healthy\99525cf7-be2d-4810-9728-18d82059f50b___RS_HL 4707.JPG,Soybean___healthy:::144.0,Soybean___healthy:::224.0,False
8,False,test--train,Soybean___healthy,train\Soybean___healthy\9b248f75-6d9e-48c1-a7c4-992fbe92f39d___RS_HL 5037.JPG,train\Soybean___healthy\769a9b40-57e7-4df6-976e-1d278559844f___RS_HL 4958.JPG,Soybean___healthy:::259.0,Soybean___healthy:::251.0,False
8,False,test--train,Soybean___healthy,train\Soybean___healthy\9b248f75-6d9e-48c1-a7c4-992fbe92f39d___RS_HL 5037.JPG,train\Soybean___healthy\ce0aa2a1-34b5-47ed-8928-aef3f76b9971___RS_HL 3649.JPG,Soybean___healthy:::259.0,Soybean___healthy:::100.0,False
8,False,test--train,Soybean___healthy,train\Soybean___healthy\9bf7f397-91a2-47d2-b758-2df4d371a79a___RS_HL 6428.JPG,val\Soybean___healthy\60f2d7a8-73d3-4f6a-b8c0-b60da38d9dd7___RS_HL 6569.JPG,Soybean___healthy:::413.0,Soybean___healthy:::427.0,False
8,False,test--train,Soybean___healthy,train\Soybean___healthy\a1115090-23ba-42c7-95a8-b53bed5256e3___RS_HL 5542.JPG,train\Soybean___healthy\4d317b82-dbae-4376-be92-4b16fe484225___RS_HL 6276.JPG,Soybean___healthy:::318.0,Soybean___healthy:::400.0,False
8,False,test--train,Soybean___healthy,train\Soybean___healthy\a152d5ee-1a63-4280-a4c8-c6844ddb9acf___RS_HL 5779.JPG,train\Soybean___healthy\3606076b-49b0-41ac-b6f2-ca8cf6db3322___RS_HL 6703.JPG,Soybean___healthy:::360.0,Soybean___healthy:::439.0,False
8,False,test--train,Soybean___healthy,train\Soybean___healthy\a152d5ee-1a63-4280-a4c8-c6844ddb9acf___RS_HL 5779.JPG,val\Soybean___healthy\3d713c06-1c1f-4992-aba7-ebc3ea3adae4___RS_HL 6804.JPG,Soybean___healthy:::360.0,Soybean___healthy:::448.0,False
8,False,test--train,Soybean___healthy,train\Soybean___healthy\a317c320-548b-48f1-881c-f09fbf0149b7___RS_HL 6316.JPG,val\Soybean___healthy\c0af9c7c-5444-4407-8025-7892938595bd___RS_HL 6506.JPG,Soybean___healthy:::403.0,Soybean___healthy:::420.0,False
8,False,test--train,Soybean___healthy,train\Soybean___healthy\a4923d70-6150-4d7d-8a46-f854fa5130a6___RS_HL 7055.JPG,train\Soybean___healthy\7c8a3f30-52d9-49cb-a694-531861b20abd___RS_HL 7178.JPG,Soybean___healthy:::467.0,Soybean___healthy:::477.0,False
8,False,test--train,Soybean___healthy,train\Soybean___healthy\a4c7f295-7567-465e-a148-c86aeef8bd5e___RS_HL 4242.JPG,train\Soybean___healthy\6483b972-99c7-44f4-a842-d5abf873f1c3___RS_HL 3789.JPG,Soybean___healthy:::170.0,Soybean___healthy:::116.0,False
8,False,test--train,Soybean___healthy,train\Soybean___healthy\a4c7f295-7567-465e-a148-c86aeef8bd5e___RS_HL 4242.JPG,train\Soybean___healthy\c2c17e57-e00c-4da2-ad1d-45752467e2a1___RS_HL 4417.JPG,Soybean___healthy:::170.0,Soybean___healthy:::192.0,False
8,False,test--train,Soybean___healthy,train\Soybean___healthy\a853bc5c-405d-4dbf-b109-e1eef08ba983___RS_HL 6964.JPG,train\Soybean___healthy\327c1e8b-0aec-4e49-b66b-8e53971506c0___RS_HL 6868.JPG,Soybean___healthy:::460.0,Soybean___healthy:::453.0,False
8,False,test--train,Soybean___healthy,train\Soybean___healthy\a8da3165-bbd3-4f30-a1e3-a6c2ad168188___RS_HL 4234.JPG,train\Soybean___healthy\0406daae-d529-48fc-b002-8d8d7fc19c02___RS_HL 4900.JPG,Soybean___healthy:::168.0,Soybean___healthy:::244.0,False
8,False,test--train,Soybean___healthy,train\Soybean___healthy\acdec70b-744a-4b9a-a9ef-4a8a8ddb1989___RS_HL 5073.JPG,train\Soybean___healthy\4b90a362-96c5-42ff-9753-56c58b494374___RS_HL 5236.JPG,Soybean___healthy:::263.0,Soybean___healthy:::282.0,False
8,False,test--train,Soybean___healthy,train\Soybean___healthy\b09ab269-e19c-4f53-80fe-ee7552d13a61___RS_HL 5502.JPG,train\Soybean___healthy\9aa57fb1-88fc-407b-a655-0a5601e35404___RS_HL 5697 1.JPG,Soybean___healthy:::313.0,Soybean___healthy:::347.0,False
8,False,test--train,Soybean___healthy,train\Soybean___healthy\b3d010c1-8c96-4674-b526-04a0874aa543___RS_HL 4839.JPG,train\Soybean___healthy\39482a7a-7543-4b4f-a009-e2646ec5ceec___RS_HL 4724.JPG,Soybean___healthy:::238.0,Soybean___healthy:::226.0,False
8,False,test--train,Soybean___healthy,train\Soybean___healthy\b3d010c1-8c96-4674-b526-04a0874aa543___RS_HL 4839.JPG,train\Soybean___healthy\5913fcc0-0eab-4e0d-9b72-36f134243f1a___RS_HL 7174.JPG,Soybean___healthy:::238.0,Soybean___healthy:::477.0,False
8,False,test--train,Soybean___healthy,train\Soybean___healthy\b3d010c1-8c96-4674-b526-04a0874aa543___RS_HL 4839.JPG,train\Soybean___healthy\d87c08c0-118c-4137-a2d2-49b695f1a283___RS_HL 5524 1.JPG,Soybean___healthy:::238.0,Soybean___healthy:::316.0,False
8,False,test--train,Soybean___healthy,train\Soybean___healthy\b3d010c1-8c96-4674-b526-04a0874aa543___RS_HL 4839.JPG,val\Soybean___healthy\b213ccbe-d570-4a14-b444-11b63606569b___RS_HL 7170.JPG,Soybean___healthy:::238.0,Soybean___healthy:::477.0,False
8,False,test--train,Soybean___healthy,train\Soybean___healthy\b4b751f7-7fe1-4ac9-9d43-41c5c18c4f7a___RS_HL 3291.JPG,train\Soybean___healthy\02939fee-0408-46de-81c7-e0ecf75fb9f5___RS_HL 4664.JPG,Soybean___healthy:::67.0,Soybean___healthy:::219.0,False
8,False,test--train,Soybean___healthy,train\Soybean___healthy\b5bf6916-482e-42fa-83b7-63ec393db2c0___RS_HL 5293.JPG,train\Soybean___healthy\1f1fd324-621f-4cf4-ad27-c5796c3cc23e___RS_HL 4168.JPG,Soybean___healthy:::289.0,Soybean___healthy:::160.0,False
8,False,test--train,Soybean___healthy,train\Soybean___healthy\b721f179-3b4f-48c4-9ec1-b5f68657dde2___RS_HL 6956.JPG,val\Soybean___healthy\ca63a91a-d478-4f70-9c16-a8b8bc7b45fa___RS_HL 5699 1.JPG,Soybean___healthy:::459.0,Soybean___healthy:::347.0,False
8,False,test--train,Soybean___healthy,train\Soybean___healthy\b8bcbd9f-0806-4b2e-a452-1c0acc7cd5d0___RS_HL 7005.JPG,train\Soybean___healthy\682581b9-eee2-4da1-a50b-879277e1030d___RS_HL 5510.JPG,Soybean___healthy:::463.0,Soybean___healthy:::314.0,False
8,False,test--train,Soybean___healthy,train\Soybean___healthy\b8bcbd9f-0806-4b2e-a452-1c0acc7cd5d0___RS_HL 7005.JPG,train\Soybean___healthy\aeeb787e-97c2-403a-941d-925e553909c8___RS_HL 6358.JPG,Soybean___healthy:::463.0,Soybean___healthy:::407.0,False
8,False,test--train,Soybean___healthy,train\Soybean___healthy\b8be4887-50a7-4d7d-bed7-97c1912d9d8c___RS_HL 5069.JPG,train\Soybean___healthy\62b59f90-d7bf-4f68-9a21-4c28dbe5f75f___RS_HL 3647.JPG,Soybean___healthy:::263.0,Soybean___healthy:::100.0,False
8,False,test--train,Soybean___healthy,train\Soybean___healthy\ba324657-c8bb-4aa4-964d-c08c0ac2d53c___RS_HL 5325.JPG,train\Soybean___healthy\099ab0cb-1350-48c4-8134-db73479c3401___RS_HL 3598.JPG,Soybean___healthy:::293.0,Soybean___healthy:::96.0,False
8,False,test--train,Soybean___healthy,train\Soybean___healthy\ba324657-c8bb-4aa4-964d-c08c0ac2d53c___RS_HL 5325.JPG,train\Soybean___healthy\a8e49f7b-fd02-4620-a80d-035b239f811e___RS_HL 4663.JPG,Soybean___healthy:::293.0,Soybean___healthy:::219.0,False
8,False,test--train,Soybean___healthy,train\Soybean___healthy\ba324657-c8bb-4aa4-964d-c08c0ac2d53c___RS_HL 5325.JPG,val\Soybean___healthy\7df58ed4-7e65-4d85-9c72-6140261981da___RS_HL 3759.JPG,Soybean___healthy:::293.0,Soybean___healthy:::112.0,False
8,False,test--train,Soybean___healthy,train\Soybean___healthy\bb880e71-85b8-469f-9f19-8ae8685eec31___RS_HL 5218.JPG,train\Soybean___healthy\dbabfc6b-cfcc-46a9-8d5b-7872649b7022___RS_HL 4897.JPG,Soybean___healthy:::280.0,Soybean___healthy:::244.0,False
8,False,test--train,Soybean___healthy,train\Soybean___healthy\be033c46-c6d3-4dfa-96e5-eb7d4cf1e3c8___RS_HL 5327.JPG,train\Soybean___healthy\4d4dbbb7-82e1-465c-92a4-0389befd6707___RS_HL 5182.JPG,Soybean___healthy:::293.0,Soybean___healthy:::276.0,False
8,False,test--train,Soybean___healthy,train\Soybean___healthy\be6b278a-5900-41a5-af06-4e06b005e7ed___RS_HL 4215.JPG,val\Soybean___healthy\c0af9c7c-5444-4407-8025-7892938595bd___RS_HL 6506.JPG,Soybean___healthy:::166.0,Soybean___healthy:::420.0,False
8,False,test--train,Soybean___healthy,train\Soybean___healthy\be8d6640-cdef-495f-902f-f9614d6f02d8___RS_HL 7008.JPG,train\Soybean___healthy\0f04ef1e-2a20-4986-9530-40707c70b708___RS_HL 7145.JPG,Soybean___healthy:::463.0,Soybean___healthy:::475.0,False
8,False,test--train,Soybean___healthy,train\Soybean___healthy\c162ce9e-ec88-4728-b07c-319f5565fdd1___RS_HL 4842.JPG,train\Soybean___healthy\efe605a5-b2ee-4a8f-9a3c-f0f20a6637bf___RS_HL 4563.JPG,Soybean___healthy:::238.0,Soybean___healthy:::208.0,False
8,False,test--train,Soybean___healthy,train\Soybean___healthy\c162ce9e-ec88-4728-b07c-319f5565fdd1___RS_HL 4842.JPG,val\Soybean___healthy\bfed1f55-5539-4624-9a65-318122c0305b___RS_HL 4130.JPG,Soybean___healthy:::238.0,Soybean___healthy:::155.0,False
8,False,test--train,Soybean___healthy,train\Soybean___healthy\c21e4288-abd0-471b-9dc0-9ab0c08d9acd___RS_HL 6932.JPG,train\Soybean___healthy\c2c17e57-e00c-4da2-ad1d-45752467e2a1___RS_HL 4417.JPG,Soybean___healthy:::457.0,Soybean___healthy:::192.0,False
8,False,test--train,Soybean___healthy,train\Soybean___healthy\c21e4288-abd0-471b-9dc0-9ab0c08d9acd___RS_HL 6932.JPG,train\Soybean___healthy\fae54d78-acec-407e-99ff-4f54a175fd6b___RS_HL 4938.JPG,Soybean___healthy:::457.0,Soybean___healthy:::249.0,False
8,False,test--train,Soybean___healthy,train\Soybean___healthy\c2655aee-1dc1-442b-ae1d-c244fb3df36d___RS_HL 6288.JPG,val\Soybean___healthy\b9347cdf-07f3-47bf-b6a6-9ad49633ffca___RS_HL 6695.JPG,Soybean___healthy:::401.0,Soybean___healthy:::439.0,False
8,False,test--train,Soybean___healthy,train\Soybean___healthy\c445cf8c-a7a7-4dd8-9a6b-8be767b69155___RS_HL 5036.JPG,train\Soybean___healthy\1ba3231b-301e-423b-b528-3afe5370d771___RS_HL 4527.JPG,Soybean___healthy:::259.0,Soybean___healthy:::204.0,False
8,False,test--train,Soybean___healthy,train\Soybean___healthy\c445cf8c-a7a7-4dd8-9a6b-8be767b69155___RS_HL 5036.JPG,train\Soybean___healthy\a465747e-9163-4ef5-9caa-7176df5d6538___RS_HL 7390.JPG,Soybean___healthy:::259.0,Soybean___healthy:::495.0,False
8,False,test--train,Soybean___healthy,train\Soybean___healthy\c5d2c802-cc50-4984-9fe9-b4589fbd3bc5___RS_HL 4841.JPG,train\Soybean___healthy\e42c585e-c681-4676-9622-85dc34729adf___RS_HL 4878.JPG,Soybean___healthy:::238.0,Soybean___healthy:::242.0,False
8,False,test--train,Soybean___healthy,train\Soybean___healthy\c817c154-2ac3-4b04-95fd-6372c39ab632___RS_HL 4214.JPG,train\Soybean___healthy\d13756c8-abfa-4e98-bafd-ddb960c09ad6___RS_HL 3384.JPG,Soybean___healthy:::166.0,Soybean___healthy:::76.0,False
8,False,test--train,Soybean___healthy,train\Soybean___healthy\ca0692a7-9a1b-4bcb-87ef-78c9995d7f25___RS_HL 4885.JPG,train\Soybean___healthy\19b698b1-7b58-4166-8286-19dfe50f9f3d___RS_HL 5387.JPG,Soybean___healthy:::243.0,Soybean___healthy:::300.0,False
8,False,test--train,Soybean___healthy,train\Soybean___healthy\ca0692a7-9a1b-4bcb-87ef-78c9995d7f25___RS_HL 4885.JPG,train\Soybean___healthy\f1060d7c-c5fd-4f33-a142-dd6799f34789___RS_HL 5358.JPG,Soybean___healthy:::243.0,Soybean___healthy:::297.0,False
8,False,test--train,Soybean___healthy,train\Soybean___healthy\cb05edd4-603f-462d-a12b-ed404f290e02___RS_HL 5321.JPG,train\Soybean___healthy\2c5befa2-001f-4d64-bf83-599cd2506ba0___RS_HL 4182.JPG,Soybean___healthy:::292.0,Soybean___healthy:::162.0,False
8,False,test--train,Soybean___healthy,train\Soybean___healthy\cb53611c-b47d-4068-92d5-df11f43e345e___RS_HL 6124.JPG,train\Soybean___healthy\2f99080a-2e4d-4d11-b658-8f60f64931cb___RS_HL 7161.JPG,Soybean___healthy:::389.0,Soybean___healthy:::476.0,False
8,False,test--train,Soybean___healthy,train\Soybean___healthy\cb8db48d-0eca-41de-b3d9-b9ced98ce9b8___RS_HL 6136.JPG,train\Soybean___healthy\3433fd01-b691-4c26-bba7-c60101b9c294___RS_HL 7193.JPG,Soybean___healthy:::389.0,Soybean___healthy:::479.0,False
8,False,test--train,Soybean___healthy,train\Soybean___healthy\cb8db48d-0eca-41de-b3d9-b9ced98ce9b8___RS_HL 6136.JPG,train\Soybean___healthy\aeeb787e-97c2-403a-941d-925e553909c8___RS_HL 6358.JPG,Soybean___healthy:::389.0,Soybean___healthy:::407.0,False
8,False,test--train,Soybean___healthy,train\Soybean___healthy\cb8db48d-0eca-41de-b3d9-b9ced98ce9b8___RS_HL 6136.JPG,train\Soybean___healthy\e257d6a2-5de1-4063-93e9-4ed9630ed260___RS_HL 5717 1.JPG,Soybean___healthy:::389.0,Soybean___healthy:::350.0,False
8,False,test--train,Soybean___healthy,train\Soybean___healthy\cb8db48d-0eca-41de-b3d9-b9ced98ce9b8___RS_HL 6136.JPG,train\Soybean___healthy\fa660cac-3b37-46ed-8be1-8453776d0567___RS_HL 6653.JPG,Soybean___healthy:::389.0,Soybean___healthy:::435.0,False
8,False,test--train,Soybean___healthy,train\Soybean___healthy\cc1586c9-2e49-43e7-84fa-f5ec4ec01c8e___RS_HL 7250.JPG,val\Soybean___healthy\de472a01-cb82-4e8f-bf24-71fbf20e0e91___RS_HL 7328.JPG,Soybean___healthy:::484.0,Soybean___healthy:::490.0,False
8,False,test--train,Soybean___healthy,train\Soybean___healthy\cd7a8f82-a728-4a4f-b9bc-a545cc713013___RS_HL 6138.JPG,train\Soybean___healthy\979d2bc0-4da7-4552-a645-19dab62ef602___RS_HL 3311.JPG,Soybean___healthy:::389.0,Soybean___healthy:::69.0,False
8,False,test--train,Soybean___healthy,train\Soybean___healthy\d306dd53-d4c6-4048-b1ff-e58aa9b240a5___RS_HL 4823.JPG,train\Soybean___healthy\debfdc2e-1b9c-47dc-b717-ad9d9ae801a3___RS_HL 4833.JPG,Soybean___healthy:::236.0,Soybean___healthy:::237.0,False
8,False,test--train,Soybean___healthy,train\Soybean___healthy\d306dd53-d4c6-4048-b1ff-e58aa9b240a5___RS_HL 4823.JPG,val\Soybean___healthy\edd05ee9-bfe5-4c78-8c3d-025c4c56ed51___RS_HL 4805.JPG,Soybean___healthy:::236.0,Soybean___healthy:::234.0,False
8,False,test--train,Soybean___healthy,train\Soybean___healthy\d3ebeb92-0c25-47ed-8a81-f845e0dfcd32___RS_HL 3044.JPG,train\Soybean___healthy\8301ef4a-4e67-44db-84a6-50147c7498eb___RS_HL 2887.JPG,Soybean___healthy:::41.0,Soybean___healthy:::23.0,False
8,False,test--train,Soybean___healthy,train\Soybean___healthy\d3ebeb92-0c25-47ed-8a81-f845e0dfcd32___RS_HL 3044.JPG,train\Soybean___healthy\f3c48c13-8f8b-489a-b00f-a392e901b2a3___RS_HL 3518.JPG,Soybean___healthy:::41.0,Soybean___healthy:::89.0,False
8,False,test--train,Soybean___healthy,train\Soybean___healthy\d609f367-ab3a-4100-b538-8f99d9bc58d2___RS_HL 5317.JPG,train\Soybean___healthy\a2776500-8eff-45ba-b6ae-db5f9a3be88e___RS_HL 6575.JPG,Soybean___healthy:::292.0,Soybean___healthy:::428.0,False
8,False,test--train,Soybean___healthy,train\Soybean___healthy\d631065f-c8a5-4603-87e9-b3a3605953f5___RS_HL 3504.JPG,train\Soybean___healthy\52a0253f-5f79-4f58-a507-1736b90063e6___RS_HL 5575 1.JPG,Soybean___healthy:::88.0,Soybean___healthy:::324.0,False
8,False,test--train,Soybean___healthy,train\Soybean___healthy\d64feb8f-a1c3-411b-825b-8e2f05b7889e___RS_HL 3023.JPG,train\Soybean___healthy\6cf51460-efb2-4b7d-be72-a755fb9b04e0___RS_HL 3460.JPG,Soybean___healthy:::38.0,Soybean___healthy:::83.0,False
8,False,test--train,Soybean___healthy,train\Soybean___healthy\d6b59993-dbc2-4c7f-aa46-078f3974fbac___RS_HL 6285.JPG,val\Soybean___healthy\7709cc6f-6462-4892-b63a-dc6d95ff8267___RS_HL 6776.JPG,Soybean___healthy:::401.0,Soybean___healthy:::446.0,False
8,False,test--train,Soybean___healthy,train\Soybean___healthy\d72081e2-61ba-4acf-8116-39539bdfadad___RS_HL 7263.JPG,val\Soybean___healthy\a727fd11-3525-420a-a224-a1efc92f2ab7___RS_HL 7353.JPG,Soybean___healthy:::485.0,Soybean___healthy:::492.0,False
8,False,test--train,Soybean___healthy,train\Soybean___healthy\dbbcd91a-bd9e-4af9-a40c-709eff9c8b96___RS_HL 5630 1.JPG,train\Soybean___healthy\90093ea4-d02b-4bed-8c86-7133453f618a___RS_HL 4584.JPG,Soybean___healthy:::334.0,Soybean___healthy:::210.0,False
8,False,test--train,Soybean___healthy,train\Soybean___healthy\dc39e297-db6e-4a94-ac2b-b44ffb36cb18___RS_HL 5257.JPG,val\Soybean___healthy\f2d74605-9dda-47fd-b573-36458abd6709___RS_HL 3113.JPG,Soybean___healthy:::285.0,Soybean___healthy:::48.0,False
8,False,test--train,Soybean___healthy,train\Soybean___healthy\dd289626-11e7-43d1-9b4d-66a2e8fa1d83___RS_HL 5430.JPG,train\Soybean___healthy\3b12dfc6-63e8-457b-bee3-97b99f9e89be___RS_HL 4409.JPG,Soybean___healthy:::305.0,Soybean___healthy:::191.0,False
8,False,test--train,Soybean___healthy,train\Soybean___healthy\df807f13-078b-4a6a-9c23-e43e540ecdc2___RS_HL 5590 1.JPG,train\Soybean___healthy\a08e9be4-11d6-42e3-8a8e-85e856e9b7be___RS_HL 4348.JPG,Soybean___healthy:::328.0,Soybean___healthy:::184.0,False
8,False,test--train,Soybean___healthy,train\Soybean___healthy\df807f13-078b-4a6a-9c23-e43e540ecdc2___RS_HL 5590 1.JPG,val\Soybean___healthy\de472a01-cb82-4e8f-bf24-71fbf20e0e91___RS_HL 7328.JPG,Soybean___healthy:::328.0,Soybean___healthy:::490.0,False
8,False,test--train,Soybean___healthy,train\Soybean___healthy\dfdb9d31-68a9-4ca0-92e9-cdfe615831fd___RS_HL 5914.JPG,val\Soybean___healthy\df34063d-8d1c-4eba-85e3-0ae7fe4622e7___RS_HL 6531.JPG,Soybean___healthy:::371.0,Soybean___healthy:::423.0,False
8,False,test--train,Soybean___healthy,train\Soybean___healthy\e05da7b8-15b4-43f2-9c89-f84607062f51___RS_HL 5792 1.JPG,train\Soybean___healthy\868612d1-0916-4301-91ab-effff623c055___RS_HL 4534.JPG,Soybean___healthy:::364.0,Soybean___healthy:::205.0,False
8,False,test--train,Soybean___healthy,train\Soybean___healthy\e14821dc-642e-4e93-ac9b-a79de4a011ea___RS_HL 7010.JPG,train\Soybean___healthy\15df4eb1-b310-4fc3-92d2-17eb147cfdc4___RS_HL 6356.JPG,Soybean___healthy:::463.0,Soybean___healthy:::407.0,False
8,False,test--train,Soybean___healthy,train\Soybean___healthy\e14821dc-642e-4e93-ac9b-a79de4a011ea___RS_HL 7010.JPG,train\Soybean___healthy\1b5d34e6-f5ba-4828-b465-6389f9e2348f___RS_HL 2911.JPG,Soybean___healthy:::463.0,Soybean___healthy:::26.0,False
8,False,test--train,Soybean___healthy,train\Soybean___healthy\e14821dc-642e-4e93-ac9b-a79de4a011ea___RS_HL 7010.JPG,train\Soybean___healthy\aeeb787e-97c2-403a-941d-925e553909c8___RS_HL 6358.JPG,Soybean___healthy:::463.0,Soybean___healthy:::407.0,False
8,False,test--train,Soybean___healthy,train\Soybean___healthy\e14821dc-642e-4e93-ac9b-a79de4a011ea___RS_HL 7010.JPG,train\Soybean___healthy\dd4bf9f1-3395-478e-a7b5-2caacdf8c2cd___RS_HL 6159.JPG,Soybean___healthy:::463.0,Soybean___healthy:::392.0,False
8,False,test--train,Soybean___healthy,train\Soybean___healthy\e14821dc-642e-4e93-ac9b-a79de4a011ea___RS_HL 7010.JPG,train\Soybean___healthy\fe891dad-132d-4b58-9acf-c4026bb15700___RS_HL 6859.JPG,Soybean___healthy:::463.0,Soybean___healthy:::452.0,False
8,False,test--train,Soybean___healthy,train\Soybean___healthy\e3b30628-2269-44c7-b2fc-43bd425a4991___RS_HL 4933.JPG,train\Soybean___healthy\64dc999c-535d-4ad9-b7db-2648037471ad___RS_HL 4963.JPG,Soybean___healthy:::248.0,Soybean___healthy:::251.0,False
8,False,test--train,Soybean___healthy,train\Soybean___healthy\e3b30628-2269-44c7-b2fc-43bd425a4991___RS_HL 4933.JPG,train\Soybean___healthy\a4c0092d-2a7b-4a86-80bd-54e79f6b2ee6___RS_HL 4049.JPG,Soybean___healthy:::248.0,Soybean___healthy:::145.0,False
8,False,test--train,Soybean___healthy,train\Soybean___healthy\e3b30628-2269-44c7-b2fc-43bd425a4991___RS_HL 4933.JPG,train\Soybean___healthy\e3857933-e537-4a7d-8bcc-bdcc9bcad188___RS_HL 4564.JPG,Soybean___healthy:::248.0,Soybean___healthy:::208.0,False
8,False,test--train,Soybean___healthy,train\Soybean___healthy\e50e5483-8e2c-46d6-bff9-add0c440368d___RS_HL 6373.JPG,train\Soybean___healthy\5f4524e9-682d-4313-8b4e-25198a44334d___RS_HL 5872.JPG,Soybean___healthy:::409.0,Soybean___healthy:::368.0,False
8,False,test--train,Soybean___healthy,train\Soybean___healthy\e50e5483-8e2c-46d6-bff9-add0c440368d___RS_HL 6373.JPG,train\Soybean___healthy\f59f4256-2b08-42e2-b610-c3cb593d7bed___RS_HL 6099.JPG,Soybean___healthy:::409.0,Soybean___healthy:::386.0,False
8,False,test--train,Soybean___healthy,train\Soybean___healthy\e7d662fb-6d32-46b9-be14-33a9ff0a6b90___RS_HL 4380.JPG,train\Soybean___healthy\8d107a33-dc39-4ae4-aa0d-cf297ba1189a___RS_HL 7509.JPG,Soybean___healthy:::187.0,Soybean___healthy:::505.0,False
8,False,test--train,Soybean___healthy,train\Soybean___healthy\e8baac0f-4f47-43b5-931b-e769e2315547___RS_HL 6425.JPG,train\Soybean___healthy\0a8f073a-78c9-46d9-909e-7e668f888156___RS_HL 5836.JPG,Soybean___healthy:::413.0,Soybean___healthy:::368.0,False
8,False,test--train,Soybean___healthy,train\Soybean___healthy\e9626ab3-4216-415b-b2f0-1611c727567e___RS_HL 6131.JPG,train\Soybean___healthy\31483abc-47bf-46fb-8b8b-882e4cde8c04___RS_HL 6068.JPG,Soybean___healthy:::389.0,Soybean___healthy:::384.0,False
8,False,test--train,Soybean___healthy,train\Soybean___healthy\e9daa68b-bb9d-4bfd-8e97-fd0f39e94939___RS_HL 4837.JPG,val\Soybean___healthy\14de119e-8dfc-4044-9717-124acbcf8e32___RS_HL 6816.JPG,Soybean___healthy:::238.0,Soybean___healthy:::449.0,False
8,False,test--train,Soybean___healthy,train\Soybean___healthy\edd09edd-862f-42dd-82d8-24552f169584___RS_HL 3739.JPG,train\Soybean___healthy\00b2688d-5c31-4bbb-8cb5-239839af41bd___RS_HL 3314.JPG,Soybean___healthy:::110.0,Soybean___healthy:::69.0,False
8,False,test--train,Soybean___healthy,train\Soybean___healthy\edd09edd-862f-42dd-82d8-24552f169584___RS_HL 3739.JPG,train\Soybean___healthy\d8eec67b-84c6-4aff-a9df-42fcc60227d9___RS_HL 3003.JPG,Soybean___healthy:::110.0,Soybean___healthy:::36.0,False
8,False,test--train,Soybean___healthy,train\Soybean___healthy\ee7e94d1-bbff-4410-95d4-9084da3b3e3e___RS_HL 5054.JPG,val\Soybean___healthy\1f90f5fe-3aa6-4e61-81e9-65fb50203112___RS_HL 5012.JPG,Soybean___healthy:::261.0,Soybean___healthy:::257.0,False
8,False,test--train,Soybean___healthy,train\Soybean___healthy\ee8b1116-0663-4c17-bcd7-c4628b4b4aff___RS_HL 4546.JPG,train\Soybean___healthy\1b701ad3-6b86-4ffc-89f7-68bd179aaa40___RS_HL 5124.JPG,Soybean___healthy:::206.0,Soybean___healthy:::269.0,False
8,False,test--train,Soybean___healthy,train\Soybean___healthy\ee8b1116-0663-4c17-bcd7-c4628b4b4aff___RS_HL 4546.JPG,train\Soybean___healthy\5540e274-4a43-4a4b-9c14-723ac00b31eb___RS_HL 7533.JPG,Soybean___healthy:::206.0,Soybean___healthy:::508.0,False
8,False,test--train,Soybean___healthy,train\Soybean___healthy\ee8b1116-0663-4c17-bcd7-c4628b4b4aff___RS_HL 4546.JPG,train\Soybean___healthy\a06495ad-7dd5-46b3-abbe-1237b5529b96___RS_HL 3696.JPG,Soybean___healthy:::206.0,Soybean___healthy:::105.0,False
8,False,test--train,Soybean___healthy,train\Soybean___healthy\eea15c30-1f7c-4d75-b48d-513f72339df4___RS_HL 5292.JPG,train\Soybean___healthy\271930ec-e6e3-4c8c-b50e-b131d2c61deb___RS_HL 4297.JPG,Soybean___healthy:::289.0,Soybean___healthy:::178.0,False
8,False,test--train,Soybean___healthy,train\Soybean___healthy\eea15c30-1f7c-4d75-b48d-513f72339df4___RS_HL 5292.JPG,train\Soybean___healthy\79ca5473-afda-4b69-82fc-7b031ae75b9c___RS_HL 6878.JPG,Soybean___healthy:::289.0,Soybean___healthy:::453.0,False
8,False,test--train,Soybean___healthy,train\Soybean___healthy\eea15c30-1f7c-4d75-b48d-513f72339df4___RS_HL 5292.JPG,train\Soybean___healthy\c2c17e57-e00c-4da2-ad1d-45752467e2a1___RS_HL 4417.JPG,Soybean___healthy:::289.0,Soybean___healthy:::192.0,False
8,False,test--train,Soybean___healthy,train\Soybean___healthy\efa3c5aa-f516-4dd4-8dba-69bd1f5480c2___RS_HL 3906.JPG,train\Soybean___healthy\b6e23551-9c82-44d2-b1a3-dc7eba2bf132___RS_HL 5723 1.JPG,Soybean___healthy:::129.0,Soybean___healthy:::351.0,False
8,False,test--train,Soybean___healthy,train\Soybean___healthy\f3128ad7-73e8-4514-9d80-3cc88e1b7293___RS_HL 3131.JPG,train\Soybean___healthy\077906a4-255c-4330-9fb6-e923f58ae1d4___RS_HL 3890.JPG,Soybean___healthy:::50.0,Soybean___healthy:::127.0,False
8,False,test--train,Soybean___healthy,train\Soybean___healthy\f3128ad7-73e8-4514-9d80-3cc88e1b7293___RS_HL 3131.JPG,train\Soybean___healthy\1cd0339b-fc9c-401d-98a0-90bc4fe4f036___RS_HL 4009.JPG,Soybean___healthy:::50.0,Soybean___healthy:::140.0,False
8,False,test--train,Soybean___healthy,train\Soybean___healthy\f3128ad7-73e8-4514-9d80-3cc88e1b7293___RS_HL 3131.JPG,train\Soybean___healthy\75d58c62-8600-481d-ae8e-7d21222d2dc0___RS_HL 3883.JPG,Soybean___healthy:::50.0,Soybean___healthy:::126.0,False
8,False,test--train,Soybean___healthy,train\Soybean___healthy\f3128ad7-73e8-4514-9d80-3cc88e1b7293___RS_HL 3131.JPG,val\Soybean___healthy\bd384051-25d7-47e4-b490-a85401afecea___RS_HL 4434.JPG,Soybean___healthy:::50.0,Soybean___healthy:::194.0,False
8,False,test--train,Soybean___healthy,train\Soybean___healthy\f4075c73-fcff-4a8f-8c31-80bb67d8f7ea___RS_HL 7252.JPG,val\Soybean___healthy\d022ba84-6871-43cb-8ff3-a61fb996712a___RS_HL 3227.JPG,Soybean___healthy:::484.0,Soybean___healthy:::60.0,False
8,False,test--train,Soybean___healthy,train\Soybean___healthy\f47dd8b4-adcc-4832-a895-ba02df2a854f___RS_HL 4541.JPG,train\Soybean___healthy\18496f91-1fd7-46df-a57b-395e15d1b458___RS_HL 3514.JPG,Soybean___healthy:::206.0,Soybean___healthy:::89.0,False
8,False,test--train,Soybean___healthy,train\Soybean___healthy\f47dd8b4-adcc-4832-a895-ba02df2a854f___RS_HL 4541.JPG,train\Soybean___healthy\39894cdf-a0d7-4d29-8611-9a9e2a32c647___RS_HL 3982.JPG,Soybean___healthy:::206.0,Soybean___healthy:::138.0,False
8,False,test--train,Soybean___healthy,train\Soybean___healthy\f66edfd0-3a2d-4b10-9a64-c9f464bd989e___RS_HL 5329.JPG,train\Soybean___healthy\a747b147-0ca8-4973-9232-7ca47ea3c1eb___RS_HL 3228.JPG,Soybean___healthy:::293.0,Soybean___healthy:::60.0,False
8,False,test--train,Soybean___healthy,train\Soybean___healthy\f66edfd0-3a2d-4b10-9a64-c9f464bd989e___RS_HL 5329.JPG,train\Soybean___healthy\b2f0f3c4-ade2-4ed0-a7fe-ebd963ad97a8___RS_HL 3866.JPG,Soybean___healthy:::293.0,Soybean___healthy:::124.0,False
8,False,test--train,Soybean___healthy,train\Soybean___healthy\f66edfd0-3a2d-4b10-9a64-c9f464bd989e___RS_HL 5329.JPG,val\Soybean___healthy\4e548c3e-2e6f-4625-971b-5955b8ee836e___RS_HL 3549.JPG,Soybean___healthy:::293.0,Soybean___healthy:::92.0,False
8,False,test--train,Soybean___healthy,train\Soybean___healthy\f701dd0f-3033-4673-bb29-aa8e827a1122___RS_HL 6961.JPG,train\Soybean___healthy\bc08ebe0-9689-4385-9a06-7d9641de5366___RS_HL 6171.JPG,Soybean___healthy:::460.0,Soybean___healthy:::392.0,False
8,False,test--train,Soybean___healthy,train\Soybean___healthy\f71652a8-c6c2-4f4d-b48e-55e9eb7b10e0___RS_HL 3911.JPG,train\Soybean___healthy\4b90a362-96c5-42ff-9753-56c58b494374___RS_HL 5236.JPG,Soybean___healthy:::129.0,Soybean___healthy:::282.0,False
8,False,test--train,Soybean___healthy,train\Soybean___healthy\f71652a8-c6c2-4f4d-b48e-55e9eb7b10e0___RS_HL 3911.JPG,train\Soybean___healthy\dd2c720e-a184-4d25-a72e-752869d405c7___RS_HL 4461.JPG,Soybean___healthy:::129.0,Soybean___healthy:::197.0,False
8,False,test--train,Soybean___healthy,train\Soybean___healthy\f7989458-20b9-4b08-8fb1-7cf4be78dafe___RS_HL 3447.JPG,train\Soybean___healthy\482bb92a-9b28-4707-a266-a3fcccd0ae8c___RS_HL 5187.JPG,Soybean___healthy:::82.0,Soybean___healthy:::276.0,False
8,False,test--train,Soybean___healthy,train\Soybean___healthy\f7fb9a56-8346-42f6-b5e4-15490350b649___RS_HL 4840.JPG,val\Soybean___healthy\ba7af1cf-c424-4e43-8611-c70b0c057ce0___RS_HL 4074.JPG,Soybean___healthy:::238.0,Soybean___healthy:::148.0,False
8,False,test--train,Soybean___healthy,train\Soybean___healthy\f93ccd71-d207-4661-a4f0-2efa3cf157de___RS_HL 5332.JPG,train\Soybean___healthy\dbea768b-7918-4e5a-9f65-b9b1d33af75c___RS_HL 3248.JPG,Soybean___healthy:::293.0,Soybean___healthy:::63.0,False
8,False,test--train,Soybean___healthy,train\Soybean___healthy\f97de549-3656-407f-a17f-5f6a566803c8___RS_HL 5222.JPG,train\Soybean___healthy\ae0d4da6-60d7-4644-b1cb-be04690e7a43___RS_HL 3753.JPG,Soybean___healthy:::280.0,Soybean___healthy:::112.0,False
8,False,test--train,Soybean___healthy,train\Soybean___healthy\fa3719b4-87d2-46db-9166-9869eaf1bb6f___RS_HL 3448.JPG,train\Soybean___healthy\08d73958-ca13-45ba-a1d8-6b704fe2671c___RS_HL 5083.JPG,Soybean___healthy:::82.0,Soybean___healthy:::264.0,False
8,False,test--train,Soybean___healthy,train\Soybean___healthy\fa51553a-4211-4ad7-bcef-36d2a2ebc407___RS_HL 4843.JPG,val\Soybean___healthy\185fee87-55c5-4965-81dc-ed31a238b970___RS_HL 4926.JPG,Soybean___healthy:::238.0,Soybean___healthy:::247.0,False
8,False,test--train,Soybean___healthy,train\Soybean___healthy\fc182d60-6f3d-4ec2-adca-e0bd2dfc422f___RS_HL 6969.JPG,train\Soybean___healthy\aeeb787e-97c2-403a-941d-925e553909c8___RS_HL 6358.JPG,Soybean___healthy:::460.0,Soybean___healthy:::407.0,False
8,False,test--train,Soybean___healthy,train\Soybean___healthy\fe5623c0-af61-4fda-bb98-16436efad92d___RS_HL 5033.JPG,train\Soybean___healthy\6866ee58-983b-4c67-aa7e-3b701d331167___RS_HL 4517.JPG,Soybean___healthy:::259.0,Soybean___healthy:::203.0,False
8,False,test--train,Soybean___healthy,train\Soybean___healthy\fe5623c0-af61-4fda-bb98-16436efad92d___RS_HL 5033.JPG,train\Soybean___healthy\b3e3e409-a953-4b6c-8c4a-cdd507104d7d___RS_HL 5578 1.JPG,Soybean___healthy:::259.0,Soybean___healthy:::324.0,False
8,False,test--train,Soybean___healthy,train\Soybean___healthy\fe9abcc5-51b6-4524-bc31-e56e1683df72___RS_HL 7007.JPG,train\Soybean___healthy\2175ba24-2c2f-4ce9-8f4c-6e8ccb9e02aa___RS_HL 6551.JPG,Soybean___healthy:::463.0,Soybean___healthy:::425.0,False
8,False,test--train,Soybean___healthy,train\Soybean___healthy\fe9abcc5-51b6-4524-bc31-e56e1683df72___RS_HL 7007.JPG,train\Soybean___healthy\979d2bc0-4da7-4552-a645-19dab62ef602___RS_HL 3311.JPG,Soybean___healthy:::463.0,Soybean___healthy:::69.0,False
8,False,test--train,Soybean___healthy,train\Soybean___healthy\fe9abcc5-51b6-4524-bc31-e56e1683df72___RS_HL 7007.JPG,train\Soybean___healthy\fa9aa347-413b-4509-a335-176585fffca8___RS_HL 7194.JPG,Soybean___healthy:::463.0,Soybean___healthy:::479.0,False
8,False,test--train,Soybean___healthy,val\Soybean___healthy\01b1351b-b2b7-42ab-9d7e-0273118d6027___RS_HL 4822.JPG,train\Soybean___healthy\782617a1-1915-42d9-b0d0-e975ec92d380___RS_HL 7346.JPG,Soybean___healthy:::236.0,Soybean___healthy:::492.0,False
8,False,test--train,Soybean___healthy,val\Soybean___healthy\077dba2d-f181-44bb-8e81-6ac6a540df0f___RS_HL 3714.JPG,train\Soybean___healthy\a4012ceb-cf11-4468-8a77-4f097f68554c___RS_HL 5169.JPG,Soybean___healthy:::107.0,Soybean___healthy:::274.0,False
8,False,test--train,Soybean___healthy,val\Soybean___healthy\08845b90-776a-48ce-b481-b7a58353efde___RS_HL 3802.JPG,train\Soybean___healthy\542d69cb-3895-4085-8644-ea0b9697baa4___RS_HL 3470.JPG,Soybean___healthy:::117.0,Soybean___healthy:::84.0,False
8,False,test--train,Soybean___healthy,val\Soybean___healthy\0d2616e4-9fa2-453b-b3aa-778d3335312f___RS_HL 3798.JPG,train\Soybean___healthy\c1719cc5-4bff-49d5-a20b-c4b2e270a117___RS_HL 4016.JPG,Soybean___healthy:::117.0,Soybean___healthy:::141.0,False
8,False,test--train,Soybean___healthy,val\Soybean___healthy\0e7617e5-8ef1-45be-83ca-04465a10f5de___RS_HL 6717.JPG,train\Soybean___healthy\d13756c8-abfa-4e98-bafd-ddb960c09ad6___RS_HL 3384.JPG,Soybean___healthy:::441.0,Soybean___healthy:::76.0,False
8,False,test--train,Soybean___healthy,val\Soybean___healthy\1ab475d4-4a4a-472b-8dea-4db22cc4c683___RS_HL 7221.JPG,train\Soybean___healthy\025fbddb-6c84-410a-9789-9461821ec1df___RS_HL 7318.JPG,Soybean___healthy:::482.0,Soybean___healthy:::490.0,False
8,False,test--train,Soybean___healthy,val\Soybean___healthy\1ab475d4-4a4a-472b-8dea-4db22cc4c683___RS_HL 7221.JPG,train\Soybean___healthy\5190d3c9-c2ae-46bb-b9f6-a2db68f89917___RS_HL 3957.JPG,Soybean___healthy:::482.0,Soybean___healthy:::135.0,False
8,False,test--train,Soybean___healthy,val\Soybean___healthy\1ba63a9d-673b-47f1-8440-a03fa8bd2332___RS_HL 4501.JPG,train\Soybean___healthy\eb47d8f1-6664-434f-aa31-6f17c29eef6a___RS_HL 7477.JPG,Soybean___healthy:::201.0,Soybean___healthy:::503.0,False
8,False,test--train,Soybean___healthy,val\Soybean___healthy\1ba63a9d-673b-47f1-8440-a03fa8bd2332___RS_HL 4501.JPG,val\Soybean___healthy\185fee87-55c5-4965-81dc-ed31a238b970___RS_HL 4926.JPG,Soybean___healthy:::201.0,Soybean___healthy:::247.0,False
8,False,test--train,Soybean___healthy,val\Soybean___healthy\1cbfb5cb-c542-4503-93ac-a20c189aeb00___RS_HL 5429.JPG,val\Soybean___healthy\385b63d0-82e9-4099-bb46-5e62469b4c65___RS_HL 3749.JPG,Soybean___healthy:::305.0,Soybean___healthy:::111.0,False
8,False,test--train,Soybean___healthy,val\Soybean___healthy\348b7a27-4f5f-4153-96e5-086fa43f0ae3___RS_HL 4041.JPG,val\Soybean___healthy\cebfd46f-2c21-49a0-ab19-7c6db44ceeb0___RS_HL 5079.JPG,Soybean___healthy:::144.0,Soybean___healthy:::264.0,False
8,False,test--train,Soybean___healthy,val\Soybean___healthy\36b0770c-8274-4623-abed-39c691fbfc80___RS_HL 5629 1.JPG,val\Soybean___healthy\2d2ea817-99d5-43e2-98db-85881451a360___RS_HL 3040.JPG,Soybean___healthy:::334.0,Soybean___healthy:::40.0,False
8,False,test--train,Soybean___healthy,val\Soybean___healthy\3758aaac-d3db-41b6-8a41-ff21fcb1657e___RS_HL 5505.JPG,val\Soybean___healthy\1917ad20-c665-40ba-88e6-36dd69133b64___RS_HL 5558 1.JPG,Soybean___healthy:::313.0,Soybean___healthy:::322.0,False
8,False,test--train,Soybean___healthy,val\Soybean___healthy\3758aaac-d3db-41b6-8a41-ff21fcb1657e___RS_HL 5505.JPG,val\Soybean___healthy\5510e8d6-d957-42f9-b8d0-6231c4b2cf4f___RS_HL 3535.JPG,Soybean___healthy:::313.0,Soybean___healthy:::91.0,False
8,False,test--train,Soybean___healthy,val\Soybean___healthy\42082722-38c1-4ee6-b60c-8259452b0c45___RS_HL 6949.JPG,train\Soybean___healthy\8697d736-f4c7-420d-a8de-8230c217b901___RS_HL 6947.JPG,Soybean___healthy:::459.0,Soybean___healthy:::458.0,False
8,False,test--train,Soybean___healthy,val\Soybean___healthy\4437e149-d413-4d45-b7f9-13201ab8bd8a___RS_HL 4882.JPG,train\Soybean___healthy\e67b3438-c1bc-438d-aea3-10cf53b487bd___RS_HL 6273.JPG,Soybean___healthy:::243.0,Soybean___healthy:::400.0,False
8,False,test--train,Soybean___healthy,val\Soybean___healthy\45111462-346e-4065-9079-d44a2d9c19cb___RS_HL 4820.JPG,train\Soybean___healthy\12a2ab1f-a6f1-475a-8cd6-59b03fdede6f___RS_HL 4315.JPG,Soybean___healthy:::236.0,Soybean___healthy:::180.0,False
8,False,test--train,Soybean___healthy,val\Soybean___healthy\45111462-346e-4065-9079-d44a2d9c19cb___RS_HL 4820.JPG,train\Soybean___healthy\677d90be-b87e-4656-867f-d5995e01c603___RS_HL 4267.JPG,Soybean___healthy:::236.0,Soybean___healthy:::174.0,False
8,False,test--train,Soybean___healthy,val\Soybean___healthy\4dc4d209-4bf9-48d0-a29d-d2afecef0502___RS_HL 3742.JPG,train\Soybean___healthy\a264b885-c0d1-405c-b5c6-8200fd9a14ed___RS_HL 6279.JPG,Soybean___healthy:::110.0,Soybean___healthy:::400.0,False
8,False,test--train,Soybean___healthy,val\Soybean___healthy\561d3eaf-4ff0-4580-9958-55494bf3a88b___RS_HL 6420.JPG,val\Soybean___healthy\34efa61b-cac1-4fad-8b7b-af512a83147c___RS_HL 5855.JPG,Soybean___healthy:::413.0,Soybean___healthy:::367.0,False
8,False,test--train,Soybean___healthy,val\Soybean___healthy\7aefdc99-b1a2-41bb-9a55-b1b81c17b489___RS_HL 5428.JPG,train\Soybean___healthy\47bbc4a0-8f50-4a88-8962-48acfb9b1d50___RS_HL 2857.JPG,Soybean___healthy:::305.0,Soybean___healthy:::19.0,False
8,False,test--train,Soybean___healthy,val\Soybean___healthy\7aefdc99-b1a2-41bb-9a55-b1b81c17b489___RS_HL 5428.JPG,train\Soybean___healthy\9e205939-5851-43c2-af2a-b801252e1312___RS_HL 3462.JPG,Soybean___healthy:::305.0,Soybean___healthy:::83.0,False
8,False,test--train,Soybean___healthy,val\Soybean___healthy\85f4524b-89ad-41b5-99d5-9b3d1d40627d___RS_HL 5631 1.JPG,train\Soybean___healthy\c07e5e99-6b6c-4ba7-8b6c-7d27e3db2a4a___RS_HL 6515.JPG,Soybean___healthy:::334.0,Soybean___healthy:::421.0,False
8,False,test--train,Soybean___healthy,val\Soybean___healthy\8c3f04ca-9461-4ed1-87f2-4d2a32e61c90___RS_HL 3022.JPG,train\Soybean___healthy\279b5ff1-a8dd-40dd-8d5a-ba7fce53f517___RS_HL 3752.JPG,Soybean___healthy:::38.0,Soybean___healthy:::111.0,False
8,False,test--train,Soybean___healthy,val\Soybean___healthy\8c3f04ca-9461-4ed1-87f2-4d2a32e61c90___RS_HL 3022.JPG,train\Soybean___healthy\508c47f8-19ac-4899-a339-dffdd7faf020___RS_HL 4317.JPG,Soybean___healthy:::38.0,Soybean___healthy:::180.0,False
8,False,test--train,Soybean___healthy,val\Soybean___healthy\9664f7f6-4780-467e-8368-62dd94313ac8___RS_HL 4213.JPG,train\Soybean___healthy\0e9302be-0336-416d-a461-282b18955083___RS_HL 5093.JPG,Soybean___healthy:::166.0,Soybean___healthy:::266.0,False
8,False,test--train,Soybean___healthy,val\Soybean___healthy\a28857ad-12e4-4ff7-8041-b00dba31dc57___RS_HL 5584 1.JPG,train\Soybean___healthy\d1f81bac-3d5e-46e2-b311-ac83eb6ba43b___RS_HL 3419.JPG,Soybean___healthy:::326.0,Soybean___healthy:::78.0,False
8,False,test--train,Soybean___healthy,val\Soybean___healthy\a42971fd-504a-4e21-8393-634200122495___RS_HL 7006.JPG,train\Soybean___healthy\ff9887d9-1cf0-44d1-b1c5-cf991d759211___RS_HL 6230.JPG,Soybean___healthy:::463.0,Soybean___healthy:::397.0,False
8,False,test--train,Soybean___healthy,val\Soybean___healthy\b8ad57b9-9a02-4252-892b-57b296c7f425___RS_HL 5031.JPG,train\Soybean___healthy\ca9ed23b-87b3-4ed8-bb7c-4c7a337c2980___RS_HL 5013.JPG,Soybean___healthy:::259.0,Soybean___healthy:::257.0,False
8,False,test--train,Soybean___healthy,val\Soybean___healthy\be968c24-ac7b-4d45-925c-b4776a6adb73___RS_HL 5030.JPG,val\Soybean___healthy\47050283-ffbc-44a5-9b21-2c35121ebf6d___RS_HL 4055.JPG,Soybean___healthy:::259.0,Soybean___healthy:::146.0,False
8,False,test--train,Soybean___healthy,val\Soybean___healthy\be968c24-ac7b-4d45-925c-b4776a6adb73___RS_HL 5030.JPG,val\Soybean___healthy\880fe73b-1c15-4bad-b847-1c8d90b49149___RS_HL 4068.JPG,Soybean___healthy:::259.0,Soybean___healthy:::147.0,False
8,False,test--train,Soybean___healthy,val\Soybean___healthy\c2135eb9-8e38-460a-bfb5-dd8ec00bc739___RS_HL 5208.JPG,train\Soybean___healthy\e2e9bc58-3fb5-4933-8964-12ec7a8c8168___RS_HL 4077.JPG,Soybean___healthy:::279.0,Soybean___healthy:::148.0,False
8,False,test--train,Soybean___healthy,val\Soybean___healthy\c606f357-d8b8-426d-be13-dd488dd387d3___RS_HL 3453.JPG,train\Soybean___healthy\4bb2941f-574c-415e-a180-4df0c9defe9b___RS_HL 3669.JPG,Soybean___healthy:::82.0,Soybean___healthy:::102.0,False
8,False,test--train,Soybean___healthy,val\Soybean___healthy\c606f357-d8b8-426d-be13-dd488dd387d3___RS_HL 3453.JPG,val\Soybean___healthy\5a9aaf42-24dc-4646-b49a-e16618360ffc___RS_HL 5272.JPG,Soybean___healthy:::82.0,Soybean___healthy:::286.0,False
8,False,test--train,Soybean___healthy,val\Soybean___healthy\c8709084-2549-4c4a-bd8f-19580fc8676d___RS_HL 5177.JPG,train\Soybean___healthy\19de8dd0-f636-4608-9c08-a6b82f7d2924___RS_HL 4164.JPG,Soybean___healthy:::275.0,Soybean___healthy:::159.0,False
8,False,test--train,Soybean___healthy,val\Soybean___healthy\d368f087-3644-4c26-8837-2be13a3105e9___RS_HL 4500.JPG,train\Soybean___healthy\504d1070-3f0f-4550-80ab-025510f3cbf8___RS_HL 3301.JPG,Soybean___healthy:::201.0,Soybean___healthy:::68.0,False
8,False,test--train,Soybean___healthy,val\Soybean___healthy\daa91624-f9bc-438b-b3a4-19bbdae8470b___RS_HL 7314.JPG,train\Soybean___healthy\93d994eb-4f40-4b79-b09b-1a0bbc7e6f14___RS_HL 5235.JPG,Soybean___healthy:::489.0,Soybean___healthy:::282.0,False
8,False,test--train,Soybean___healthy,val\Soybean___healthy\ff050cbf-3f4d-4294-b192-086d0b351c34___RS_HL 5594 1.JPG,train\Soybean___healthy\64fe4099-f5d1-4c59-af2f-31d1a6349f7d___RS_HL 5183.JPG,Soybean___healthy:::328.0,Soybean___healthy:::276.0,False
8,False,test--train,Squash___Powdery_mildew,train\Squash___Powdery_mildew\7d2a3cb5-bb2f-4f0d-84d7-0b627f5453cb___UMD_Powd.M 9899 copy.jpg,train\Squash___Powdery_mildew\4dd3011c-33e6-4911-80c2-fc782765b29c___UMD_Powd.M 9900.JPG,,,True
8,False,test--train,Strawberry___Leaf_scorch,val\Strawberry___Leaf_scorch\fdedf2e3-5378-4470-a5cb-d282022cdc22___RS_L.Scorch 1209.JPG,train\Strawberry___Leaf_scorch\1a0eaf21-1ae4-4018-807a-af8667ed0811___RS_L.Scorch 0064.JPG,Strawberry___Leaf_scorch:::36.0,,True
8,False,test--train,Tomato___Bacterial_spot,train\Tomato___Bacterial_spot\01a3cf3f-94c1-44d5-8972-8c509d62558e___GCREC_Bact.Sp 3396.JPG,train\Tomato___Bacterial_spot\317e1357-d86b-4bfa-a492-e8bbd461acc7___GCREC_Bact.Sp 6314.JPG,Tomato___Bacterial_spot:::113.0,Tomato___Bacterial_spot:::420.0,False
8,False,test--train,Tomato___Bacterial_spot,train\Tomato___Bacterial_spot\02fd4e60-db82-441c-87f6-08de768a4462___GCREC_Bact.Sp 5547.JPG,train\Tomato___Bacterial_spot\d78cf219-53eb-4269-830d-e1822caa8fdd___GCREC_Bact.Sp 5755.JPG,Tomato___Bacterial_spot:::230.0,Tomato___Bacterial_spot:::282.0,False
8,False,test--train,Tomato___Bacterial_spot,train\Tomato___Bacterial_spot\05530c50-5cb9-484f-91d0-82c9df7689d5___GCREC_Bact.Sp 6051.JPG,train\Tomato___Bacterial_spot\4fc4c293-30a0-4207-b880-603ad3afcbd8___GCREC_Bact.Sp 5931.JPG,Tomato___Bacterial_spot:::355.0,Tomato___Bacterial_spot:::325.0,False
8,False,test--train,Tomato___Bacterial_spot,train\Tomato___Bacterial_spot\0e591ff9-a58f-4748-ac0f-984233f441af___GCREC_Bact.Sp 3292.JPG,train\Tomato___Bacterial_spot\608ca2c7-8302-4863-a04b-6919da642ae9___GCREC_Bact.Sp 3070.JPG,Tomato___Bacterial_spot:::87.0,Tomato___Bacterial_spot:::32.0,False
8,False,test--train,Tomato___Bacterial_spot,train\Tomato___Bacterial_spot\1f6a4e82-1d08-48d0-a488-1a787c854484___GCREC_Bact.Sp 5905.JPG,train\Tomato___Bacterial_spot\0a64655c-4052-4e5f-a696-2a6cf25d10c9___GCREC_Bact.Sp 6017.JPG,Tomato___Bacterial_spot:::319.0,Tomato___Bacterial_spot:::346.0,False
8,False,test--train,Tomato___Bacterial_spot,train\Tomato___Bacterial_spot\1f6a4e82-1d08-48d0-a488-1a787c854484___GCREC_Bact.Sp 5905.JPG,train\Tomato___Bacterial_spot\1c286bba-a5c0-466f-a52d-960d300d135f___GCREC_Bact.Sp 6077.JPG,Tomato___Bacterial_spot:::319.0,Tomato___Bacterial_spot:::361.0,False
8,False,test--train,Tomato___Bacterial_spot,train\Tomato___Bacterial_spot\268422eb-2e4a-433b-bad2-d5e63a5e765d___GCREC_Bact.Sp 3466.JPG,train\Tomato___Bacterial_spot\cf155207-09bc-454e-a31b-0d469c9bb3d7___GCREC_Bact.Sp 2989.JPG,Tomato___Bacterial_spot:::131.0,Tomato___Bacterial_spot:::11.0,False
8,False,test--train,Tomato___Bacterial_spot,train\Tomato___Bacterial_spot\3381632e-1e9b-4141-b6a2-b42c8fd06c87___GCREC_Bact.Sp 6009.JPG,train\Tomato___Bacterial_spot\0ab41c2e-c6fc-4ef1-9ffb-ce1b241d32be___GCREC_Bact.Sp 3426.JPG,Tomato___Bacterial_spot:::344.0,Tomato___Bacterial_spot:::121.0,False
8,False,test--train,Tomato___Bacterial_spot,train\Tomato___Bacterial_spot\4a5a1551-dd56-4fce-971c-4d7166afaff1___GCREC_Bact.Sp 3113.JPG,val\Tomato___Bacterial_spot\f2ea99a2-3e21-45ff-adf0-b7cfdd955d68___GCREC_Bact.Sp 5959.JPG,Tomato___Bacterial_spot:::42.0,Tomato___Bacterial_spot:::332.0,False
8,False,test--train,Tomato___Bacterial_spot,train\Tomato___Bacterial_spot\4d02e3e4-c583-402a-adc0-b258c8a3384f___UF.GRC_BS_Lab Leaf 0287.JPG,val\Tomato___Bacterial_spot\bcc50c85-c7d1-4da7-a121-e15d028aef69___UF.GRC_BS_Lab Leaf 0295.JPG,Tomato___Bacterial_spot:::449.0,Tomato___Bacterial_spot:::450.0,False
8,False,test--train,Tomato___Bacterial_spot,train\Tomato___Bacterial_spot\54692b7d-86bd-45db-b3c7-30dc1964a137___GCREC_Bact.Sp 6265.JPG,train\Tomato___Bacterial_spot\7ea2b89c-9357-444c-8118-007a8f2a2b5d___GCREC_Bact.Sp 5852.JPG,Tomato___Bacterial_spot:::408.0,Tomato___Bacterial_spot:::306.0,False
8,False,test--train,Tomato___Bacterial_spot,train\Tomato___Bacterial_spot\54692b7d-86bd-45db-b3c7-30dc1964a137___GCREC_Bact.Sp 6265.JPG,train\Tomato___Bacterial_spot\c89a5319-7f76-4e6e-ad4e-808a4af55891___GCREC_Bact.Sp 3210.JPG,Tomato___Bacterial_spot:::408.0,Tomato___Bacterial_spot:::67.0,False
8,False,test--train,Tomato___Bacterial_spot,train\Tomato___Bacterial_spot\5c973c59-c8da-4a3a-bd99-a645d0f83936___GCREC_Bact.Sp 6362.JPG,train\Tomato___Bacterial_spot\805d07e6-2190-4c8a-9267-75b1c0477a04___GCREC_Bact.Sp 3010.JPG,Tomato___Bacterial_spot:::431.0,Tomato___Bacterial_spot:::17.0,False
8,False,test--train,Tomato___Bacterial_spot,train\Tomato___Bacterial_spot\5cc48c5c-f74c-4e20-820f-e03f8bff3e3e___GCREC_Bact.Sp 6008.JPG,train\Tomato___Bacterial_spot\4fc4c293-30a0-4207-b880-603ad3afcbd8___GCREC_Bact.Sp 5931.JPG,Tomato___Bacterial_spot:::344.0,Tomato___Bacterial_spot:::325.0,False
8,False,test--train,Tomato___Bacterial_spot,train\Tomato___Bacterial_spot\5cc48c5c-f74c-4e20-820f-e03f8bff3e3e___GCREC_Bact.Sp 6008.JPG,train\Tomato___Bacterial_spot\fe9f6122-ab3f-46bb-b9db-fee295881270___GCREC_Bact.Sp 6341.JPG,Tomato___Bacterial_spot:::344.0,Tomato___Bacterial_spot:::426.0,False
8,False,test--train,Tomato___Bacterial_spot,train\Tomato___Bacterial_spot\61c2fc74-79b0-4c16-8d6e-14d054281bc8___GCREC_Bact.Sp 3086.JPG,train\Tomato___Bacterial_spot\166a69a7-cae0-4e6e-ac75-bc207a5335f4___GCREC_Bact.Sp 5705.JPG,Tomato___Bacterial_spot:::36.0,Tomato___Bacterial_spot:::269.0,False
8,False,test--train,Tomato___Bacterial_spot,train\Tomato___Bacterial_spot\61c2fc74-79b0-4c16-8d6e-14d054281bc8___GCREC_Bact.Sp 3086.JPG,train\Tomato___Bacterial_spot\3b41dc98-4539-4b3d-9400-2867156db0fc___GCREC_Bact.Sp 3483.JPG,Tomato___Bacterial_spot:::36.0,Tomato___Bacterial_spot:::135.0,False
8,False,test--train,Tomato___Bacterial_spot,train\Tomato___Bacterial_spot\669e40d9-4ef8-4f22-82c1-778bf0895ac6___GCREC_Bact.Sp 3166.JPG,val\Tomato___Bacterial_spot\4f107108-ac41-4921-b933-4e041604de61___GCREC_Bact.Sp 5579.JPG,Tomato___Bacterial_spot:::56.0,Tomato___Bacterial_spot:::238.0,False
8,False,test--train,Tomato___Bacterial_spot,train\Tomato___Bacterial_spot\67ce4b75-dbd6-446e-bcd6-2f58d407ed04___GCREC_Bact.Sp 3378.JPG,train\Tomato___Bacterial_spot\03707c27-7f95-4f19-a173-1c0c74653fdf___GCREC_Bact.Sp 3046.JPG,Tomato___Bacterial_spot:::109.0,Tomato___Bacterial_spot:::26.0,False
8,False,test--train,Tomato___Bacterial_spot,train\Tomato___Bacterial_spot\67ce4b75-dbd6-446e-bcd6-2f58d407ed04___GCREC_Bact.Sp 3378.JPG,train\Tomato___Bacterial_spot\be344c1c-8799-4065-bd7a-d94dd7873520___GCREC_Bact.Sp 6214.JPG,Tomato___Bacterial_spot:::109.0,Tomato___Bacterial_spot:::395.0,False
8,False,test--train,Tomato___Bacterial_spot,train\Tomato___Bacterial_spot\6c3b5a9c-61fa-4818-ba3b-176cd83e2b19___GCREC_Bact.Sp 5605.JPG,train\Tomato___Bacterial_spot\dfa62ef3-e71a-49c9-b3fc-6b1c72fa3408___GCREC_Bact.Sp 3176.JPG,Tomato___Bacterial_spot:::244.0,Tomato___Bacterial_spot:::58.0,False
8,False,test--train,Tomato___Bacterial_spot,train\Tomato___Bacterial_spot\6c3b5a9c-61fa-4818-ba3b-176cd83e2b19___GCREC_Bact.Sp 5605.JPG,val\Tomato___Bacterial_spot\8e2b3e53-24b7-4817-a50f-c5e972b9ae83___GCREC_Bact.Sp 5856.JPG,Tomato___Bacterial_spot:::244.0,Tomato___Bacterial_spot:::307.0,False
8,False,test--train,Tomato___Bacterial_spot,train\Tomato___Bacterial_spot\6d746b6c-52f8-4831-b541-c74d0984c130___GCREC_Bact.Sp 3169.JPG,train\Tomato___Bacterial_spot\d78cf219-53eb-4269-830d-e1822caa8fdd___GCREC_Bact.Sp 5755.JPG,Tomato___Bacterial_spot:::56.0,Tomato___Bacterial_spot:::282.0,False
8,False,test--train,Tomato___Bacterial_spot,train\Tomato___Bacterial_spot\6d746b6c-52f8-4831-b541-c74d0984c130___GCREC_Bact.Sp 3169.JPG,train\Tomato___Bacterial_spot\dfa62ef3-e71a-49c9-b3fc-6b1c72fa3408___GCREC_Bact.Sp 3176.JPG,Tomato___Bacterial_spot:::56.0,Tomato___Bacterial_spot:::58.0,False
8,False,test--train,Tomato___Bacterial_spot,train\Tomato___Bacterial_spot\7d7dec42-befd-43ca-bff4-c669ce75634b___GCREC_Bact.Sp 5987.JPG,train\Tomato___Bacterial_spot\30caf9f1-d21d-449a-a534-e29316b7a020___GCREC_Bact.Sp 5876.JPG,Tomato___Bacterial_spot:::339.0,Tomato___Bacterial_spot:::312.0,False
8,False,test--train,Tomato___Bacterial_spot,train\Tomato___Bacterial_spot\855bbef5-e9fc-4c0c-b3cc-d9321fa9596e___GCREC_Bact.Sp 5947.JPG,train\Tomato___Bacterial_spot\1fcebd34-f196-4909-abd1-6d9413d9b4b4___GCREC_Bact.Sp 3304.JPG,Tomato___Bacterial_spot:::329.0,Tomato___Bacterial_spot:::90.0,False
8,False,test--train,Tomato___Bacterial_spot,train\Tomato___Bacterial_spot\855bbef5-e9fc-4c0c-b3cc-d9321fa9596e___GCREC_Bact.Sp 5947.JPG,train\Tomato___Bacterial_spot\360c7149-e544-48d4-bed2-2b03a10cbfe4___GCREC_Bact.Sp 2988.JPG,Tomato___Bacterial_spot:::329.0,Tomato___Bacterial_spot:::11.0,False
8,False,test--train,Tomato___Bacterial_spot,train\Tomato___Bacterial_spot\855bbef5-e9fc-4c0c-b3cc-d9321fa9596e___GCREC_Bact.Sp 5947.JPG,train\Tomato___Bacterial_spot\71bbf536-8d96-427e-8dd5-1f330b24aff9___GCREC_Bact.Sp 2982.JPG,Tomato___Bacterial_spot:::329.0,Tomato___Bacterial_spot:::10.0,False
8,False,test--train,Tomato___Bacterial_spot,train\Tomato___Bacterial_spot\855bbef5-e9fc-4c0c-b3cc-d9321fa9596e___GCREC_Bact.Sp 5947.JPG,train\Tomato___Bacterial_spot\7f62023d-4d14-42af-b98f-ac7fc4280bbf___GCREC_Bact.Sp 5759.JPG,Tomato___Bacterial_spot:::329.0,Tomato___Bacterial_spot:::283.0,False
8,False,test--train,Tomato___Bacterial_spot,train\Tomato___Bacterial_spot\855bbef5-e9fc-4c0c-b3cc-d9321fa9596e___GCREC_Bact.Sp 5947.JPG,train\Tomato___Bacterial_spot\885c07cf-7443-4cc6-ba15-cc8e75aa7ebe___GCREC_Bact.Sp 6016.JPG,Tomato___Bacterial_spot:::329.0,Tomato___Bacterial_spot:::346.0,False
8,False,test--train,Tomato___Bacterial_spot,train\Tomato___Bacterial_spot\855bbef5-e9fc-4c0c-b3cc-d9321fa9596e___GCREC_Bact.Sp 5947.JPG,train\Tomato___Bacterial_spot\a04e5c65-ae00-495e-b732-6c7030e32fc1___GCREC_Bact.Sp 2962.JPG,Tomato___Bacterial_spot:::329.0,Tomato___Bacterial_spot:::5.0,False
8,False,test--train,Tomato___Bacterial_spot,train\Tomato___Bacterial_spot\954e415f-a2ae-42ba-ac21-fdd41da95ff2___GCREC_Bact.Sp 5935.JPG,train\Tomato___Bacterial_spot\19a19d0b-373f-497a-89bf-ea941ff5e12b___GCREC_Bact.Sp 3124.JPG,Tomato___Bacterial_spot:::326.0,Tomato___Bacterial_spot:::45.0,False
8,False,test--train,Tomato___Bacterial_spot,train\Tomato___Bacterial_spot\a19a6fda-96bc-4ae1-821e-765518e86d00___GCREC_Bact.Sp 5844.JPG,train\Tomato___Bacterial_spot\dec2db16-8bae-42e0-9b02-8e3d9f0793cc___GCREC_Bact.Sp 5697.JPG,Tomato___Bacterial_spot:::304.0,Tomato___Bacterial_spot:::267.0,False
8,False,test--train,Tomato___Bacterial_spot,train\Tomato___Bacterial_spot\a658a5b1-c587-4757-81a8-a299b0944616___GCREC_Bact.Sp 6019.JPG,val\Tomato___Bacterial_spot\b2045ca9-7594-4ff9-a2ae-4faef86160ba___GCREC_Bact.Sp 5816.JPG,Tomato___Bacterial_spot:::347.0,Tomato___Bacterial_spot:::297.0,False
8,False,test--train,Tomato___Bacterial_spot,train\Tomato___Bacterial_spot\c0e3fc41-4d61-4a2d-a1e0-f5d658803182___GCREC_Bact.Sp 5975.JPG,train\Tomato___Bacterial_spot\b9d57ea9-6651-4a64-a6ec-6551ac190d5c___GCREC_Bact.Sp 3078.JPG,Tomato___Bacterial_spot:::336.0,Tomato___Bacterial_spot:::34.0,False
8,False,test--train,Tomato___Bacterial_spot,train\Tomato___Bacterial_spot\d489099b-31cf-484f-a0d6-46f24e6875ab___GCREC_Bact.Sp 3523.JPG,train\Tomato___Bacterial_spot\8e97cba6-8d12-420d-b2a7-914af21e0c7b___GCREC_Bact.Sp 6066.JPG,Tomato___Bacterial_spot:::145.0,Tomato___Bacterial_spot:::358.0,False
8,False,test--train,Tomato___Bacterial_spot,train\Tomato___Bacterial_spot\e8b966f1-b1e8-460d-899f-73a3780a36e4___GCREC_Bact.Sp 6179.JPG,train\Tomato___Bacterial_spot\166a69a7-cae0-4e6e-ac75-bc207a5335f4___GCREC_Bact.Sp 5705.JPG,Tomato___Bacterial_spot:::387.0,Tomato___Bacterial_spot:::269.0,False
8,False,test--train,Tomato___Bacterial_spot,train\Tomato___Bacterial_spot\e8b966f1-b1e8-460d-899f-73a3780a36e4___GCREC_Bact.Sp 6179.JPG,train\Tomato___Bacterial_spot\360c7149-e544-48d4-bed2-2b03a10cbfe4___GCREC_Bact.Sp 2988.JPG,Tomato___Bacterial_spot:::387.0,Tomato___Bacterial_spot:::11.0,False
8,False,test--train,Tomato___Bacterial_spot,train\Tomato___Bacterial_spot\e8b966f1-b1e8-460d-899f-73a3780a36e4___GCREC_Bact.Sp 6179.JPG,train\Tomato___Bacterial_spot\3b41dc98-4539-4b3d-9400-2867156db0fc___GCREC_Bact.Sp 3483.JPG,Tomato___Bacterial_spot:::387.0,Tomato___Bacterial_spot:::135.0,False
8,False,test--train,Tomato___Bacterial_spot,train\Tomato___Bacterial_spot\f0793e2c-2033-4511-ba00-dbd2c42ce3c1___GCREC_Bact.Sp 3226.JPG,train\Tomato___Bacterial_spot\fc594562-7b84-4049-8095-7e23b7ecba2f___GCREC_Bact.Sp 5910.JPG,Tomato___Bacterial_spot:::71.0,Tomato___Bacterial_spot:::320.0,False
8,False,test--train,Tomato___Bacterial_spot,train\Tomato___Bacterial_spot\f103eb02-d5b1-4601-8de4-674286ee8a6c___GCREC_Bact.Sp 6129.JPG,train\Tomato___Bacterial_spot\cc2e453a-3331-4385-baab-e0935661bba4___GCREC_Bact.Sp 3590.JPG,Tomato___Bacterial_spot:::374.0,Tomato___Bacterial_spot:::161.0,False
8,False,test--train,Tomato___Bacterial_spot,train\Tomato___Bacterial_spot\f103eb02-d5b1-4601-8de4-674286ee8a6c___GCREC_Bact.Sp 6129.JPG,train\Tomato___Bacterial_spot\fc6a1ebf-65e5-45f1-be33-1f2bd3dc4d71___GCREC_Bact.Sp 3511.JPG,Tomato___Bacterial_spot:::374.0,Tomato___Bacterial_spot:::142.0,False
8,False,test--train,Tomato___Bacterial_spot,train\Tomato___Bacterial_spot\f1cd9194-f7ea-41c0-bfba-9b9e30c52ec7___GCREC_Bact.Sp 5938.JPG,val\Tomato___Bacterial_spot\287e0f27-ed49-42b0-b4f2-a8a95ff21dad___GCREC_Bact.Sp 5839.JPG,Tomato___Bacterial_spot:::326.0,Tomato___Bacterial_spot:::302.0,False
8,False,test--train,Tomato___Bacterial_spot,train\Tomato___Bacterial_spot\f2fbcaa9-66a4-4937-a531-bfbe1a8956d1___GCREC_Bact.Sp 6091.JPG,train\Tomato___Bacterial_spot\18a58445-cf57-41cd-93f8-ebb9d5f66118___GCREC_Bact.Sp 6200.JPG,Tomato___Bacterial_spot:::365.0,Tomato___Bacterial_spot:::392.0,False
8,False,test--train,Tomato___Bacterial_spot,train\Tomato___Bacterial_spot\f2fbcaa9-66a4-4937-a531-bfbe1a8956d1___GCREC_Bact.Sp 6091.JPG,train\Tomato___Bacterial_spot\a8a3dd0c-7729-46bb-87f9-23c2345e955a___GCREC_Bact.Sp 5703.JPG,Tomato___Bacterial_spot:::365.0,Tomato___Bacterial_spot:::269.0,False
8,False,test--train,Tomato___Bacterial_spot,train\Tomato___Bacterial_spot\f31f2360-da0a-434a-8469-ebd257c4c29c___GCREC_Bact.Sp 5751.JPG,val\Tomato___Bacterial_spot\177b8ce1-d77a-41d7-93ac-852d37d69faa___GCREC_Bact.Sp 3390.JPG,Tomato___Bacterial_spot:::281.0,Tomato___Bacterial_spot:::112.0,False
8,False,test--train,Tomato___Bacterial_spot,train\Tomato___Bacterial_spot\f666c0a8-9564-43af-aa93-14192a43816c___GCREC_Bact.Sp 5673.JPG,train\Tomato___Bacterial_spot\51cb7cc6-9562-4d43-9b6d-0bf168ea8ddd___GCREC_Bact.Sp 5854.JPG,Tomato___Bacterial_spot:::261.0,Tomato___Bacterial_spot:::306.0,False
8,False,test--train,Tomato___Bacterial_spot,train\Tomato___Bacterial_spot\f92bb674-d3ff-480e-aa28-53d227491d95___GCREC_Bact.Sp 5949.JPG,train\Tomato___Bacterial_spot\8dea4cc9-85a5-412f-b16b-6bd339b9429d___GCREC_Bact.Sp 6069.JPG,Tomato___Bacterial_spot:::329.0,Tomato___Bacterial_spot:::359.0,False
8,False,test--train,Tomato___Bacterial_spot,val\Tomato___Bacterial_spot\03e6cea1-1c09-420a-a22e-2c29844004d1___GCREC_Bact.Sp 3076.JPG,val\Tomato___Bacterial_spot\3423b48a-9ded-4b8f-b552-1121e156f932___GCREC_Bact.Sp 5894.JPG,Tomato___Bacterial_spot:::33.0,Tomato___Bacterial_spot:::316.0,False
8,False,test--train,Tomato___Bacterial_spot,val\Tomato___Bacterial_spot\158e6da7-6371-4575-b2e2-a42be9b0beed___GCREC_Bact.Sp 3042.JPG,train\Tomato___Bacterial_spot\767eb77f-de18-4314-a465-4df8d442f468___GCREC_Bact.Sp 5951.JPG,Tomato___Bacterial_spot:::25.0,Tomato___Bacterial_spot:::330.0,False
8,False,test--train,Tomato___Bacterial_spot,val\Tomato___Bacterial_spot\1664fff5-8d2e-4615-a448-2dd093c0df82___GCREC_Bact.Sp 3290.JPG,train\Tomato___Bacterial_spot\2279def6-9a9e-43cd-8f35-9111fa81ab13___GCREC_Bact.Sp 5952.JPG,Tomato___Bacterial_spot:::87.0,Tomato___Bacterial_spot:::330.0,False
8,False,test--train,Tomato___Bacterial_spot,val\Tomato___Bacterial_spot\2300bcf2-b682-4be7-a101-e4517c15a32b___GCREC_Bact.Sp 2980.JPG,train\Tomato___Bacterial_spot\f790b5c0-15b7-4adc-916f-fd4add9a72dd___GCREC_Bact.Sp 3128.JPG,Tomato___Bacterial_spot:::9.0,Tomato___Bacterial_spot:::46.0,False
8,False,test--train,Tomato___Bacterial_spot,val\Tomato___Bacterial_spot\3392b4ec-48ed-468b-9a33-c3c53ab2dfa4___GCREC_Bact.Sp 3291.JPG,train\Tomato___Bacterial_spot\45fdc702-5ea8-43a9-acad-2bd8d3fe5c55___GCREC_Bact.Sp 3636.JPG,Tomato___Bacterial_spot:::87.0,Tomato___Bacterial_spot:::173.0,False
8,False,test--train,Tomato___Bacterial_spot,val\Tomato___Bacterial_spot\7b3ae7bd-0438-47a3-88ef-f8096e0fca60___GCREC_Bact.Sp 3229.JPG,train\Tomato___Bacterial_spot\1120ddb9-d30f-4683-adf6-a30779648b49___GCREC_Bact.Sp 3408.JPG,Tomato___Bacterial_spot:::71.0,Tomato___Bacterial_spot:::116.0,False
8,False,test--train,Tomato___Bacterial_spot,val\Tomato___Bacterial_spot\86f57694-e1ee-490a-a8c0-433674828fb7___GCREC_Bact.Sp 5940.JPG,train\Tomato___Bacterial_spot\90658246-1e73-4771-942c-17722d5e4634___GCREC_Bact.Sp 2967.JPG,Tomato___Bacterial_spot:::327.0,Tomato___Bacterial_spot:::6.0,False
8,False,test--train,Tomato___Bacterial_spot,val\Tomato___Bacterial_spot\8f6373d0-3b5a-4c5f-8b45-e5efe5a2fb5f___GCREC_Bact.Sp 5711.JPG,train\Tomato___Bacterial_spot\5360a154-707e-47fe-94cf-dbe155b648bd___GCREC_Bact.Sp 3270.JPG,Tomato___Bacterial_spot:::271.0,Tomato___Bacterial_spot:::82.0,False
8,False,test--train,Tomato___Bacterial_spot,val\Tomato___Bacterial_spot\b5f208b2-bfa5-4542-bbd3-265519820575___GCREC_Bact.Sp 6127.JPG,train\Tomato___Bacterial_spot\624cc670-b52c-4322-994d-07872d31d72c___GCREC_Bact.Sp 5979.JPG,Tomato___Bacterial_spot:::374.0,Tomato___Bacterial_spot:::337.0,False
8,False,test--train,Tomato___Bacterial_spot,val\Tomato___Bacterial_spot\b5f208b2-bfa5-4542-bbd3-265519820575___GCREC_Bact.Sp 6127.JPG,train\Tomato___Bacterial_spot\d78cf219-53eb-4269-830d-e1822caa8fdd___GCREC_Bact.Sp 5755.JPG,Tomato___Bacterial_spot:::374.0,Tomato___Bacterial_spot:::282.0,False
8,False,test--train,Tomato___Bacterial_spot,val\Tomato___Bacterial_spot\d9abd611-5a0a-4d54-8c73-8df2c7f909d2___GCREC_Bact.Sp 5815.JPG,train\Tomato___Bacterial_spot\35411663-291f-4dbd-a89f-7d9c8eb01d56___GCREC_Bact.Sp 3158.JPG,Tomato___Bacterial_spot:::296.0,Tomato___Bacterial_spot:::54.0,False
8,False,test--train,Tomato___Bacterial_spot,val\Tomato___Bacterial_spot\da0ffa44-de62-4314-acb2-59218f5deeb5___GCREC_Bact.Sp 6010.JPG,train\Tomato___Bacterial_spot\b90cb55e-b1fb-47b5-90f9-543845814e68___GCREC_Bact.Sp 6029.JPG,Tomato___Bacterial_spot:::344.0,Tomato___Bacterial_spot:::349.0,False
8,False,test--train,Tomato___Late_blight,train\Tomato___Late_blight\04540250-4926-47a6-9240-e047a04befc5___GHLB2 Leaf 9019.JPG,train\Tomato___Late_blight\014d4972-1301-46d3-afc4-56470b774137___GHLB2 Leaf 8831.JPG,,,True
8,False,test--train,Tomato___Late_blight,train\Tomato___Late_blight\06412832-90d3-4713-9e82-f2cca52dadc8___GHLB2 Leaf 8734.JPG,train\Tomato___Late_blight\98e780fb-2eab-49ab-89c0-6e2b3516a461___GHLB2 Leaf 8610.JPG,,,True
8,False,test--train,Tomato___Late_blight,train\Tomato___Late_blight\07672c2f-860a-455f-9fa4-f761f4bc090e___RS_Late.B 5017.JPG,train\Tomato___Late_blight\2260ae60-08dc-4e6e-abd7-c9aed84163ea___RS_Late.B 5032.JPG,Tomato___Late_blight:::35.0,Tomato___Late_blight:::38.0,False
8,False,test--train,Tomato___Late_blight,train\Tomato___Late_blight\0ab391bd-e5ba-479c-919b-3aa9a94f66db___GHLB2 Leaf 8934.JPG,train\Tomato___Late_blight\59cf2a70-1658-4f1d-b35c-dfe02630a28a___GHLB2 Leaf 8938.JPG,,,True
8,False,test--train,Tomato___Late_blight,train\Tomato___Late_blight\1a9a2cbf-75f3-4dd9-93ef-3d3c58e97d06___GHLB2 Leaf 8666.JPG,train\Tomato___Late_blight\2830b7f1-f265-482b-b0bf-ed5b49d71c99___GHLB2 Leaf 8992.JPG,,,True
8,False,test--train,Tomato___Late_blight,train\Tomato___Late_blight\233f5fca-7077-4175-a29f-57f310ea7879___GHLB_PS Leaf 51 Day 18.jpg,val\Tomato___Late_blight\e64d0e92-dbc2-44c2-b96a-3da5dc3a1c39___GHLB_PS Leaf 15.1 Day 8.jpg,,,True
8,False,test--train,Tomato___Late_blight,train\Tomato___Late_blight\2485b2a9-a492-4a45-bb4b-bb63edefb7ef___GHLB2 Leaf 9084.JPG,train\Tomato___Late_blight\91b7baba-9b15-4f24-9db7-86ca95ac884c___GHLB2 Leaf 9087.JPG,,,True
8,False,test--train,Tomato___Late_blight,train\Tomato___Late_blight\25fa2bdf-15e3-4330-8e54-1cbf6b714d3d___GHLB2 Leaf 133.JPG,train\Tomato___Late_blight\2a49b85e-6b7a-4a55-82c3-f596ed09f82d___GHLB2 Leaf 133.1.JPG,,,True
8,False,test--train,Tomato___Late_blight,train\Tomato___Late_blight\413905e7-1e22-4f6a-a74f-2346c050a037___GHLB2 Leaf 8763.JPG,train\Tomato___Late_blight\464e9931-7a53-4059-b244-0066297f0a8f___GHLB2 Leaf 8841.JPG,,,True
8,False,test--train,Tomato___Late_blight,train\Tomato___Late_blight\42925d12-5478-4773-acdd-88b8361f8bb9___RS_Late.B 5458.JPG,val\Tomato___Late_blight\3de17184-cbec-4397-813e-1bbc3bc5cb6a___RS_Late.B 7050.JPG,Tomato___Late_blight:::98.0,Tomato___Late_blight:::216.0,False
8,False,test--train,Tomato___Late_blight,train\Tomato___Late_blight\5a7059b0-82e8-441e-8d8a-02521d0fa602___GHLB2 Leaf 9058.JPG,train\Tomato___Late_blight\eedd252b-1d20-4cc8-94ca-b8800334996c___GHLB2 Leaf 8667.JPG,,,True
8,False,test--train,Tomato___Late_blight,train\Tomato___Late_blight\5a7059b0-82e8-441e-8d8a-02521d0fa602___GHLB2 Leaf 9058.JPG,val\Tomato___Late_blight\b6457b32-7732-4caf-a316-74021b265359___GHLB2 Leaf 9054.JPG,,,True
8,False,test--train,Tomato___Late_blight,train\Tomato___Late_blight\670337a4-55b1-4312-8644-3545b1fcc06f___GHLB2 Leaf 8902.JPG,train\Tomato___Late_blight\1e095cdc-6a71-4ae4-9709-be97b5668454___GHLB2 Leaf 8845.JPG,,,True
8,False,test--train,Tomato___Late_blight,train\Tomato___Late_blight\72644544-d9a0-442b-9992-e37ed7565d97___GHLB2 Leaf 8904.JPG,val\Tomato___Late_blight\1def69ef-c2f3-4052-8f02-b397428c7580___GHLB2 Leaf 8627.JPG,,,True
8,False,test--train,Tomato___Late_blight,train\Tomato___Late_blight\89996998-a74f-46f5-8e5f-790a66dbd652___GHLB2 Leaf 8826.JPG,train\Tomato___Late_blight\5acc6d4e-6ca5-4a1b-b0bd-7678c6c280f9___GHLB2 Leaf 8709.JPG,,,True
8,False,test--train,Tomato___Late_blight,train\Tomato___Late_blight\89996998-a74f-46f5-8e5f-790a66dbd652___GHLB2 Leaf 8826.JPG,train\Tomato___Late_blight\c483c433-f51f-4e00-beb8-642a07628971___GHLB2 Leaf 8960.JPG,,,True
8,False,test--train,Tomato___Late_blight,train\Tomato___Late_blight\89996998-a74f-46f5-8e5f-790a66dbd652___GHLB2 Leaf 8826.JPG,val\Tomato___Late_blight\f14bdea6-8f1d-47c4-ab6f-dbf05c994901___GHLB2 Leaf 9046.JPG,,,True
8,False,test--train,Tomato___Late_blight,train\Tomato___Late_blight\91cb766d-bbfe-405b-8211-8dbfb6888c12___GHLB2 Leaf 8963.JPG,train\Tomato___Late_blight\14113767-0c24-4607-97bc-04dccb35a23c___GHLB2 Leaf 8966.JPG,,,True
8,False,test--train,Tomato___Late_blight,train\Tomato___Late_blight\974a15f0-913a-41ab-b5a4-30015f159902___GHLB2 Leaf 8792.JPG,train\Tomato___Late_blight\b5397b14-c009-41b4-b828-45203ffa2d22___GHLB2 Leaf 8986.JPG,,,True
8,False,test--train,Tomato___Late_blight,train\Tomato___Late_blight\974a15f0-913a-41ab-b5a4-30015f159902___GHLB2 Leaf 8792.JPG,train\Tomato___Late_blight\c6dd1b5a-316b-468a-837a-707071a1ff98___GHLB2 Leaf 8790.JPG,,,True
8,False,test--train,Tomato___Late_blight,train\Tomato___Late_blight\974a15f0-913a-41ab-b5a4-30015f159902___GHLB2 Leaf 8792.JPG,val\Tomato___Late_blight\46edfbcd-876e-4310-bba7-bae2b8fcc773___GHLB2 Leaf 9069.JPG,,,True
8,False,test--train,Tomato___Late_blight,train\Tomato___Late_blight\9f946f43-424a-41be-9f91-b14fa3f2b37a___GHLB2 Leaf 8892.JPG,train\Tomato___Late_blight\cd68ccb3-8745-4307-a7d0-15c6f4aa26f9___GHLB2 Leaf 8891.JPG,,,True
8,False,test--train,Tomato___Late_blight,train\Tomato___Late_blight\c933f19c-7b00-4dca-b2c4-94d3b9212f92___GHLB2 Leaf 8985.JPG,train\Tomato___Late_blight\b5397b14-c009-41b4-b828-45203ffa2d22___GHLB2 Leaf 8986.JPG,,,True
8,False,test--train,Tomato___Late_blight,train\Tomato___Late_blight\c933f19c-7b00-4dca-b2c4-94d3b9212f92___GHLB2 Leaf 8985.JPG,val\Tomato___Late_blight\65576adf-cef4-4f1a-8b7c-881e8729bdbf___GHLB2 Leaf 147.JPG,,,True
8,False,test--train,Tomato___Late_blight,train\Tomato___Late_blight\cebd5337-bb61-4454-93da-bba4169f0802___GHLB2 Leaf 145.JPG,train\Tomato___Late_blight\37621a3b-a1df-4052-bd30-40ac0f04252a___GHLB2 Leaf 149.1.JPG,,,True
8,False,test--train,Tomato___Late_blight,train\Tomato___Late_blight\d4f4500b-9ebe-41fe-84ed-00278dc646b7___GHLB2 Leaf 9017.JPG,train\Tomato___Late_blight\56c7bdb1-9b7e-40fc-8ec5-97e20770426b___GHLB2 Leaf 8951.JPG,,,True
8,False,test--train,Tomato___Late_blight,train\Tomato___Late_blight\e2f784ec-10de-4556-8dea-47c9d2c4e791___GHLB2 Leaf 147.2.JPG,train\Tomato___Late_blight\6c7243ea-1e4b-4166-ae4c-9f99bb84fe4d___GHLB2 Leaf 128.2.JPG,,,True
8,False,test--train,Tomato___Late_blight,val\Tomato___Late_blight\1d83eef4-92a0-42a2-9ea7-1ec2e683dbc0___GHLB2 Leaf 8809.JPG,train\Tomato___Late_blight\35baedd2-975e-4a48-b468-5b7203bab631___GHLB2 Leaf 8936.JPG,,,True
8,False,test--train,Tomato___Late_blight,val\Tomato___Late_blight\1d83eef4-92a0-42a2-9ea7-1ec2e683dbc0___GHLB2 Leaf 8809.JPG,val\Tomato___Late_blight\2248836f-550a-4183-a2d8-5ff5f87e1800___GHLB2 Leaf 8810.JPG,,,True
8,False,test--train,Tomato___Late_blight,val\Tomato___Late_blight\29587a7b-a64d-4d2e-8fab-d0ec587e8ecd___GHLB2 Leaf 9081.JPG,train\Tomato___Late_blight\2d65b450-78b3-45db-ae98-2ee76f9fe1e2___GHLB2 Leaf 9116.JPG,,,True
8,False,test--train,Tomato___Late_blight,val\Tomato___Late_blight\29587a7b-a64d-4d2e-8fab-d0ec587e8ecd___GHLB2 Leaf 9081.JPG,train\Tomato___Late_blight\eedd252b-1d20-4cc8-94ca-b8800334996c___GHLB2 Leaf 8667.JPG,,,True
8,False,test--train,Tomato___Late_blight,val\Tomato___Late_blight\8130621c-8ff8-4fd9-bd54-765491adc31f___GHLB2 Leaf 8822.JPG,train\Tomato___Late_blight\9c8ae903-054b-4c55-bce9-5a1752771123___GHLB2 Leaf 8855.JPG,,,True
8,False,test--train,Tomato___Leaf_Mold,train\Tomato___Leaf_Mold\416808ef-060a-4c7c-9e0c-1dc72996ab48___Crnl_L.Mold 8978.JPG,train\Tomato___Leaf_Mold\f6c11a02-6f44-4e15-aab8-50cb8d79bc62___Crnl_L.Mold 9166.JPG,Tomato___Leaf_Mold:::199.0,Tomato___Leaf_Mold:::235.0,False
8,False,test--train,Tomato___Septoria_leaf_spot,train\Tomato___Septoria_leaf_spot\0d1ab917-ea01-43d7-8a63-232bffcfbb08___Keller.St_CG 1769.JPG,train\Tomato___Septoria_leaf_spot\2cbfb4e3-8327-470f-91b1-4b7c3823b1f1___Keller.St_CG 1909.JPG,,,True
8,False,test--train,Tomato___Septoria_leaf_spot,train\Tomato___Septoria_leaf_spot\2b63b39d-7d3b-4421-9d68-b81b0862977b___Keller.St_CG 2025.JPG,val\Tomato___Septoria_leaf_spot\75eef67a-dfe2-425f-a14f-a58ce71856da___Matt.S_CG 6280.JPG,,Tomato___Septoria_leaf_spot:::126.0,True
8,False,test--train,Tomato___Septoria_leaf_spot,train\Tomato___Septoria_leaf_spot\648d66b5-7f12-4baa-beba-4938ede59013___JR_Sept.L.S 2625.JPG,train\Tomato___Septoria_leaf_spot\98da1654-e91d-48d7-931c-9642d46a9f77___JR_Sept.L.S 2634.JPG,,,True
8,False,test--train,Tomato___Septoria_leaf_spot,train\Tomato___Septoria_leaf_spot\86726614-43a7-445c-a854-153e3830cbcc___Matt.S_CG 7686.JPG,train\Tomato___Septoria_leaf_spot\1a88e419-7d5c-45c7-a10f-4e1f80280cd2___Matt.S_CG 1584.JPG,Tomato___Septoria_leaf_spot:::224.0,Tomato___Septoria_leaf_spot:::63.0,False
8,False,test--train,Tomato___Septoria_leaf_spot,train\Tomato___Septoria_leaf_spot\86726614-43a7-445c-a854-153e3830cbcc___Matt.S_CG 7686.JPG,train\Tomato___Septoria_leaf_spot\bae6002f-a8f1-4229-aaf3-024feb50c7d8___Matt.S_CG 6674.JPG,Tomato___Septoria_leaf_spot:::224.0,Tomato___Septoria_leaf_spot:::152.0,False
8,False,test--train,Tomato___Septoria_leaf_spot,train\Tomato___Septoria_leaf_spot\f2da8749-74f6-4b2f-9363-7ccf73e0fa1f___Matt.S_CG 5991.JPG,train\Tomato___Septoria_leaf_spot\ade7f196-3468-401a-863e-8e9c026c213b___Matt.S_CG 6516.JPG,Tomato___Septoria_leaf_spot:::105.0,Tomato___Septoria_leaf_spot:::140.0,False
8,False,test--train,Tomato___Spider_mites Two-spotted_spider_mite,train\Tomato___Spider_mites Two-spotted_spider_mite\003b7929-a364-4e74-be1c-37c4c0a6ec63___Com.G_SpM_FL 1414.JPG,train\Tomato___Spider_mites Two-spotted_spider_mite\e9b4f610-ede6-4f4e-a604-b0c8bd1ce4cd___Com.G_SpM_FL 9281.JPG,Tomato___Spider_mites Two-spotted_spider_mite:::71.0,Tomato___Spider_mites Two-spotted_spider_mite:::327.0,False
8,False,test--train,Tomato___Spider_mites Two-spotted_spider_mite,train\Tomato___Spider_mites Two-spotted_spider_mite\1e802d57-3ff5-4527-8c9a-b1b764d6ccc9___Com.G_SpM_FL 1522.JPG,train\Tomato___Spider_mites Two-spotted_spider_mite\11ba6d63-4c6e-4a3f-acd9-18567bab6ab9___Com.G_SpM_FL 1728.JPG,Tomato___Spider_mites Two-spotted_spider_mite:::97.0,Tomato___Spider_mites Two-spotted_spider_mite:::148.0,False
8,False,test--train,Tomato___Spider_mites Two-spotted_spider_mite,train\Tomato___Spider_mites Two-spotted_spider_mite\1ea67ad6-cd45-45f3-a5a0-30474042f0fc___Com.G_SpM_FL 9389.JPG,train\Tomato___Spider_mites Two-spotted_spider_mite\55a69cc9-7404-469c-a367-bd54f182c2a5___Com.G_SpM_FL 9409.JPG,Tomato___Spider_mites Two-spotted_spider_mite:::353.0,Tomato___Spider_mites Two-spotted_spider_mite:::358.0,False
8,False,test--train,Tomato___Spider_mites Two-spotted_spider_mite,train\Tomato___Spider_mites Two-spotted_spider_mite\1ea67ad6-cd45-45f3-a5a0-30474042f0fc___Com.G_SpM_FL 9389.JPG,val\Tomato___Spider_mites Two-spotted_spider_mite\f6a5fe20-bcc4-4c55-aaab-81415a7f7697___Com.G_SpM_FL 8546.JPG,Tomato___Spider_mites Two-spotted_spider_mite:::353.0,Tomato___Spider_mites Two-spotted_spider_mite:::195.0,False
8,False,test--train,Tomato___Spider_mites Two-spotted_spider_mite,train\Tomato___Spider_mites Two-spotted_spider_mite\2db25538-8655-4530-95e8-025d428e158c___Com.G_SpM_FL 9522.JPG,train\Tomato___Spider_mites Two-spotted_spider_mite\4f67760e-24e8-4a5d-8162-93e0ce8d93f7___Com.G_SpM_FL 1146.JPG,Tomato___Spider_mites Two-spotted_spider_mite:::386.0,Tomato___Spider_mites Two-spotted_spider_mite:::4.0,False
8,False,test--train,Tomato___Spider_mites Two-spotted_spider_mite,train\Tomato___Spider_mites Two-spotted_spider_mite\2fb77f60-ae5b-40c4-b6fb-3c90ac55ccd4___Com.G_SpM_FL 9367.JPG,train\Tomato___Spider_mites Two-spotted_spider_mite\f396912f-435f-4802-a756-b373d5461373___Com.G_SpM_FL 1350.JPG,Tomato___Spider_mites Two-spotted_spider_mite:::347.0,Tomato___Spider_mites Two-spotted_spider_mite:::55.0,False
8,False,test--train,Tomato___Spider_mites Two-spotted_spider_mite,train\Tomato___Spider_mites Two-spotted_spider_mite\2fb77f60-ae5b-40c4-b6fb-3c90ac55ccd4___Com.G_SpM_FL 9367.JPG,val\Tomato___Spider_mites Two-spotted_spider_mite\7947ab60-0ec9-4e57-a8bd-32ba4ddaa8f7___Com.G_SpM_FL 1426.JPG,Tomato___Spider_mites Two-spotted_spider_mite:::347.0,Tomato___Spider_mites Two-spotted_spider_mite:::74.0,False
8,False,test--train,Tomato___Spider_mites Two-spotted_spider_mite,train\Tomato___Spider_mites Two-spotted_spider_mite\32cf04f5-dd0f-4c8b-9b92-f7b9b44b347e___Com.G_SpM_FL 8738.JPG,train\Tomato___Spider_mites Two-spotted_spider_mite\e13060fe-90fb-49c9-ab46-9a4cfd68c02a___Com.G_SpM_FL 1749.JPG,Tomato___Spider_mites Two-spotted_spider_mite:::243.0,Tomato___Spider_mites Two-spotted_spider_mite:::154.0,False
8,False,test--train,Tomato___Spider_mites Two-spotted_spider_mite,train\Tomato___Spider_mites Two-spotted_spider_mite\3b12d772-00c3-4cf9-9e2f-25f6aa027790___Com.G_SpM_FL 1244.JPG,train\Tomato___Spider_mites Two-spotted_spider_mite\54d1ce9f-18f7-4875-b7fa-6bd9b5daa9ef___Com.G_SpM_FL 1345.JPG,Tomato___Spider_mites Two-spotted_spider_mite:::28.0,Tomato___Spider_mites Two-spotted_spider_mite:::53.0,False
8,False,test--train,Tomato___Spider_mites Two-spotted_spider_mite,train\Tomato___Spider_mites Two-spotted_spider_mite\3ef63475-d311-4af4-9a8d-48279238cba2___Com.G_SpM_FL 1580.JPG,train\Tomato___Spider_mites Two-spotted_spider_mite\83bc9c0d-4031-41ab-a636-45fcb01b1983___Com.G_SpM_FL 9380.JPG,Tomato___Spider_mites Two-spotted_spider_mite:::112.0,Tomato___Spider_mites Two-spotted_spider_mite:::351.0,False
8,False,test--train,Tomato___Spider_mites Two-spotted_spider_mite,train\Tomato___Spider_mites Two-spotted_spider_mite\416c7502-7038-43fb-a700-d11d8a54cafb___Com.G_SpM_FL 9025.JPG,train\Tomato___Spider_mites Two-spotted_spider_mite\9ce6d72b-57d7-4f3d-8e3b-abc7d1da2e69___Com.G_SpM_FL 1455.JPG,Tomato___Spider_mites Two-spotted_spider_mite:::315.0,Tomato___Spider_mites Two-spotted_spider_mite:::81.0,False
8,False,test--train,Tomato___Spider_mites Two-spotted_spider_mite,train\Tomato___Spider_mites Two-spotted_spider_mite\42338037-ae62-45f9-a040-ea9e900272a9___Com.G_SpM_FL 8464.JPG,train\Tomato___Spider_mites Two-spotted_spider_mite\ba6d3f0a-490b-46fd-87e0-bcb1e3b033dd___Com.G_SpM_FL 1655.JPG,Tomato___Spider_mites Two-spotted_spider_mite:::175.0,Tomato___Spider_mites Two-spotted_spider_mite:::130.0,False
8,False,test--train,Tomato___Spider_mites Two-spotted_spider_mite,train\Tomato___Spider_mites Two-spotted_spider_mite\61b545b4-309c-4eff-9fe7-e0979dbe3c40___Com.G_SpM_FL 1322.JPG,train\Tomato___Spider_mites Two-spotted_spider_mite\3203380e-f2a7-4111-8e27-3e935bc63a31___Com.G_SpM_FL 8593.JPG,Tomato___Spider_mites Two-spotted_spider_mite:::48.0,Tomato___Spider_mites Two-spotted_spider_mite:::207.0,False
8,False,test--train,Tomato___Spider_mites Two-spotted_spider_mite,train\Tomato___Spider_mites Two-spotted_spider_mite\643048b3-fcbc-46d2-9799-7e2f8fd9b57f___Com.G_SpM_FL 9652.JPG,val\Tomato___Spider_mites Two-spotted_spider_mite\d8e166cb-9d9f-4c18-8aa4-f09b04948cbf___Com.G_SpM_FL 9405.JPG,Tomato___Spider_mites Two-spotted_spider_mite:::418.0,Tomato___Spider_mites Two-spotted_spider_mite:::357.0,False
8,False,test--train,Tomato___Spider_mites Two-spotted_spider_mite,train\Tomato___Spider_mites Two-spotted_spider_mite\74bd9dda-a761-4cea-94d9-7b93190bd88d___Com.G_SpM_FL 1633.JPG,train\Tomato___Spider_mites Two-spotted_spider_mite\80e1119a-9c36-4ce6-9fdb-f80143484e6f___Com.G_SpM_FL 8942.JPG,Tomato___Spider_mites Two-spotted_spider_mite:::125.0,Tomato___Spider_mites Two-spotted_spider_mite:::294.0,False
8,False,test--train,Tomato___Spider_mites Two-spotted_spider_mite,train\Tomato___Spider_mites Two-spotted_spider_mite\7c8a88f4-1182-4813-b6b8-4b69a862afaf___Com.G_SpM_FL 1301.JPG,train\Tomato___Spider_mites Two-spotted_spider_mite\e9b4f610-ede6-4f4e-a604-b0c8bd1ce4cd___Com.G_SpM_FL 9281.JPG,Tomato___Spider_mites Two-spotted_spider_mite:::43.0,Tomato___Spider_mites Two-spotted_spider_mite:::327.0,False
8,False,test--train,Tomato___Spider_mites Two-spotted_spider_mite,train\Tomato___Spider_mites Two-spotted_spider_mite\7c8a88f4-1182-4813-b6b8-4b69a862afaf___Com.G_SpM_FL 1301.JPG,train\Tomato___Spider_mites Two-spotted_spider_mite\edd90a56-3a0f-4b3c-a55e-0e0a73bdf18d___Com.G_SpM_FL 1689.JPG,Tomato___Spider_mites Two-spotted_spider_mite:::43.0,Tomato___Spider_mites Two-spotted_spider_mite:::139.0,False
8,False,test--train,Tomato___Spider_mites Two-spotted_spider_mite,train\Tomato___Spider_mites Two-spotted_spider_mite\7c8a88f4-1182-4813-b6b8-4b69a862afaf___Com.G_SpM_FL 1301.JPG,val\Tomato___Spider_mites Two-spotted_spider_mite\9a435257-cda9-4204-9f67-cbebf7e4f0f4___Com.G_SpM_FL 1677.JPG,Tomato___Spider_mites Two-spotted_spider_mite:::43.0,Tomato___Spider_mites Two-spotted_spider_mite:::136.0,False
8,False,test--train,Tomato___Spider_mites Two-spotted_spider_mite,train\Tomato___Spider_mites Two-spotted_spider_mite\7dfca492-1ce1-45f6-85d6-8aaec359f6ac___Com.G_SpM_FL 1519.JPG,train\Tomato___Spider_mites Two-spotted_spider_mite\c3d5afc0-3021-429e-a9fa-aed4c8393f83___Com.G_SpM_FL 8868.JPG,Tomato___Spider_mites Two-spotted_spider_mite:::97.0,Tomato___Spider_mites Two-spotted_spider_mite:::276.0,False
8,False,test--train,Tomato___Spider_mites Two-spotted_spider_mite,train\Tomato___Spider_mites Two-spotted_spider_mite\81694ba2-5158-48aa-8b54-80ab5cae801c___Com.G_SpM_FL 9308.JPG,val\Tomato___Spider_mites Two-spotted_spider_mite\5f8b820c-70d5-42b9-8844-a1b3dc4aecd1___Com.G_SpM_FL 9426.JPG,Tomato___Spider_mites Two-spotted_spider_mite:::333.0,Tomato___Spider_mites Two-spotted_spider_mite:::362.0,False
8,False,test--train,Tomato___Spider_mites Two-spotted_spider_mite,train\Tomato___Spider_mites Two-spotted_spider_mite\8d3dee7d-c032-412b-81dc-40fd160be9f2___Com.G_SpM_FL 1478.JPG,train\Tomato___Spider_mites Two-spotted_spider_mite\16826b8c-034f-4db2-bd96-db82b5b26c67___Com.G_SpM_FL 1551.JPG,Tomato___Spider_mites Two-spotted_spider_mite:::86.0,Tomato___Spider_mites Two-spotted_spider_mite:::104.0,False
8,False,test--train,Tomato___Spider_mites Two-spotted_spider_mite,train\Tomato___Spider_mites Two-spotted_spider_mite\8e2bcfaf-0564-4d2b-966d-b69dc9492ed9___Com.G_SpM_FL 9436.JPG,val\Tomato___Spider_mites Two-spotted_spider_mite\7947ab60-0ec9-4e57-a8bd-32ba4ddaa8f7___Com.G_SpM_FL 1426.JPG,Tomato___Spider_mites Two-spotted_spider_mite:::364.0,Tomato___Spider_mites Two-spotted_spider_mite:::74.0,False
8,False,test--train,Tomato___Spider_mites Two-spotted_spider_mite,train\Tomato___Spider_mites Two-spotted_spider_mite\8f2eedcb-2e42-4d92-8492-a45c1fb06991___Com.G_SpM_FL 8525.JPG,train\Tomato___Spider_mites Two-spotted_spider_mite\0247236f-c1ae-4b3f-92b3-9077fe5cb3c3___Com.G_SpM_FL 8505.JPG,Tomato___Spider_mites Two-spotted_spider_mite:::190.0,Tomato___Spider_mites Two-spotted_spider_mite:::185.0,False
8,False,test--train,Tomato___Spider_mites Two-spotted_spider_mite,train\Tomato___Spider_mites Two-spotted_spider_mite\8f2eedcb-2e42-4d92-8492-a45c1fb06991___Com.G_SpM_FL 8525.JPG,train\Tomato___Spider_mites Two-spotted_spider_mite\87457821-e967-41c9-bda0-4e375fdeaa59___Com.G_SpM_FL 1609.JPG,Tomato___Spider_mites Two-spotted_spider_mite:::190.0,Tomato___Spider_mites Two-spotted_spider_mite:::119.0,False
8,False,test--train,Tomato___Spider_mites Two-spotted_spider_mite,train\Tomato___Spider_mites Two-spotted_spider_mite\8f2eedcb-2e42-4d92-8492-a45c1fb06991___Com.G_SpM_FL 8525.JPG,train\Tomato___Spider_mites Two-spotted_spider_mite\f03ba5ea-8380-4386-9e30-2e588a27d94a___Com.G_SpM_FL 9526.JPG,Tomato___Spider_mites Two-spotted_spider_mite:::190.0,Tomato___Spider_mites Two-spotted_spider_mite:::387.0,False
8,False,test--train,Tomato___Spider_mites Two-spotted_spider_mite,train\Tomato___Spider_mites Two-spotted_spider_mite\c4430ef6-bf01-4d6f-821b-0c87556db806___Com.G_SpM_FL 8880.JPG,train\Tomato___Spider_mites Two-spotted_spider_mite\f88f405a-176b-479c-9028-913957456752___Com.G_SpM_FL 9638.JPG,Tomato___Spider_mites Two-spotted_spider_mite:::279.0,Tomato___Spider_mites Two-spotted_spider_mite:::414.0,False
8,False,test--train,Tomato___Spider_mites Two-spotted_spider_mite,train\Tomato___Spider_mites Two-spotted_spider_mite\d4e45af9-ab53-4ed4-a534-ad10c11fb7c6___Com.G_SpM_FL 8469.JPG,val\Tomato___Spider_mites Two-spotted_spider_mite\3471da6b-4a47-4dfb-bf6e-8e9bf462ff5b___Com.G_SpM_FL 1638.JPG,Tomato___Spider_mites Two-spotted_spider_mite:::176.0,Tomato___Spider_mites Two-spotted_spider_mite:::126.0,False
8,False,test--train,Tomato___Spider_mites Two-spotted_spider_mite,train\Tomato___Spider_mites Two-spotted_spider_mite\d962b1f4-8356-4c0b-ad76-da308c00a7b3___Com.G_SpM_FL 1622.JPG,train\Tomato___Spider_mites Two-spotted_spider_mite\392c91dd-5517-4f68-a5c9-36f56e33d34e___Com.G_SpM_FL 1314.JPG,Tomato___Spider_mites Two-spotted_spider_mite:::122.0,Tomato___Spider_mites Two-spotted_spider_mite:::46.0,False
8,False,test--train,Tomato___Spider_mites Two-spotted_spider_mite,train\Tomato___Spider_mites Two-spotted_spider_mite\edfb0fe5-a10c-469d-9346-802e68dfcd58___Com.G_SpM_FL 9390.JPG,train\Tomato___Spider_mites Two-spotted_spider_mite\22219bbe-58a4-4818-b080-05ac837ef496___Com.G_SpM_FL 1261.JPG,Tomato___Spider_mites Two-spotted_spider_mite:::353.0,Tomato___Spider_mites Two-spotted_spider_mite:::33.0,False
8,False,test--train,Tomato___Spider_mites Two-spotted_spider_mite,train\Tomato___Spider_mites Two-spotted_spider_mite\fa0f71aa-5583-4376-ab17-a755cf065aaf___Com.G_SpM_FL 1520.JPG,train\Tomato___Spider_mites Two-spotted_spider_mite\151b5158-4ae7-42b7-bfa0-fcd68bb2167d___Com.G_SpM_FL 1524.JPG,Tomato___Spider_mites Two-spotted_spider_mite:::97.0,Tomato___Spider_mites Two-spotted_spider_mite:::98.0,False
8,False,test--train,Tomato___Spider_mites Two-spotted_spider_mite,train\Tomato___Spider_mites Two-spotted_spider_mite\fa0f71aa-5583-4376-ab17-a755cf065aaf___Com.G_SpM_FL 1520.JPG,train\Tomato___Spider_mites Two-spotted_spider_mite\ecdbc53e-17ad-4807-9f8d-c548de7e5cfb___Com.G_SpM_FL 1138.JPG,Tomato___Spider_mites Two-spotted_spider_mite:::97.0,Tomato___Spider_mites Two-spotted_spider_mite:::2.0,False
8,False,test--train,Tomato___Spider_mites Two-spotted_spider_mite,val\Tomato___Spider_mites Two-spotted_spider_mite\24fa8aac-1c5b-4bf4-81e1-be5d658e1838___Com.G_SpM_FL 9602.JPG,train\Tomato___Spider_mites Two-spotted_spider_mite\cf21eb19-c8d6-4eba-9086-487d11bb8f94___Com.G_SpM_FL 9430.JPG,Tomato___Spider_mites Two-spotted_spider_mite:::406.0,Tomato___Spider_mites Two-spotted_spider_mite:::363.0,False
8,False,test--train,Tomato___Spider_mites Two-spotted_spider_mite,val\Tomato___Spider_mites Two-spotted_spider_mite\3eb2dbc2-ea12-40b3-9d38-11d5bfa97af1___Com.G_SpM_FL 9316.JPG,train\Tomato___Spider_mites Two-spotted_spider_mite\08f0fd0e-d4b1-400d-9df1-2d61d24c95f0___Com.G_SpM_FL 9397.JPG,Tomato___Spider_mites Two-spotted_spider_mite:::335.0,Tomato___Spider_mites Two-spotted_spider_mite:::355.0,False
8,False,test--train,Tomato___Spider_mites Two-spotted_spider_mite,val\Tomato___Spider_mites Two-spotted_spider_mite\5b9ca8f7-fe90-49f6-934e-b27c980065f3___Com.G_SpM_FL 8736.JPG,train\Tomato___Spider_mites Two-spotted_spider_mite\f9493a24-68a7-4c75-b943-0fe5b69405df___Com.G_SpM_FL 8648.JPG,Tomato___Spider_mites Two-spotted_spider_mite:::243.0,Tomato___Spider_mites Two-spotted_spider_mite:::221.0,False
8,False,test--train,Tomato___Spider_mites Two-spotted_spider_mite,val\Tomato___Spider_mites Two-spotted_spider_mite\878ca009-c79a-4449-b280-c9a48b8c2322___Com.G_SpM_FL 1502.JPG,train\Tomato___Spider_mites Two-spotted_spider_mite\7bb0ee74-55e4-45df-88e5-9545947aa7c2___Com.G_SpM_FL 9468.JPG,Tomato___Spider_mites Two-spotted_spider_mite:::92.0,Tomato___Spider_mites Two-spotted_spider_mite:::372.0,False
8,False,test--train,Tomato___Spider_mites Two-spotted_spider_mite,val\Tomato___Spider_mites Two-spotted_spider_mite\878ca009-c79a-4449-b280-c9a48b8c2322___Com.G_SpM_FL 1502.JPG,train\Tomato___Spider_mites Two-spotted_spider_mite\bdc998dc-38ff-44e3-bd1d-1e5a702ac37a___Com.G_SpM_FL 1503.JPG,Tomato___Spider_mites Two-spotted_spider_mite:::92.0,Tomato___Spider_mites Two-spotted_spider_mite:::93.0,False
8,False,test--train,Tomato___Spider_mites Two-spotted_spider_mite,val\Tomato___Spider_mites Two-spotted_spider_mite\9e4b3cc6-afd7-49a2-9609-ec1bbd92b92d___Com.G_SpM_FL 1683.JPG,train\Tomato___Spider_mites Two-spotted_spider_mite\5a6127d7-01c4-45a4-8ee9-fa61266f57e4___Com.G_SpM_FL 1574.JPG,Tomato___Spider_mites Two-spotted_spider_mite:::137.0,Tomato___Spider_mites Two-spotted_spider_mite:::110.0,False
8,False,test--train,Tomato___Spider_mites Two-spotted_spider_mite,val\Tomato___Spider_mites Two-spotted_spider_mite\c632fc41-93b2-4655-abee-cfba25000d1b___Com.G_SpM_FL 1476.JPG,train\Tomato___Spider_mites Two-spotted_spider_mite\151b5158-4ae7-42b7-bfa0-fcd68bb2167d___Com.G_SpM_FL 1524.JPG,Tomato___Spider_mites Two-spotted_spider_mite:::86.0,Tomato___Spider_mites Two-spotted_spider_mite:::98.0,False
8,False,test--train,Tomato___Spider_mites Two-spotted_spider_mite,val\Tomato___Spider_mites Two-spotted_spider_mite\e413f08a-f5dd-454a-b059-b81bb35c8509___Com.G_SpM_FL 8470.JPG,train\Tomato___Spider_mites Two-spotted_spider_mite\174b7a43-238b-4f06-84b0-d00b35857bb3___Com.G_SpM_FL 9267.JPG,Tomato___Spider_mites Two-spotted_spider_mite:::176.0,Tomato___Spider_mites Two-spotted_spider_mite:::323.0,False
8,False,test--train,Tomato___Spider_mites Two-spotted_spider_mite,val\Tomato___Spider_mites Two-spotted_spider_mite\ef6e3d9d-502b-46c1-9f21-c32b54d2cb7a___Com.G_SpM_FL 9391.JPG,train\Tomato___Spider_mites Two-spotted_spider_mite\5597ebf9-13fb-4851-baad-403c7c86e61e___Com.G_SpM_FL 1595.JPG,Tomato___Spider_mites Two-spotted_spider_mite:::353.0,Tomato___Spider_mites Two-spotted_spider_mite:::115.0,False
8,False,test--train,Tomato___Target_Spot,train\Tomato___Target_Spot\c6fc37bf-8462-49c9-ac5c-a5f078e34ea4___Com.G_TgS_FL 7958.JPG,train\Tomato___Target_Spot\38c3b873-fdb0-47b8-a56c-3580143b3acf___Com.G_TgS_FL 9818.JPG,,,True
8,False,test--train,Tomato___Target_Spot,val\Tomato___Target_Spot\73c2309a-22b8-44a5-99b5-f9997d60141e___Com.G_TgS_FL 0852.JPG,train\Tomato___Target_Spot\dfa19abd-cadc-409b-94a7-9eaeb6ee31cf___Com.G_TgS_FL 8236.JPG,,,True
8,False,test--train,Tomato___Target_Spot,val\Tomato___Target_Spot\f517602e-150c-45bc-9f16-cdd43b6198cf___Com.G_TgS_FL 0742.JPG,train\Tomato___Target_Spot\8c1dfdea-0c3d-48bd-9a38-04e2c42264de___Com.G_TgS_FL 9993.JPG,,,True
8,False,test--train,Tomato___Tomato_Yellow_Leaf_Curl_Virus,train\Tomato___Tomato_Yellow_Leaf_Curl_Virus\08f78a80-46f5-45a6-937c-4d05d61c08c2___UF.GRC_YLCV_Lab 01895.JPG,train\Tomato___Tomato_Yellow_Leaf_Curl_Virus\594aa195-6f0d-4a40-9fa9-3ed0121cec94___UF.GRC_YLCV_Lab 01891.JPG,,,True
8,False,test--train,Tomato___Tomato_Yellow_Leaf_Curl_Virus,train\Tomato___Tomato_Yellow_Leaf_Curl_Virus\0b0791c1-7f59-4e84-a59c-ec2fb1934d00___YLCV_GCREC 2804.JPG,train\Tomato___Tomato_Yellow_Leaf_Curl_Virus\43a73727-237f-40e0-b7e1-95bf4d0eb756___YLCV_GCREC 5343.JPG,Tomato___Tomato_Yellow_Leaf_Curl_Virus:::227.0,Tomato___Tomato_Yellow_Leaf_Curl_Virus:::319.0,False
8,False,test--train,Tomato___Tomato_Yellow_Leaf_Curl_Virus,train\Tomato___Tomato_Yellow_Leaf_Curl_Virus\0b0791c1-7f59-4e84-a59c-ec2fb1934d00___YLCV_GCREC 2804.JPG,train\Tomato___Tomato_Yellow_Leaf_Curl_Virus\6682d50c-6d7d-418e-b775-d32dc48a7d86___YLCV_GCREC 2840.JPG,Tomato___Tomato_Yellow_Leaf_Curl_Virus:::227.0,Tomato___Tomato_Yellow_Leaf_Curl_Virus:::236.0,False
8,False,test--train,Tomato___Tomato_Yellow_Leaf_Curl_Virus,train\Tomato___Tomato_Yellow_Leaf_Curl_Virus\0b0791c1-7f59-4e84-a59c-ec2fb1934d00___YLCV_GCREC 2804.JPG,train\Tomato___Tomato_Yellow_Leaf_Curl_Virus\e6d1f067-5246-4b97-8bdc-f986ed669fe5___YLCV_GCREC 2772.JPG,Tomato___Tomato_Yellow_Leaf_Curl_Virus:::227.0,Tomato___Tomato_Yellow_Leaf_Curl_Virus:::219.0,False
8,False,test--train,Tomato___Tomato_Yellow_Leaf_Curl_Virus,train\Tomato___Tomato_Yellow_Leaf_Curl_Virus\0ff3b5dd-ca75-4a15-95f3-903c2c272487___YLCV_NREC 2990.JPG,train\Tomato___Tomato_Yellow_Leaf_Curl_Virus\18c35b61-fc0b-47ba-a0fa-d012f5562904___YLCV_GCREC 2908.JPG,Tomato___Tomato_Yellow_Leaf_Curl_Virus:::685.0,Tomato___Tomato_Yellow_Leaf_Curl_Virus:::253.0,False
8,False,test--train,Tomato___Tomato_Yellow_Leaf_Curl_Virus,train\Tomato___Tomato_Yellow_Leaf_Curl_Virus\12acbac2-8308-421e-aacf-560a471df1fa___YLCV_GCREC 5127.JPG,train\Tomato___Tomato_Yellow_Leaf_Curl_Virus\9314c285-23d4-4107-b9a5-67d2d2a32921___YLCV_GCREC 2600.JPG,Tomato___Tomato_Yellow_Leaf_Curl_Virus:::266.0,Tomato___Tomato_Yellow_Leaf_Curl_Virus:::176.0,False
8,False,test--train,Tomato___Tomato_Yellow_Leaf_Curl_Virus,train\Tomato___Tomato_Yellow_Leaf_Curl_Virus\1caa682c-2a12-483d-96a3-a9548428fb27___YLCV_GCREC 5497.JPG,train\Tomato___Tomato_Yellow_Leaf_Curl_Virus\41b537b0-eb00-49c3-9571-b41a010a49cf___YLCV_NREC 2718.JPG,Tomato___Tomato_Yellow_Leaf_Curl_Virus:::357.0,Tomato___Tomato_Yellow_Leaf_Curl_Virus:::617.0,False
8,False,test--train,Tomato___Tomato_Yellow_Leaf_Curl_Virus,train\Tomato___Tomato_Yellow_Leaf_Curl_Virus\1caa682c-2a12-483d-96a3-a9548428fb27___YLCV_GCREC 5497.JPG,train\Tomato___Tomato_Yellow_Leaf_Curl_Virus\825d8f5e-ade2-44f8-9303-3073e8b7fe5f___YLCV_NREC 2698.JPG,Tomato___Tomato_Yellow_Leaf_Curl_Virus:::357.0,Tomato___Tomato_Yellow_Leaf_Curl_Virus:::612.0,False
8,False,test--train,Tomato___Tomato_Yellow_Leaf_Curl_Virus,train\Tomato___Tomato_Yellow_Leaf_Curl_Virus\1da5a1f0-7b30-4984-869e-ecc7a618eb29___YLCV_NREC 2840.JPG,train\Tomato___Tomato_Yellow_Leaf_Curl_Virus\9314c285-23d4-4107-b9a5-67d2d2a32921___YLCV_GCREC 2600.JPG,Tomato___Tomato_Yellow_Leaf_Curl_Virus:::647.0,Tomato___Tomato_Yellow_Leaf_Curl_Virus:::176.0,False
8,False,test--train,Tomato___Tomato_Yellow_Leaf_Curl_Virus,train\Tomato___Tomato_Yellow_Leaf_Curl_Virus\33a262b8-586a-4306-8146-1506532e7d92___YLCV_GCREC 2867.JPG,train\Tomato___Tomato_Yellow_Leaf_Curl_Virus\c7e23991-0dda-4cd3-9821-6617de25114f___YLCV_GCREC 2383.JPG,Tomato___Tomato_Yellow_Leaf_Curl_Virus:::243.0,Tomato___Tomato_Yellow_Leaf_Curl_Virus:::122.0,False
8,False,test--train,Tomato___Tomato_Yellow_Leaf_Curl_Virus,train\Tomato___Tomato_Yellow_Leaf_Curl_Virus\36489515-f73d-4cc5-a27b-eeb2d33280cd___UF.GRC_YLCV_Lab 02729.JPG,train\Tomato___Tomato_Yellow_Leaf_Curl_Virus\71fd2f0f-b983-4e22-92e0-71a4bb411452___UF.GRC_YLCV_Lab 09535.JPG,,,True
8,False,test--train,Tomato___Tomato_Yellow_Leaf_Curl_Virus,train\Tomato___Tomato_Yellow_Leaf_Curl_Virus\3baecdfe-1140-446b-af35-7fd18205e325___UF.GRC_YLCV_Lab 01734.JPG,val\Tomato___Tomato_Yellow_Leaf_Curl_Virus\f9213e8e-6a76-48dc-903c-ab8a98439533___UF.GRC_YLCV_Lab 01744.JPG,,,True
8,False,test--train,Tomato___Tomato_Yellow_Leaf_Curl_Virus,train\Tomato___Tomato_Yellow_Leaf_Curl_Virus\40e7fe81-36f4-4810-ac4b-5d0da240880f___UF.GRC_YLCV_Lab 02864.JPG,val\Tomato___Tomato_Yellow_Leaf_Curl_Virus\83bd57f8-9061-4b1d-ac71-b426f16c7be6___UF.GRC_YLCV_Lab 02870.JPG,,,True
8,False,test--train,Tomato___Tomato_Yellow_Leaf_Curl_Virus,train\Tomato___Tomato_Yellow_Leaf_Curl_Virus\46476c84-3651-4706-af74-ccda9fb43719___UF.GRC_YLCV_Lab 08496.JPG,train\Tomato___Tomato_Yellow_Leaf_Curl_Virus\2c7ec9c3-3b39-4102-b8c7-957cd56f90dd___YLCV_NREC 0151.JPG,,Tomato___Tomato_Yellow_Leaf_Curl_Virus:::393.0,True
8,False,test--train,Tomato___Tomato_Yellow_Leaf_Curl_Virus,train\Tomato___Tomato_Yellow_Leaf_Curl_Virus\46476c84-3651-4706-af74-ccda9fb43719___UF.GRC_YLCV_Lab 08496.JPG,train\Tomato___Tomato_Yellow_Leaf_Curl_Virus\58977b0d-e818-4c56-937e-f0d7dc58f25b___UF.GRC_YLCV_Lab 02123.JPG,,,True
8,False,test--train,Tomato___Tomato_Yellow_Leaf_Curl_Virus,train\Tomato___Tomato_Yellow_Leaf_Curl_Virus\46476c84-3651-4706-af74-ccda9fb43719___UF.GRC_YLCV_Lab 08496.JPG,train\Tomato___Tomato_Yellow_Leaf_Curl_Virus\c80318ed-c297-4589-a1f9-6a91031addd4___YLCV_GCREC 2226.JPG,,Tomato___Tomato_Yellow_Leaf_Curl_Virus:::83.0,True
8,False,test--train,Tomato___Tomato_Yellow_Leaf_Curl_Virus,train\Tomato___Tomato_Yellow_Leaf_Curl_Virus\48f241e2-6f24-4a96-8ab9-70da070d5a7b___YLCV_NREC 0132.JPG,train\Tomato___Tomato_Yellow_Leaf_Curl_Virus\0808b0d2-02be-4845-b713-276f9b9ab890___YLCV_GCREC 5474.JPG,Tomato___Tomato_Yellow_Leaf_Curl_Virus:::388.0,Tomato___Tomato_Yellow_Leaf_Curl_Virus:::351.0,False
8,False,test--train,Tomato___Tomato_Yellow_Leaf_Curl_Virus,train\Tomato___Tomato_Yellow_Leaf_Curl_Virus\5caf439d-02d9-41c3-b34a-ac592efa9ff0___YLCV_NREC 2736.JPG,val\Tomato___Tomato_Yellow_Leaf_Curl_Virus\550bd2dd-2f97-4382-9388-fde3c487d0fc___YLCV_GCREC 2386.JPG,Tomato___Tomato_Yellow_Leaf_Curl_Virus:::622.0,Tomato___Tomato_Yellow_Leaf_Curl_Virus:::123.0,False
8,False,test--train,Tomato___Tomato_Yellow_Leaf_Curl_Virus,train\Tomato___Tomato_Yellow_Leaf_Curl_Virus\62a66e0a-e057-4d7a-8347-9a2b80c44f79___YLCV_GCREC 5398.JPG,train\Tomato___Tomato_Yellow_Leaf_Curl_Virus\34e9e2da-44d7-4ac9-be56-7541115c17cb___YLCV_GCREC 5406.JPG,Tomato___Tomato_Yellow_Leaf_Curl_Virus:::332.0,Tomato___Tomato_Yellow_Leaf_Curl_Virus:::334.0,False
8,False,test--train,Tomato___Tomato_Yellow_Leaf_Curl_Virus,train\Tomato___Tomato_Yellow_Leaf_Curl_Virus\62a66e0a-e057-4d7a-8347-9a2b80c44f79___YLCV_GCREC 5398.JPG,train\Tomato___Tomato_Yellow_Leaf_Curl_Virus\d6ce134b-bdd3-4d6f-8ce3-651586f2e4d0___YLCV_GCREC 2408.JPG,Tomato___Tomato_Yellow_Leaf_Curl_Virus:::332.0,Tomato___Tomato_Yellow_Leaf_Curl_Virus:::128.0,False
8,False,test--train,Tomato___Tomato_Yellow_Leaf_Curl_Virus,train\Tomato___Tomato_Yellow_Leaf_Curl_Virus\6bd39b91-63eb-4b23-9fe2-67ceed0a8a8c___UF.GRC_YLCV_Lab 02052.JPG,train\Tomato___Tomato_Yellow_Leaf_Curl_Virus\6f22936e-2dac-423c-b046-aa1fe8a25978___UF.GRC_YLCV_Lab 02053.JPG,,,True
8,False,test--train,Tomato___Tomato_Yellow_Leaf_Curl_Virus,train\Tomato___Tomato_Yellow_Leaf_Curl_Virus\7ea7f330-8e74-4ee8-af68-be425ce24141___UF.GRC_YLCV_Lab 01870.JPG,train\Tomato___Tomato_Yellow_Leaf_Curl_Virus\74ed3a98-1778-43eb-bf95-7a3f186bb22b___UF.GRC_YLCV_Lab 03044.JPG,,,True
8,False,test--train,Tomato___Tomato_Yellow_Leaf_Curl_Virus,train\Tomato___Tomato_Yellow_Leaf_Curl_Virus\8b3b339e-d9a1-49cd-8ee1-1a609811e0c4___YLCV_GCREC 5361.JPG,train\Tomato___Tomato_Yellow_Leaf_Curl_Virus\18312065-ee12-45f2-b06a-e72132245a71___UF.GRC_YLCV_Lab 09377.JPG,Tomato___Tomato_Yellow_Leaf_Curl_Virus:::323.0,,True
8,False,test--train,Tomato___Tomato_Yellow_Leaf_Curl_Virus,train\Tomato___Tomato_Yellow_Leaf_Curl_Virus\8b3b339e-d9a1-49cd-8ee1-1a609811e0c4___YLCV_GCREC 5361.JPG,train\Tomato___Tomato_Yellow_Leaf_Curl_Virus\86ac31fc-a8e8-4935-8276-e80d4946d77a___YLCV_GCREC 2214.JPG,Tomato___Tomato_Yellow_Leaf_Curl_Virus:::323.0,Tomato___Tomato_Yellow_Leaf_Curl_Virus:::80.0,False
8,False,test--train,Tomato___Tomato_Yellow_Leaf_Curl_Virus,train\Tomato___Tomato_Yellow_Leaf_Curl_Virus\8e0fd42c-7e1e-42f8-b77d-07bae2b9ec85___YLCV_GCREC 5395.JPG,train\Tomato___Tomato_Yellow_Leaf_Curl_Virus\4729d4e2-59d3-4f41-b28b-788f9fb20e50___YLCV_GCREC 2754.JPG,Tomato___Tomato_Yellow_Leaf_Curl_Virus:::332.0,Tomato___Tomato_Yellow_Leaf_Curl_Virus:::215.0,False
8,False,test--train,Tomato___Tomato_Yellow_Leaf_Curl_Virus,train\Tomato___Tomato_Yellow_Leaf_Curl_Virus\8e0fd42c-7e1e-42f8-b77d-07bae2b9ec85___YLCV_GCREC 5395.JPG,train\Tomato___Tomato_Yellow_Leaf_Curl_Virus\ee229d8e-8c1e-47a0-8e99-3f2bedf06da3___YLCV_NREC 2853.JPG,Tomato___Tomato_Yellow_Leaf_Curl_Virus:::332.0,Tomato___Tomato_Yellow_Leaf_Curl_Virus:::651.0,False
8,False,test--train,Tomato___Tomato_Yellow_Leaf_Curl_Virus,train\Tomato___Tomato_Yellow_Leaf_Curl_Virus\9db437d3-5178-41dc-9096-c97f7529d4d9___UF.GRC_YLCV_Lab 02433.JPG,train\Tomato___Tomato_Yellow_Leaf_Curl_Virus\c63c14c5-0aea-40e5-8874-88742f2eb60e___UF.GRC_YLCV_Lab 02421.JPG,,,True
8,False,test--train,Tomato___Tomato_Yellow_Leaf_Curl_Virus,train\Tomato___Tomato_Yellow_Leaf_Curl_Virus\9f3d9246-9590-4d20-af1a-db578878e582___YLCV_NREC 0211.JPG,val\Tomato___Tomato_Yellow_Leaf_Curl_Virus\d201cca8-3d9f-4d44-913a-c940f26df2f7___YLCV_NREC 2108.JPG,Tomato___Tomato_Yellow_Leaf_Curl_Virus:::408.0,Tomato___Tomato_Yellow_Leaf_Curl_Virus:::465.0,False
8,False,test--train,Tomato___Tomato_Yellow_Leaf_Curl_Virus,train\Tomato___Tomato_Yellow_Leaf_Curl_Virus\aa0d3659-ac13-42bf-98f6-7677645b4464___UF.GRC_YLCV_Lab 09623.JPG,train\Tomato___Tomato_Yellow_Leaf_Curl_Virus\f41bd92f-d145-42ad-bc67-c7a644172ad0___UF.GRC_YLCV_Lab 09625.JPG,,,True
8,False,test--train,Tomato___Tomato_Yellow_Leaf_Curl_Virus,train\Tomato___Tomato_Yellow_Leaf_Curl_Virus\adc39e1b-cbf8-4265-9285-cb5a62e7b803___YLCV_GCREC 2744.JPG,train\Tomato___Tomato_Yellow_Leaf_Curl_Virus\07ee388e-0206-49a8-bc3a-f53406a49be3___YLCV_GCREC 2920.JPG,Tomato___Tomato_Yellow_Leaf_Curl_Virus:::212.0,Tomato___Tomato_Yellow_Leaf_Curl_Virus:::256.0,False
8,False,test--train,Tomato___Tomato_Yellow_Leaf_Curl_Virus,train\Tomato___Tomato_Yellow_Leaf_Curl_Virus\b056a7d8-49bb-495a-bc7a-c699f804c7ea___YLCV_NREC 0212.JPG,train\Tomato___Tomato_Yellow_Leaf_Curl_Virus\9314c285-23d4-4107-b9a5-67d2d2a32921___YLCV_GCREC 2600.JPG,Tomato___Tomato_Yellow_Leaf_Curl_Virus:::408.0,Tomato___Tomato_Yellow_Leaf_Curl_Virus:::176.0,False
8,False,test--train,Tomato___Tomato_Yellow_Leaf_Curl_Virus,train\Tomato___Tomato_Yellow_Leaf_Curl_Virus\b056a7d8-49bb-495a-bc7a-c699f804c7ea___YLCV_NREC 0212.JPG,train\Tomato___Tomato_Yellow_Leaf_Curl_Virus\db05b5f8-283c-4a32-b5d9-bca967c5c040___YLCV_GCREC 2592.JPG,Tomato___Tomato_Yellow_Leaf_Curl_Virus:::408.0,Tomato___Tomato_Yellow_Leaf_Curl_Virus:::174.0,False
8,False,test--train,Tomato___Tomato_Yellow_Leaf_Curl_Virus,train\Tomato___Tomato_Yellow_Leaf_Curl_Virus\bdc36d59-1287-40e3-8976-a67dca9480c2___YLCV_NREC 2374.JPG,train\Tomato___Tomato_Yellow_Leaf_Curl_Virus\d0100773-6346-4e0c-aa61-5e19ead5c30f___YLCV_GCREC 2215.JPG,Tomato___Tomato_Yellow_Leaf_Curl_Virus:::531.0,Tomato___Tomato_Yellow_Leaf_Curl_Virus:::80.0,False
8,False,test--train,Tomato___Tomato_Yellow_Leaf_Curl_Virus,train\Tomato___Tomato_Yellow_Leaf_Curl_Virus\c1acd943-4575-41bd-8450-7ac5d8b03e9b___YLCV_GCREC 2653.JPG,val\Tomato___Tomato_Yellow_Leaf_Curl_Virus\e4883c5c-0006-490b-9e40-b4ff968059ed___YLCV_GCREC 2845.JPG,Tomato___Tomato_Yellow_Leaf_Curl_Virus:::189.0,Tomato___Tomato_Yellow_Leaf_Curl_Virus:::237.0,False
8,False,test--train,Tomato___Tomato_Yellow_Leaf_Curl_Virus,train\Tomato___Tomato_Yellow_Leaf_Curl_Virus\c86d6494-0aa6-44fe-9fa9-0c5e82b206db___YLCV_NREC 0126.JPG,train\Tomato___Tomato_Yellow_Leaf_Curl_Virus\0383249b-008c-4e0b-b8ee-7eae08be99d3___YLCV_GCREC 2722.JPG,Tomato___Tomato_Yellow_Leaf_Curl_Virus:::387.0,Tomato___Tomato_Yellow_Leaf_Curl_Virus:::207.0,False
8,False,test--train,Tomato___Tomato_Yellow_Leaf_Curl_Virus,train\Tomato___Tomato_Yellow_Leaf_Curl_Virus\c86d6494-0aa6-44fe-9fa9-0c5e82b206db___YLCV_NREC 0126.JPG,val\Tomato___Tomato_Yellow_Leaf_Curl_Virus\d3c6bad1-4783-4d9a-a1df-941f414274c7___YLCV_GCREC 2586.JPG,Tomato___Tomato_Yellow_Leaf_Curl_Virus:::387.0,Tomato___Tomato_Yellow_Leaf_Curl_Virus:::173.0,False
8,False,test--train,Tomato___Tomato_Yellow_Leaf_Curl_Virus,train\Tomato___Tomato_Yellow_Leaf_Curl_Virus\cdb2a6c1-f03c-4d28-82a4-6e5c74e36b31___UF.GRC_YLCV_Lab 01800.JPG,train\Tomato___Tomato_Yellow_Leaf_Curl_Virus\9cabec91-ef67-4319-9cdf-e96668341536___UF.GRC_YLCV_Lab 01801.JPG,,,True
8,False,test--train,Tomato___Tomato_Yellow_Leaf_Curl_Virus,train\Tomato___Tomato_Yellow_Leaf_Curl_Virus\e09091dd-892a-40ad-b9e4-7df92f4e72e9___YLCV_NREC 2147.JPG,train\Tomato___Tomato_Yellow_Leaf_Curl_Virus\fad74307-6213-4e1b-9990-ca6283c2e29b___YLCV_NREC 2604.JPG,Tomato___Tomato_Yellow_Leaf_Curl_Virus:::475.0,Tomato___Tomato_Yellow_Leaf_Curl_Virus:::589.0,False
8,False,test--train,Tomato___Tomato_Yellow_Leaf_Curl_Virus,train\Tomato___Tomato_Yellow_Leaf_Curl_Virus\e3ddfecf-3f09-489d-bf20-7e45e65b991d___UF.GRC_YLCV_Lab 01439.JPG,train\Tomato___Tomato_Yellow_Leaf_Curl_Virus\cd296a5b-4bd0-468f-836e-014311b2be82___UF.GRC_YLCV_Lab 01442.JPG,,,True
8,False,test--train,Tomato___Tomato_Yellow_Leaf_Curl_Virus,train\Tomato___Tomato_Yellow_Leaf_Curl_Virus\ef94afc2-cf19-4512-8738-aebbcf0c1097___UF.GRC_YLCV_Lab 03335.JPG,train\Tomato___Tomato_Yellow_Leaf_Curl_Virus\cd3ea718-3819-4408-94e2-e94bef07e426___UF.GRC_YLCV_Lab 03337.JPG,,,True
8,False,test--train,Tomato___Tomato_Yellow_Leaf_Curl_Virus,train\Tomato___Tomato_Yellow_Leaf_Curl_Virus\f3182576-f0d3-4412-a4e1-45e143e360a0___UF.GRC_YLCV_Lab 02462.JPG,train\Tomato___Tomato_Yellow_Leaf_Curl_Virus\a27532e0-f5fe-489f-85a5-b48d53f14cb8___UF.GRC_YLCV_Lab 02451.JPG,,,True
8,False,test--train,Tomato___Tomato_Yellow_Leaf_Curl_Virus,train\Tomato___Tomato_Yellow_Leaf_Curl_Virus\f74a7680-7b4e-47b2-8eef-e5274847ca9c___YLCV_GCREC 2219.JPG,train\Tomato___Tomato_Yellow_Leaf_Curl_Virus\56952d19-2a4a-4252-a114-81ce80eb1f00___YLCV_GCREC 2716.JPG,Tomato___Tomato_Yellow_Leaf_Curl_Virus:::81.0,Tomato___Tomato_Yellow_Leaf_Curl_Virus:::205.0,False
8,False,test--train,Tomato___Tomato_Yellow_Leaf_Curl_Virus,val\Tomato___Tomato_Yellow_Leaf_Curl_Virus\02aabe96-31be-42a5-a825-261d854e15be___YLCV_GCREC 2894.JPG,train\Tomato___Tomato_Yellow_Leaf_Curl_Virus\c7e23991-0dda-4cd3-9821-6617de25114f___YLCV_GCREC 2383.JPG,Tomato___Tomato_Yellow_Leaf_Curl_Virus:::250.0,Tomato___Tomato_Yellow_Leaf_Curl_Virus:::122.0,False
8,False,test--train,Tomato___Tomato_Yellow_Leaf_Curl_Virus,val\Tomato___Tomato_Yellow_Leaf_Curl_Virus\6d188193-8718-4851-883e-ab94593fbe40___UF.GRC_YLCV_Lab 01583.JPG,train\Tomato___Tomato_Yellow_Leaf_Curl_Virus\1dd0d62f-7ef7-477f-b781-83423446a1f5___UF.GRC_YLCV_Lab 01580.JPG,,,True
8,False,test--train,Tomato___Tomato_Yellow_Leaf_Curl_Virus,val\Tomato___Tomato_Yellow_Leaf_Curl_Virus\711f8839-09f1-4ca6-8681-57bba5be4b75___UF.GRC_YLCV_Lab 02646.JPG,train\Tomato___Tomato_Yellow_Leaf_Curl_Virus\9e962b25-a670-4e4c-bbf2-1adb5af08dfd___UF.GRC_YLCV_Lab 02648.JPG,,,True
8,False,test--train,Tomato___Tomato_Yellow_Leaf_Curl_Virus,val\Tomato___Tomato_Yellow_Leaf_Curl_Virus\799290e1-0cb6-49b8-b411-9f76491c0622___YLCV_GCREC 2682.JPG,train\Tomato___Tomato_Yellow_Leaf_Curl_Virus\1f1499b2-fbea-4e2d-bfd2-b64ad1c180d4___YLCV_GCREC 2606.JPG,Tomato___Tomato_Yellow_Leaf_Curl_Virus:::197.0,Tomato___Tomato_Yellow_Leaf_Curl_Virus:::178.0,False
8,False,test--train,Tomato___Tomato_Yellow_Leaf_Curl_Virus,val\Tomato___Tomato_Yellow_Leaf_Curl_Virus\80bfd3c9-0308-466f-b250-fdce8f8eafe2___YLCV_GCREC 2728.JPG,train\Tomato___Tomato_Yellow_Leaf_Curl_Virus\43a73727-237f-40e0-b7e1-95bf4d0eb756___YLCV_GCREC 5343.JPG,Tomato___Tomato_Yellow_Leaf_Curl_Virus:::208.0,Tomato___Tomato_Yellow_Leaf_Curl_Virus:::319.0,False
8,False,test--train,Tomato___Tomato_Yellow_Leaf_Curl_Virus,val\Tomato___Tomato_Yellow_Leaf_Curl_Virus\80bfd3c9-0308-466f-b250-fdce8f8eafe2___YLCV_GCREC 2728.JPG,train\Tomato___Tomato_Yellow_Leaf_Curl_Virus\76c0d4b0-65bd-43da-8fbf-e94e08ec3272___YLCV_GCREC 2123.JPG,Tomato___Tomato_Yellow_Leaf_Curl_Virus:::208.0,Tomato___Tomato_Yellow_Leaf_Curl_Virus:::57.0,False
8,False,test--train,Tomato___Tomato_Yellow_Leaf_Curl_Virus,val\Tomato___Tomato_Yellow_Leaf_Curl_Virus\80bfd3c9-0308-466f-b250-fdce8f8eafe2___YLCV_GCREC 2728.JPG,train\Tomato___Tomato_Yellow_Leaf_Curl_Virus\df435bce-419d-4dfe-9372-7e92ea98b09b___YLCV_GCREC 5409.JPG,Tomato___Tomato_Yellow_Leaf_Curl_Virus:::208.0,Tomato___Tomato_Yellow_Leaf_Curl_Virus:::335.0,False
8,False,test--train,Tomato___Tomato_Yellow_Leaf_Curl_Virus,val\Tomato___Tomato_Yellow_Leaf_Curl_Virus\92993d98-9fe1-4299-98c9-c1cb1caa7a67___UF.GRC_YLCV_Lab 09346.JPG,train\Tomato___Tomato_Yellow_Leaf_Curl_Virus\2c01b2f4-fba8-43e1-bf26-8ea87cbe22b9___UF.GRC_YLCV_Lab 09350.JPG,,,True
8,False,test--train,Tomato___Tomato_Yellow_Leaf_Curl_Virus,val\Tomato___Tomato_Yellow_Leaf_Curl_Virus\fcdfc17c-1a1b-48df-8612-740f3a50fcbd___UF.GRC_YLCV_Lab 01892.JPG,train\Tomato___Tomato_Yellow_Leaf_Curl_Virus\42f6a52d-abac-47f2-983b-dc083c92fe13___UF.GRC_YLCV_Lab 01899.JPG,,,True
8,False,test--train,Tomato___healthy,train\Tomato___healthy\085cbe78-1d5c-45eb-877f-f409526032d5___GH_HL Leaf 469.JPG,train\Tomato___healthy\6d4e6329-bb8c-417c-8d28-6241a22c0a86___GH_HL Leaf 411.JPG,,,True
8,False,test--train,Tomato___healthy,train\Tomato___healthy\5d1894ec-b384-4a2a-951c-0ef866776500___GH_HL Leaf 523.4.JPG,train\Tomato___healthy\8858ed06-2e1b-4a4a-bd16-e4425ae62312___GH_HL Leaf 523.1.JPG,,,True
8,False,test--train,Tomato___healthy,train\Tomato___healthy\6555b55c-78bc-4391-88ed-65b596fc7e76___GH_HL Leaf 441.JPG,train\Tomato___healthy\1b966d62-d5c3-4a67-ba36-b67d873ccfdf___GH_HL Leaf 440.JPG,,,True
8,False,test--train,Tomato___healthy,train\Tomato___healthy\72361f8d-d158-48b5-a77e-f10cbaf7b29f___RS_HL 0118.JPG,train\Tomato___healthy\89ecd925-23ef-4bfe-8c55-cad05161aca2___GH_HL Leaf 236.1.JPG,Tomato___healthy:::29.0,,True
8,False,test--train,Tomato___healthy,train\Tomato___healthy\fe0b76dc-4263-4cda-8840-310ebe72a432___GH_HL Leaf 490.JPG,train\Tomato___healthy\933b7a1c-5015-48df-8c2d-b7fdf918a4db___GH_HL Leaf 490.1.JPG,,,True
8,False,test--train,Tomato___healthy,val\Tomato___healthy\0cb10f98-491d-4e1f-b8ea-4fb0f1b3675f___GH_HL Leaf 333.JPG,train\Tomato___healthy\30c8f7b8-e0cf-4cfb-b7fe-e2b75ce22789___GH_HL Leaf 333.1.JPG,,,True
8,False,test--train,Tomato___healthy,val\Tomato___healthy\81453f31-6152-44e0-bfaf-fcd1336fc064___GH_HL Leaf 479.JPG,val\Tomato___healthy\a6e38349-62a4-43e6-bf92-84bc17e6d8eb___GH_HL Leaf 485.1.JPG,,,True
8,False,test--validation,Apple___healthy,train\Apple___healthy\2076cebe-cecb-463f-9a0a-a20c4e53e5f3___RS_HL 5900.JPG,train\Apple___healthy\84ed8ffd-a47f-4b52-befa-938a10012a4c___RS_HL 6135.JPG,Apple___healthy:::44.0,Apple___healthy:::82.0,False
8,False,test--validation,Apple___healthy,train\Apple___healthy\3100088b-5df1-43b2-a1d9-8ff1d414b67b___RS_HL 5834.JPG,train\Apple___healthy\5db8c857-6f3a-4066-9bd6-e245e725d03e___RS_HL 8016.JPG,Apple___healthy:::33.0,Apple___healthy:::233.0,False
8,False,test--validation,Apple___healthy,train\Apple___healthy\966a6112-9699-4511-a71b-02a1dd62cb65___RS_HL 5850.JPG,train\Apple___healthy\23a11b8b-6812-481e-9258-e07cc24fdad4___RS_HL 5898.JPG,Apple___healthy:::35.0,Apple___healthy:::43.0,False
8,False,test--validation,Apple___healthy,train\Apple___healthy\ada1699c-0a91-44ea-bc2b-476147394421___RS_HL 5646.JPG,train\Apple___healthy\03cb0cf0-04cf-4549-a2b8-44ed75b2e56c___RS_HL 7460.JPG,Apple___healthy:::2.0,Apple___healthy:::158.0,False
8,False,test--validation,Blueberry___healthy,train\Blueberry___healthy\5cce3429-f31d-4f51-a71a-c155769ac53c___RS_HL 5278.JPG,val\Blueberry___healthy\8373d4c7-1978-4ec0-ab79-fccfefba9917___RS_HL 0313.JPG,Blueberry___healthy:::144.0,Blueberry___healthy:::1.0,False
8,False,test--validation,Blueberry___healthy,train\Blueberry___healthy\9f7a8617-7e12-4df0-bcdb-f467c69ca854___RS_HL 5507.JPG,train\Blueberry___healthy\e7082996-c9d0-4124-9397-1fdc565957c2___RS_HL 5004.JPG,Blueberry___healthy:::159.0,Blueberry___healthy:::125.0,False
8,False,test--validation,Blueberry___healthy,train\Blueberry___healthy\aec0b95b-d9e0-4f8d-9d7b-52693665cec5___RS_HL 5223.JPG,train\Blueberry___healthy\3675a873-ea6a-4475-9fa9-bce1532bcc67___RS_HL 5005.JPG,Blueberry___healthy:::140.0,Blueberry___healthy:::125.0,False
8,False,test--validation,Blueberry___healthy,val\Blueberry___healthy\606d8ff3-e334-4735-a182-6ad008dc6edc___RS_HL 0519.JPG,val\Blueberry___healthy\10c457f3-fe51-4f31-a78e-7a78d016d0f6___RS_HL 0362.JPG,Blueberry___healthy:::27.0,Blueberry___healthy:::7.0,False
8,False,test--validation,Blueberry___healthy,val\Blueberry___healthy\c1a2c7e3-519d-4104-8641-acc54e2daf0c___RS_HL 0501.JPG,val\Blueberry___healthy\dc6156cf-dd29-42bf-b644-ad26557a9678___RS_HL 2271.JPG,Blueberry___healthy:::25.0,Blueberry___healthy:::67.0,False
8,False,test--validation,Cherry_(including_sour)___healthy,train\Cherry_(including_sour)___healthy\0ce4ee15-d59b-4212-ab2a-8b6a07f3634f___JR_HL 9707.JPG,val\Cherry_(including_sour)___healthy\6ae3fb47-fad5-4167-b106-782bc5ef68d6___JR_HL 9513.JPG,Cherry_(including_sour)___healthy:::77.0,Cherry_(including_sour)___healthy:::52.0,False
8,False,test--validation,Corn_(maize)___Common_rust_,train\Corn_(maize)___Common_rust_\RS_Rust 2601.JPG,train\Corn_(maize)___Common_rust_\RS_Rust 2267.JPG,,,True
8,False,test--validation,Grape___Black_rot,train\Grape___Black_rot\10c69f64-73f4-4bb0-9319-b660ffb60e11___FAM_B.Rot 3545.JPG,train\Grape___Black_rot\11ed8598-1b06-498a-ac27-7feda481e0b7___FAM_B.Rot 3593.JPG,Grape___Black_rot:::248.0,Grape___Black_rot:::260.0,False
8,False,test--validation,Grape___Black_rot,train\Grape___Black_rot\b58797d0-57a2-4e49-a3fc-7924366faaf8___FAM_B.Rot 3004.JPG,train\Grape___Black_rot\c01ce5a9-a37d-4698-be6a-335868371a54___FAM_B.Rot 3594.JPG,Grape___Black_rot:::113.0,Grape___Black_rot:::260.0,False
8,False,test--validation,Grape___Leaf_blight_(Isariopsis_Leaf_Spot),train\Grape___Leaf_blight_(Isariopsis_Leaf_Spot)\3d9d9b23-b74c-4c57-9b7f-ca864e105799___FAM_L.Blight 1401.JPG,train\Grape___Leaf_blight_(Isariopsis_Leaf_Spot)\215c2541-d7b7-4358-b10d-0eacf448995a___FAM_L.Blight 1646.JPG,Grape___Leaf_blight_(Isariopsis_Leaf_Spot):::23.0,Grape___Leaf_blight_(Isariopsis_Leaf_Spot):::83.0,False
8,False,test--validation,Grape___Leaf_blight_(Isariopsis_Leaf_Spot),val\Grape___Leaf_blight_(Isariopsis_Leaf_Spot)\4b9af1e9-e4c4-41ba-8444-cafd2faf9b90___FAM_L.Blight 1402.JPG,train\Grape___Leaf_blight_(Isariopsis_Leaf_Spot)\28d02209-b7f5-4404-b083-54c359c99022___FAM_L.Blight 1708.JPG,Grape___Leaf_blight_(Isariopsis_Leaf_Spot):::23.0,Grape___Leaf_blight_(Isariopsis_Leaf_Spot):::99.0,False
8,False,test--validation,Orange___Haunglongbing_(Citrus_greening),train\Orange___Haunglongbing_(Citrus_greening)\02fc11bb-9218-4431-b8f7-c581354cd42b___CREC_HLB 3944.JPG,train\Orange___Haunglongbing_(Citrus_greening)\0b4118d9-903b-4883-a8e2-d802d524e1d6___CREC_HLB 4350.JPG,Orange___Haunglongbing_(Citrus_greening):::OCT_20.0,Orange___Haunglongbing_(Citrus_greening):::OCT_121.0,False
8,False,test--validation,Orange___Haunglongbing_(Citrus_greening),train\Orange___Haunglongbing_(Citrus_greening)\02fc11bb-9218-4431-b8f7-c581354cd42b___CREC_HLB 3944.JPG,train\Orange___Haunglongbing_(Citrus_greening)\2cba74b9-b924-4791-87fa-75d35323cfaf___CREC_HLB 5299.JPG,Orange___Haunglongbing_(Citrus_greening):::OCT_20.0,Orange___Haunglongbing_(Citrus_greening):::OCT_357.0,False
8,False,test--validation,Orange___Haunglongbing_(Citrus_greening),train\Orange___Haunglongbing_(Citrus_greening)\11281e98-333a-4252-9e79-be353024a033___CREC_HLB 4776.JPG,train\Orange___Haunglongbing_(Citrus_greening)\7ac3971d-44a8-4629-aa2f-09cfdae34e58___CREC_HLB 5577.JPG,Orange___Haunglongbing_(Citrus_greening):::OCT_226.0,Orange___Haunglongbing_(Citrus_greening):::OCT_426.0,False
8,False,test--validation,Orange___Haunglongbing_(Citrus_greening),train\Orange___Haunglongbing_(Citrus_greening)\11472b6d-133d-4f75-b051-318f1fa15124___CREC_HLB 4281.JPG,train\Orange___Haunglongbing_(Citrus_greening)\d05e61f3-b394-487f-8551-48e4b7c558f6___CREC_HLB 5716.JPG,Orange___Haunglongbing_(Citrus_greening):::OCT_104.0,Orange___Haunglongbing_(Citrus_greening):::OCT_460.0,False
8,False,test--validation,Orange___Haunglongbing_(Citrus_greening),train\Orange___Haunglongbing_(Citrus_greening)\170311fd-3127-4d79-9a16-5a8154d104ce___CREC_HLB 5428.JPG,train\Orange___Haunglongbing_(Citrus_greening)\061e6ae1-d6cc-44e4-8008-5b6b930d2a62___CREC_HLB 4724.JPG,Orange___Haunglongbing_(Citrus_greening):::OCT_389.0,Orange___Haunglongbing_(Citrus_greening):::OCT_214.0,False
8,False,test--validation,Orange___Haunglongbing_(Citrus_greening),train\Orange___Haunglongbing_(Citrus_greening)\43a17ced-e9e8-459d-9bc3-65e8fafa75c0___CREC_HLB 3935.JPG,train\Orange___Haunglongbing_(Citrus_greening)\4acb9d96-aa76-43cd-a33b-164f4711aa89___CREC_HLB 4752.JPG,Orange___Haunglongbing_(Citrus_greening):::OCT_18.0,Orange___Haunglongbing_(Citrus_greening):::OCT_220.0,False
8,False,test--validation,Orange___Haunglongbing_(Citrus_greening),train\Orange___Haunglongbing_(Citrus_greening)\4aec599c-51a0-4bb7-9c78-dce9678ba254___CREC_HLB 7333.JPG,train\Orange___Haunglongbing_(Citrus_greening)\cbf0a6c0-6507-4a6a-8f71-4de639af6858___CREC_HLB 5715.JPG,Orange___Haunglongbing_(Citrus_greening):::OCT_694.0,Orange___Haunglongbing_(Citrus_greening):::OCT_460.0,False
8,False,test--validation,Orange___Haunglongbing_(Citrus_greening),train\Orange___Haunglongbing_(Citrus_greening)\590dc7b3-fe1c-47cf-8430-290e5f4e2142___CREC_HLB 4372.JPG,train\Orange___Haunglongbing_(Citrus_greening)\fdcf6e05-d8af-4762-b869-cc54b59aa0d8___CREC_HLB 6697.JPG,Orange___Haunglongbing_(Citrus_greening):::OCT_126.0,Orange___Haunglongbing_(Citrus_greening):::OCT_535.0,False
8,False,test--validation,Orange___Haunglongbing_(Citrus_greening),train\Orange___Haunglongbing_(Citrus_greening)\61c11fe5-d0f0-4330-8f7b-9f10783bde65___CREC_HLB 6659.JPG,train\Orange___Haunglongbing_(Citrus_greening)\fdcf6e05-d8af-4762-b869-cc54b59aa0d8___CREC_HLB 6697.JPG,Orange___Haunglongbing_(Citrus_greening):::OCT_526.0,Orange___Haunglongbing_(Citrus_greening):::OCT_535.0,False
8,False,test--validation,Orange___Haunglongbing_(Citrus_greening),train\Orange___Haunglongbing_(Citrus_greening)\62fd5552-39f2-458c-b6e7-e7bd65355484___CREC_HLB 7334.JPG,train\Orange___Haunglongbing_(Citrus_greening)\d05e61f3-b394-487f-8551-48e4b7c558f6___CREC_HLB 5716.JPG,Orange___Haunglongbing_(Citrus_greening):::OCT_694.0,Orange___Haunglongbing_(Citrus_greening):::OCT_460.0,False
8,False,test--validation,Orange___Haunglongbing_(Citrus_greening),train\Orange___Haunglongbing_(Citrus_greening)\79051011-a0a6-467a-8de5-4b1d861d3840___CREC_HLB 4848.JPG,val\Orange___Haunglongbing_(Citrus_greening)\e883db2c-0134-4152-aa2f-1063317a6de6___CREC_HLB 7748.JPG,Orange___Haunglongbing_(Citrus_greening):::OCT_244.0,Orange___Haunglongbing_(Citrus_greening):::OCT_796.0,False
8,False,test--validation,Orange___Haunglongbing_(Citrus_greening),train\Orange___Haunglongbing_(Citrus_greening)\83a6cf25-1bce-4a01-b4d3-9bb8901fb2f5___CREC_HLB 7793.JPG,train\Orange___Haunglongbing_(Citrus_greening)\ac23c8e7-5320-4440-acef-04f67d53a8b3___CREC_HLB 7611.JPG,Orange___Haunglongbing_(Citrus_greening):::OCT_807.0,Orange___Haunglongbing_(Citrus_greening):::OCT_762.0,False
8,False,test--validation,Orange___Haunglongbing_(Citrus_greening),train\Orange___Haunglongbing_(Citrus_greening)\970733d0-6969-4a66-9ec6-d75c3f268ec5___CREC_HLB 7112.JPG,train\Orange___Haunglongbing_(Citrus_greening)\ec291e22-b93d-4d45-9241-87b66ef44072___CREC_HLB 4779.JPG,Orange___Haunglongbing_(Citrus_greening):::OCT_639.0,Orange___Haunglongbing_(Citrus_greening):::OCT_227.0,False
8,False,test--validation,Orange___Haunglongbing_(Citrus_greening),train\Orange___Haunglongbing_(Citrus_greening)\a64bace4-d919-43a5-b285-b18b3a39ba34___CREC_HLB 4069.JPG,train\Orange___Haunglongbing_(Citrus_greening)\6c0437cd-977a-4eba-87b3-5d7fe9be8d20___CREC_HLB 4255.JPG,Orange___Haunglongbing_(Citrus_greening):::OCT_51.0,Orange___Haunglongbing_(Citrus_greening):::OCT_98.0,False
8,False,test--validation,Orange___Haunglongbing_(Citrus_greening),train\Orange___Haunglongbing_(Citrus_greening)\b3eeb002-ba56-416d-b44d-9dc02db3948f___CREC_HLB 7311.JPG,train\Orange___Haunglongbing_(Citrus_greening)\e5e2cdea-35bb-4833-a48a-88bfdf0e9ab0___CREC_HLB 7571.JPG,Orange___Haunglongbing_(Citrus_greening):::OCT_688.0,Orange___Haunglongbing_(Citrus_greening):::OCT_752.0,False
8,False,test--validation,Orange___Haunglongbing_(Citrus_greening),train\Orange___Haunglongbing_(Citrus_greening)\bac4626a-0f85-4096-88bc-a0db7c5cac15___CREC_HLB 4645.JPG,train\Orange___Haunglongbing_(Citrus_greening)\1f80573b-c020-460e-9a1a-b9ac53f1bd85___CREC_HLB 5438.JPG,Orange___Haunglongbing_(Citrus_greening):::OCT_194.0,Orange___Haunglongbing_(Citrus_greening):::OCT_391.0,False
8,False,test--validation,Orange___Haunglongbing_(Citrus_greening),train\Orange___Haunglongbing_(Citrus_greening)\bc65e905-a39b-4bcd-8acf-56669ba4ae6f___UF.Citrus_HLB_Lab 1086.JPG,train\Orange___Haunglongbing_(Citrus_greening)\f92ef0e4-8643-425b-a2c8-cefd6390c6f6___UF.Citrus_HLB_Lab 1155.JPG,Orange___Haunglongbing_(Citrus_greening):::68.0,Orange___Haunglongbing_(Citrus_greening):::72.0,False
8,False,test--validation,Orange___Haunglongbing_(Citrus_greening),train\Orange___Haunglongbing_(Citrus_greening)\cb67da3b-8201-4a82-8e48-729c401ab4a0___CREC_HLB 4782.JPG,train\Orange___Haunglongbing_(Citrus_greening)\68f39214-a314-4a4a-b59a-962d54b578a0___CREC_HLB 4060.JPG,Orange___Haunglongbing_(Citrus_greening):::OCT_228.0,Orange___Haunglongbing_(Citrus_greening):::OCT_49.0,False
8,False,test--validation,Orange___Haunglongbing_(Citrus_greening),train\Orange___Haunglongbing_(Citrus_greening)\d3c71803-16a0-4702-a9f1-926172b675b2___CREC_HLB 6964.JPG,train\Orange___Haunglongbing_(Citrus_greening)\836f124c-c420-40d0-9101-f888ce2b6aea___CREC_HLB 4777.JPG,Orange___Haunglongbing_(Citrus_greening):::OCT_602.0,Orange___Haunglongbing_(Citrus_greening):::OCT_227.0,False
8,False,test--validation,Orange___Haunglongbing_(Citrus_greening),train\Orange___Haunglongbing_(Citrus_greening)\d3c71803-16a0-4702-a9f1-926172b675b2___CREC_HLB 6964.JPG,train\Orange___Haunglongbing_(Citrus_greening)\9b0a8e84-2627-46f1-b977-6b7fb5132e4a___CREC_HLB 4044.JPG,Orange___Haunglongbing_(Citrus_greening):::OCT_602.0,Orange___Haunglongbing_(Citrus_greening):::OCT_45.0,False
8,False,test--validation,Orange___Haunglongbing_(Citrus_greening),train\Orange___Haunglongbing_(Citrus_greening)\ddf0922e-f241-40c4-b73b-651acf2491fe___CREC_HLB 7662.JPG,train\Orange___Haunglongbing_(Citrus_greening)\d95bba23-42bf-4cea-be29-ba830b91c61f___CREC_HLB 7610.JPG,Orange___Haunglongbing_(Citrus_greening):::OCT_775.0,Orange___Haunglongbing_(Citrus_greening):::OCT_762.0,False
8,False,test--validation,Orange___Haunglongbing_(Citrus_greening),val\Orange___Haunglongbing_(Citrus_greening)\337e4161-184f-43d0-aa40-cf51dd050b82___CREC_HLB 5319.JPG,val\Orange___Haunglongbing_(Citrus_greening)\28cb919e-3680-4b7f-ab66-4bfe1c808326___CREC_HLB 4257.JPG,Orange___Haunglongbing_(Citrus_greening):::OCT_362.0,Orange___Haunglongbing_(Citrus_greening):::OCT_98.0,False
8,False,test--validation,Orange___Haunglongbing_(Citrus_greening),val\Orange___Haunglongbing_(Citrus_greening)\50613e83-f357-4e48-a426-f91b1db7c628___CREC_HLB 4908.JPG,train\Orange___Haunglongbing_(Citrus_greening)\81b08e95-b231-4f08-baa0-ec6fad4faed9___CREC_HLB 6860.JPG,Orange___Haunglongbing_(Citrus_greening):::OCT_259.0,Orange___Haunglongbing_(Citrus_greening):::OCT_576.0,False
8,False,test--validation,Orange___Haunglongbing_(Citrus_greening),val\Orange___Haunglongbing_(Citrus_greening)\7a561f92-bc54-4c60-8f55-f2a97bbd51a3___UF.Citrus_HLB_Lab 1088.JPG,train\Orange___Haunglongbing_(Citrus_greening)\f92ef0e4-8643-425b-a2c8-cefd6390c6f6___UF.Citrus_HLB_Lab 1155.JPG,Orange___Haunglongbing_(Citrus_greening):::68.0,Orange___Haunglongbing_(Citrus_greening):::72.0,False
8,False,test--validation,Orange___Haunglongbing_(Citrus_greening),val\Orange___Haunglongbing_(Citrus_greening)\805b19b1-8e25-4a78-b913-280ad9e417ad___UF.Citrus_HLB_Lab 1753.JPG,train\Orange___Haunglongbing_(Citrus_greening)\17790df7-80e8-4172-a7fc-df2bfe3e48e1___UF.Citrus_HLB_Lab 0280.JPG,Orange___Haunglongbing_(Citrus_greening):::110.0,Orange___Haunglongbing_(Citrus_greening):::23.0,False
8,False,test--validation,Orange___Haunglongbing_(Citrus_greening),val\Orange___Haunglongbing_(Citrus_greening)\c849a95f-a064-4e28-b880-1a2acd82faae___CREC_HLB 7885.JPG,train\Orange___Haunglongbing_(Citrus_greening)\d98ad209-ceb2-42e2-8cd4-a00105465fd2___CREC_HLB 7318.JPG,Orange___Haunglongbing_(Citrus_greening):::OCT_830.0,Orange___Haunglongbing_(Citrus_greening):::OCT_690.0,False
8,False,test--validation,Orange___Haunglongbing_(Citrus_greening),val\Orange___Haunglongbing_(Citrus_greening)\e297f9ff-3861-4dc3-93dc-5f6785e7ee1a___CREC_HLB 5060.JPG,train\Orange___Haunglongbing_(Citrus_greening)\c7913cc4-8bdd-4c80-88c7-3447ffa5c9df___CREC_HLB 4665.JPG,Orange___Haunglongbing_(Citrus_greening):::OCT_297.0,Orange___Haunglongbing_(Citrus_greening):::OCT_199.0,False
8,False,test--validation,Peach___Bacterial_spot,train\Peach___Bacterial_spot\1f88a43e-0a96-4452-a02c-869344e9464e___Rut._Bact.S 1370.JPG,train\Peach___Bacterial_spot\f28cd148-362f-4267-940d-782af66692bf___Rut._Bact.S 0924.JPG,Peach___Bacterial_spot:::105.0,Peach___Bacterial_spot:::31.0,False
8,False,test--validation,Peach___Bacterial_spot,train\Peach___Bacterial_spot\2768430d-337c-4550-94c6-c9df6dcaeab5___Rut._Bact.S 1501.JPG,val\Peach___Bacterial_spot\46112a3d-c59a-4360-bb9f-6bf4bce73d3c___Rut._Bact.S 1212.JPG,Peach___Bacterial_spot:::127.0,Peach___Bacterial_spot:::79.0,False
8,False,test--validation,Peach___Bacterial_spot,train\Peach___Bacterial_spot\44bc270e-a7d4-456a-8fae-d75ba2ec6244___Rut._Bact.S 1296.JPG,val\Peach___Bacterial_spot\fc18670e-e9c8-435c-99f6-883d3e812489___Rut._Bact.S 1345.JPG,Peach___Bacterial_spot:::93.0,Peach___Bacterial_spot:::101.0,False
8,False,test--validation,Peach___Bacterial_spot,train\Peach___Bacterial_spot\767e3ee3-996b-48f9-b587-0b19e0eb3569___Rut._Bact.S 1451.JPG,train\Peach___Bacterial_spot\6efc9fea-0aac-45d8-b9c8-3f8707e41ad0___Rutg._Bact.S 2214.JPG,Peach___Bacterial_spot:::119.0,Peach___Bacterial_spot:::312.0,False
8,False,test--validation,Peach___Bacterial_spot,train\Peach___Bacterial_spot\95f04f3e-4ff2-4b2c-a98f-6a8c6323c5e0___Rutg._Bact.S 1316.JPG,train\Peach___Bacterial_spot\35cd5191-8efa-44ea-a77c-90f86344962d___Rutg._Bact.S 1618.JPG,Peach___Bacterial_spot:::205.0,Peach___Bacterial_spot:::245.0,False
8,False,test--validation,Peach___Bacterial_spot,train\Peach___Bacterial_spot\9fda3bc0-49f8-4486-bc9e-93118af2c836___Rut._Bact.S 1329.JPG,val\Peach___Bacterial_spot\fc18670e-e9c8-435c-99f6-883d3e812489___Rut._Bact.S 1345.JPG,Peach___Bacterial_spot:::99.0,Peach___Bacterial_spot:::101.0,False
8,False,test--validation,Peach___Bacterial_spot,train\Peach___Bacterial_spot\a2524d53-667b-49d1-bda8-8515143b1293___Rutg._Bact.S 2300.JPG,val\Peach___Bacterial_spot\10986528-88f0-40b1-87b9-1dd96eacfc55___Rutg._Bact.S 2380.JPG,Peach___Bacterial_spot:::322.0,Peach___Bacterial_spot:::331.0,False
8,False,test--validation,Peach___Bacterial_spot,train\Peach___Bacterial_spot\c981ad37-f87c-43df-8577-4dc4f32551ff___Rut._Bact.S 0749.JPG,train\Peach___Bacterial_spot\0e055f95-a31d-4f7c-a037-8f028af98673___Rut._Bact.S 1334.JPG,Peach___Bacterial_spot:::2.0,Peach___Bacterial_spot:::100.0,False
8,False,test--validation,Peach___Bacterial_spot,train\Peach___Bacterial_spot\ddfcd3f7-34ee-4f06-902d-4dea67abc27f___Rutg._Bact.S 1503.JPG,train\Peach___Bacterial_spot\ef32ff5c-d480-4b68-941b-821ee2dbcf15___Rutg._Bact.S 2216.JPG,Peach___Bacterial_spot:::230.0,Peach___Bacterial_spot:::312.0,False
8,False,test--validation,Peach___Bacterial_spot,train\Peach___Bacterial_spot\ff74cdaf-0674-435f-abe2-70562a96e605___Rut._Bact.S 1314.JPG,val\Peach___Bacterial_spot\46112a3d-c59a-4360-bb9f-6bf4bce73d3c___Rut._Bact.S 1212.JPG,Peach___Bacterial_spot:::96.0,Peach___Bacterial_spot:::79.0,False
8,False,test--validation,Peach___Bacterial_spot,val\Peach___Bacterial_spot\9da512de-aa75-4b20-bb75-2970fec5ad42___Rut._Bact.S 1160.JPG,train\Peach___Bacterial_spot\0e055f95-a31d-4f7c-a037-8f028af98673___Rut._Bact.S 1334.JPG,Peach___Bacterial_spot:::71.0,Peach___Bacterial_spot:::100.0,False
8,False,test--validation,"Pepper,_bell___healthy","train\Pepper,_bell___healthy\4a4e1da0-7772-4dbd-8a7a-c2db432080f0___JR_HL 8504.JPG","train\Pepper,_bell___healthy\fef57c46-de88-400b-81d1-6e2a7e990ee0___JR_HL 8670.JPG","Pepper,_bell___healthy:::124.0","Pepper,_bell___healthy:::144.0",False
8,False,test--validation,"Pepper,_bell___healthy","train\Pepper,_bell___healthy\4d212bb1-b0dc-46cc-b09c-6fa484bdfc36___JR_HL 8380.JPG","train\Pepper,_bell___healthy\14a817b1-7628-4bfd-99a5-495a0581cb6c___JR_HL 8729.JPG","Pepper,_bell___healthy:::112.0","Pepper,_bell___healthy:::151.0",False
8,False,test--validation,Soybean___healthy,train\Soybean___healthy\02e20196-516a-40ec-9569-53f1310dcd92___RS_HL 3761.JPG,train\Soybean___healthy\a7da66ee-5bb5-4227-a962-61f6bd913005___RS_HL 3771.JPG,Soybean___healthy:::113.0,Soybean___healthy:::114.0,False
8,False,test--validation,Soybean___healthy,train\Soybean___healthy\1960fc36-da3b-434e-986f-f3739eeda4aa___RS_HL 6477.JPG,train\Soybean___healthy\6dd986d9-557d-495d-aad8-d4cfbbf4f859___RS_HL 6607.JPG,Soybean___healthy:::418.0,Soybean___healthy:::430.0,False
8,False,test--validation,Soybean___healthy,train\Soybean___healthy\22ddbc54-2ed0-4f3d-8015-9d44e9b809ba___RS_HL 3686.JPG,val\Soybean___healthy\80bcfb81-857c-4d68-9500-a853b8583bbc___RS_HL 4487.JPG,Soybean___healthy:::104.0,Soybean___healthy:::200.0,False
8,False,test--validation,Soybean___healthy,train\Soybean___healthy\2b05349b-e677-4184-9adf-136139174877___RS_HL 3736.JPG,val\Soybean___healthy\2c417e81-d6b6-4401-a831-bc8ce8846fb9___RS_HL 4236.JPG,Soybean___healthy:::110.0,Soybean___healthy:::169.0,False
8,False,test--validation,Soybean___healthy,train\Soybean___healthy\3d6f5842-4a38-49a0-82e4-e79315ddb7da___RS_HL 5221.JPG,train\Soybean___healthy\7618bec4-8791-433f-a8e0-e082d63f783d___RS_HL 3940.JPG,Soybean___healthy:::280.0,Soybean___healthy:::133.0,False
8,False,test--validation,Soybean___healthy,train\Soybean___healthy\5585811f-5a0a-45fd-9ce2-087959bdf98b___RS_HL 3046.JPG,train\Soybean___healthy\033724be-ffca-44a6-b97c-abb8852ee628___RS_HL 4237.JPG,Soybean___healthy:::41.0,Soybean___healthy:::169.0,False
8,False,test--validation,Soybean___healthy,train\Soybean___healthy\58340050-1669-4284-ab1a-dd8f77383d25___RS_HL 5211.JPG,train\Soybean___healthy\9f88d768-e476-4c6c-a8c7-85337c8eca30___RS_HL 3499.JPG,Soybean___healthy:::279.0,Soybean___healthy:::87.0,False
8,False,test--validation,Soybean___healthy,train\Soybean___healthy\6cd474f0-1b24-4ddb-8524-8d6c1ccf9add___RS_HL 5506.JPG,train\Soybean___healthy\7c755322-1429-431a-9e12-b5ad2f23dba8___RS_HL 5453.JPG,Soybean___healthy:::313.0,Soybean___healthy:::308.0,False
8,False,test--validation,Soybean___healthy,train\Soybean___healthy\6fbe376d-bfee-44f7-9432-7ccd737a2667___RS_HL 4495.JPG,val\Soybean___healthy\aec7d915-84c5-401f-89c7-d84fe7855622___RS_HL 4440.JPG,Soybean___healthy:::201.0,Soybean___healthy:::195.0,False
8,False,test--validation,Soybean___healthy,train\Soybean___healthy\8a376f90-087a-415c-985d-7c2968ecfbb8___RS_HL 5767 1.JPG,train\Soybean___healthy\df6b4dc4-bf3a-44ae-96a2-0137eec1b907___RS_HL 7073.JPG,Soybean___healthy:::359.0,Soybean___healthy:::468.0,False
8,False,test--validation,Soybean___healthy,train\Soybean___healthy\8a7de543-d8ae-4f30-9d09-aee50a37a9c6___RS_HL 5501.JPG,train\Soybean___healthy\5ce70964-a66d-4d89-84fa-46febf6cb59c___RS_HL 7140.JPG,Soybean___healthy:::313.0,Soybean___healthy:::474.0,False
8,False,test--validation,Soybean___healthy,train\Soybean___healthy\8eafaba5-43ac-4bd8-ab79-17d4e626a84d___RS_HL 6934.JPG,train\Soybean___healthy\30e4eabc-5e4e-4141-b331-5c1609690356___RS_HL 5418.JPG,Soybean___healthy:::457.0,Soybean___healthy:::304.0,False
8,False,test--validation,Soybean___healthy,train\Soybean___healthy\8eafaba5-43ac-4bd8-ab79-17d4e626a84d___RS_HL 6934.JPG,train\Soybean___healthy\669ddba0-ae8e-4d23-b4b0-afaabac32e68___RS_HL 6209.JPG,Soybean___healthy:::457.0,Soybean___healthy:::395.0,False
8,False,test--validation,Soybean___healthy,train\Soybean___healthy\a4923d70-6150-4d7d-8a46-f854fa5130a6___RS_HL 7055.JPG,train\Soybean___healthy\f4adf8bc-a80a-4f74-96ea-7f8f7d4e04ce___RS_HL 5707 1.JPG,Soybean___healthy:::467.0,Soybean___healthy:::348.0,False
8,False,test--validation,Soybean___healthy,train\Soybean___healthy\a7711242-c374-4156-a8ba-d1ad73d38f8e___RS_HL 3713.JPG,val\Soybean___healthy\eb312576-bdd0-492f-a484-f32cdfc1eee4___RS_HL 3286.JPG,Soybean___healthy:::107.0,Soybean___healthy:::66.0,False
8,False,test--validation,Soybean___healthy,train\Soybean___healthy\aa6091d2-ffbe-4788-a935-1def891b24a0___RS_HL 4861.JPG,val\Soybean___healthy\1c801474-f064-4b50-8d7c-50f32ed242aa___RS_HL 3859.JPG,Soybean___healthy:::240.0,Soybean___healthy:::123.0,False
8,False,test--validation,Soybean___healthy,train\Soybean___healthy\bd52d97b-320c-439c-9b2c-fc44f538bcdf___RS_HL 3482.JPG,train\Soybean___healthy\a1997cb3-3465-4335-9726-0a16e71d1972___RS_HL 4241.JPG,Soybean___healthy:::85.0,Soybean___healthy:::169.0,False
8,False,test--validation,Soybean___healthy,train\Soybean___healthy\cb8db48d-0eca-41de-b3d9-b9ced98ce9b8___RS_HL 6136.JPG,train\Soybean___healthy\13aa2402-8374-4400-bc58-6aa3b5f2c3e6___RS_HL 3842.JPG,Soybean___healthy:::389.0,Soybean___healthy:::122.0,False
8,False,test--validation,Soybean___healthy,train\Soybean___healthy\dc899c30-1039-455b-b8d7-3e27911ba323___RS_HL 3360.JPG,train\Soybean___healthy\96ed0cac-7163-49ef-a9b0-26bda3a71ad0___RS_HL 5458.JPG,Soybean___healthy:::74.0,Soybean___healthy:::308.0,False
8,False,test--validation,Soybean___healthy,train\Soybean___healthy\e05da7b8-15b4-43f2-9c89-f84607062f51___RS_HL 5792 1.JPG,train\Soybean___healthy\15d148ed-334e-44c5-85e4-1693c348f33e___RS_HL 6213.JPG,Soybean___healthy:::364.0,Soybean___healthy:::395.0,False
8,False,test--validation,Soybean___healthy,train\Soybean___healthy\e50e5483-8e2c-46d6-bff9-add0c440368d___RS_HL 6373.JPG,train\Soybean___healthy\f4adf8bc-a80a-4f74-96ea-7f8f7d4e04ce___RS_HL 5707 1.JPG,Soybean___healthy:::409.0,Soybean___healthy:::348.0,False
8,False,test--validation,Soybean___healthy,train\Soybean___healthy\e7d662fb-6d32-46b9-be14-33a9ff0a6b90___RS_HL 4380.JPG,train\Soybean___healthy\59819ae1-0210-4fa2-80d9-cce8cde1242a___RS_HL 7396.JPG,Soybean___healthy:::187.0,Soybean___healthy:::496.0,False
8,False,test--validation,Soybean___healthy,train\Soybean___healthy\e9daa68b-bb9d-4bfd-8e97-fd0f39e94939___RS_HL 4837.JPG,train\Soybean___healthy\9e416313-4813-4107-bedc-c8afea09bd55___RS_HL 6212.JPG,Soybean___healthy:::238.0,Soybean___healthy:::395.0,False
8,False,test--validation,Soybean___healthy,train\Soybean___healthy\f180d29b-90e2-430d-bd5c-cb427915fcc6___RS_HL 3361.JPG,train\Soybean___healthy\b30490bc-482d-43fa-9c8a-5768049b2fc1___RS_HL 7372.JPG,Soybean___healthy:::74.0,Soybean___healthy:::494.0,False
8,False,test--validation,Soybean___healthy,train\Soybean___healthy\f510a0a6-d382-4026-91c4-1cd3cd4a7e3e___RS_HL 7051.JPG,train\Soybean___healthy\0e53b7ea-a396-4f3f-bdba-8907985d832d___RS_HL 5703 1.JPG,Soybean___healthy:::467.0,Soybean___healthy:::348.0,False
8,False,test--validation,Soybean___healthy,train\Soybean___healthy\f566be00-a807-44f0-8997-5bcfa23f6612___RS_HL 5299.JPG,val\Soybean___healthy\cb9db845-5c66-4ace-a165-35e7e10ed2a7___RS_HL 5233.JPG,Soybean___healthy:::289.0,Soybean___healthy:::281.0,False
8,False,test--validation,Soybean___healthy,train\Soybean___healthy\f71652a8-c6c2-4f4d-b48e-55e9eb7b10e0___RS_HL 3911.JPG,train\Soybean___healthy\a2729f43-6442-4009-be46-89e2188b93f9___RS_HL 7395.JPG,Soybean___healthy:::129.0,Soybean___healthy:::496.0,False
8,False,test--validation,Soybean___healthy,train\Soybean___healthy\fa3719b4-87d2-46db-9166-9869eaf1bb6f___RS_HL 3448.JPG,train\Soybean___healthy\7402b0f6-0118-4d4e-943e-7a5e8830d4f7___RS_HL 5548 1.JPG,Soybean___healthy:::82.0,Soybean___healthy:::320.0,False
8,False,test--validation,Soybean___healthy,val\Soybean___healthy\1920024b-9501-4176-bbca-456a07697894___RS_HL 3489.JPG,train\Soybean___healthy\8fa5f6b4-e892-4c26-bf6d-e1fc0681dbed___RS_HL 3701.JPG,Soybean___healthy:::86.0,Soybean___healthy:::106.0,False
8,False,test--validation,Soybean___healthy,val\Soybean___healthy\1ae34c09-fb52-4da7-a08a-5f2012d8e56b___RS_HL 6443.JPG,train\Soybean___healthy\6bb261c8-943e-4300-ae37-e89b2baf1fba___RS_HL 7065.JPG,Soybean___healthy:::415.0,Soybean___healthy:::468.0,False
8,False,test--validation,Soybean___healthy,val\Soybean___healthy\24e590e6-0dd9-4cd1-a397-a8b0a3b4bc23___RS_HL 5053.JPG,train\Soybean___healthy\e687436a-e4bb-4b50-a30d-4c9674e754ce___RS_HL 3855.JPG,Soybean___healthy:::261.0,Soybean___healthy:::123.0,False
8,False,test--validation,Soybean___healthy,val\Soybean___healthy\3758aaac-d3db-41b6-8a41-ff21fcb1657e___RS_HL 5505.JPG,train\Soybean___healthy\a7da66ee-5bb5-4227-a962-61f6bd913005___RS_HL 3771.JPG,Soybean___healthy:::313.0,Soybean___healthy:::114.0,False
8,False,test--validation,Soybean___healthy,val\Soybean___healthy\79e695ba-1ed2-428a-b6aa-6dd4eafd4a86___RS_HL 3132.JPG,train\Soybean___healthy\8c2e9ac1-cab6-4aaf-82a8-d5ac0c7614fa___RS_HL 4651.JPG,Soybean___healthy:::50.0,Soybean___healthy:::217.0,False
8,False,test--validation,Soybean___healthy,val\Soybean___healthy\b8ad57b9-9a02-4252-892b-57b296c7f425___RS_HL 5031.JPG,train\Soybean___healthy\5bf08cfa-93b1-493e-af11-74144bcdedcc___RS_HL 3942.JPG,Soybean___healthy:::259.0,Soybean___healthy:::133.0,False
8,False,test--validation,Soybean___healthy,val\Soybean___healthy\c2135eb9-8e38-460a-bfb5-dd8ec00bc739___RS_HL 5208.JPG,val\Soybean___healthy\cd191249-bc33-406e-9abe-6a07ff1b9b79___RS_HL 3653.JPG,Soybean___healthy:::279.0,Soybean___healthy:::101.0,False
8,False,test--validation,Tomato___Bacterial_spot,train\Tomato___Bacterial_spot\1f6a4e82-1d08-48d0-a488-1a787c854484___GCREC_Bact.Sp 5905.JPG,train\Tomato___Bacterial_spot\0d227915-443b-402c-8a25-cc43434c4bb0___GCREC_Bact.Sp 5913.JPG,Tomato___Bacterial_spot:::319.0,Tomato___Bacterial_spot:::321.0,False
8,False,test--validation,Tomato___Bacterial_spot,train\Tomato___Bacterial_spot\1f6a4e82-1d08-48d0-a488-1a787c854484___GCREC_Bact.Sp 5905.JPG,train\Tomato___Bacterial_spot\bb199ebe-f777-4760-adb1-368291627d3d___GCREC_Bact.Sp 5749.JPG,Tomato___Bacterial_spot:::319.0,Tomato___Bacterial_spot:::280.0,False
8,False,test--validation,Tomato___Bacterial_spot,train\Tomato___Bacterial_spot\c4bc02dc-f1bd-43a5-8236-02f6faa88ab8___GCREC_Bact.Sp 3298.JPG,val\Tomato___Bacterial_spot\eb69cd1d-ab61-44cf-b8d0-2e6317fd3043___GCREC_Bact.Sp 2998.JPG,Tomato___Bacterial_spot:::89.0,Tomato___Bacterial_spot:::14.0,False
8,False,test--validation,Tomato___Bacterial_spot,train\Tomato___Bacterial_spot\d489099b-31cf-484f-a0d6-46f24e6875ab___GCREC_Bact.Sp 3523.JPG,train\Tomato___Bacterial_spot\19a4a07c-5e82-4a4f-bc64-9f7d941cab88___GCREC_Bact.Sp 3515.JPG,Tomato___Bacterial_spot:::145.0,Tomato___Bacterial_spot:::143.0,False
8,False,test--validation,Tomato___Bacterial_spot,train\Tomato___Bacterial_spot\f103eb02-d5b1-4601-8de4-674286ee8a6c___GCREC_Bact.Sp 6129.JPG,train\Tomato___Bacterial_spot\4126165c-f9e0-4a17-9d87-d41bf356afb9___GCREC_Bact.Sp 3517.JPG,Tomato___Bacterial_spot:::374.0,Tomato___Bacterial_spot:::143.0,False
8,False,test--validation,Tomato___Bacterial_spot,val\Tomato___Bacterial_spot\86f57694-e1ee-490a-a8c0-433674828fb7___GCREC_Bact.Sp 5940.JPG,train\Tomato___Bacterial_spot\1c78d892-4190-488d-b8d3-cf1c63c658f0___GCREC_Bact.Sp 3006.JPG,Tomato___Bacterial_spot:::327.0,Tomato___Bacterial_spot:::16.0,False
8,False,test--validation,Tomato___Late_blight,train\Tomato___Late_blight\89996998-a74f-46f5-8e5f-790a66dbd652___GHLB2 Leaf 8826.JPG,train\Tomato___Late_blight\902aed86-4d96-4a9b-9742-f01ae845c22c___GHLB2 Leaf 9037.JPG,,,True
8,False,test--validation,Tomato___Spider_mites Two-spotted_spider_mite,train\Tomato___Spider_mites Two-spotted_spider_mite\305d5fd0-b63c-41d3-9980-9c6aa808b893___Com.G_SpM_FL 8473.JPG,val\Tomato___Spider_mites Two-spotted_spider_mite\a0900c57-a463-4412-a3bc-83b413d3eae3___Com.G_SpM_FL 1395.JPG,Tomato___Spider_mites Two-spotted_spider_mite:::177.0,Tomato___Spider_mites Two-spotted_spider_mite:::66.0,False
8,False,test--validation,Tomato___Spider_mites Two-spotted_spider_mite,train\Tomato___Spider_mites Two-spotted_spider_mite\c6f23183-e089-4758-9f8a-a8f702e28336___Com.G_SpM_FL 8646.JPG,train\Tomato___Spider_mites Two-spotted_spider_mite\1e09bb35-ef0d-4efb-b3eb-320a976a5e13___Com.G_SpM_FL 1529.JPG,Tomato___Spider_mites Two-spotted_spider_mite:::220.0,Tomato___Spider_mites Two-spotted_spider_mite:::99.0,False
8,False,test--validation,Tomato___Spider_mites Two-spotted_spider_mite,train\Tomato___Spider_mites Two-spotted_spider_mite\fb7d1c6e-6d3c-4f03-b8dd-9c51740ed23a___Com.G_SpM_FL 1681.JPG,train\Tomato___Spider_mites Two-spotted_spider_mite\2e1daff5-2bc2-4c45-8563-7c6a7a929ddf___Com.G_SpM_FL 9261.JPG,Tomato___Spider_mites Two-spotted_spider_mite:::137.0,Tomato___Spider_mites Two-spotted_spider_mite:::322.0,False
8,False,test--validation,Tomato___Spider_mites Two-spotted_spider_mite,val\Tomato___Spider_mites Two-spotted_spider_mite\5b9ca8f7-fe90-49f6-934e-b27c980065f3___Com.G_SpM_FL 8736.JPG,train\Tomato___Spider_mites Two-spotted_spider_mite\2e1daff5-2bc2-4c45-8563-7c6a7a929ddf___Com.G_SpM_FL 9261.JPG,Tomato___Spider_mites Two-spotted_spider_mite:::243.0,Tomato___Spider_mites Two-spotted_spider_mite:::322.0,False
8,False,test--validation,Tomato___Tomato_Yellow_Leaf_Curl_Virus,train\Tomato___Tomato_Yellow_Leaf_Curl_Virus\420cb165-c107-4a11-a175-103a44ec46c3___YLCV_GCREC 2237.JPG,val\Tomato___Tomato_Yellow_Leaf_Curl_Virus\0e154a66-40e6-4215-9200-853b3752635b___YLCV_GCREC 2133.JPG,Tomato___Tomato_Yellow_Leaf_Curl_Virus:::86.0,Tomato___Tomato_Yellow_Leaf_Curl_Virus:::60.0,False
8,False,test--validation,Tomato___Tomato_Yellow_Leaf_Curl_Virus,train\Tomato___Tomato_Yellow_Leaf_Curl_Virus\4656b39b-ed9e-48c2-9d45-d48e17af52e8___YLCV_NREC 2839.JPG,train\Tomato___Tomato_Yellow_Leaf_Curl_Virus\bbb32822-fa9c-418a-8ec9-b84dd8da65ca___YLCV_GCREC 2808.JPG,Tomato___Tomato_Yellow_Leaf_Curl_Virus:::647.0,Tomato___Tomato_Yellow_Leaf_Curl_Virus:::228.0,False
8,False,test--validation,Tomato___Tomato_Yellow_Leaf_Curl_Virus,train\Tomato___Tomato_Yellow_Leaf_Curl_Virus\8a910cae-20e3-4576-a6fc-f22d002eb6b0___UF.GRC_YLCV_Lab 02943.JPG,train\Tomato___Tomato_Yellow_Leaf_Curl_Virus\5904c39e-3a20-47cb-ac78-77fa6fa6bc9f___UF.GRC_YLCV_Lab 02947.JPG,,,True
8,False,test--validation,Tomato___Tomato_Yellow_Leaf_Curl_Virus,train\Tomato___Tomato_Yellow_Leaf_Curl_Virus\adc39e1b-cbf8-4265-9285-cb5a62e7b803___YLCV_GCREC 2744.JPG,train\Tomato___Tomato_Yellow_Leaf_Curl_Virus\45415a6c-ce63-417e-8f3f-28ee9681e336___YLCV_GCREC 5504.JPG,Tomato___Tomato_Yellow_Leaf_Curl_Virus:::212.0,Tomato___Tomato_Yellow_Leaf_Curl_Virus:::359.0,False
8,False,test--validation,Tomato___Tomato_Yellow_Leaf_Curl_Virus,train\Tomato___Tomato_Yellow_Leaf_Curl_Virus\adc39e1b-cbf8-4265-9285-cb5a62e7b803___YLCV_GCREC 2744.JPG,train\Tomato___Tomato_Yellow_Leaf_Curl_Virus\4e33d562-0e40-45ca-adb1-4a7fb4999078___YLCV_NREC 0095.JPG,Tomato___Tomato_Yellow_Leaf_Curl_Virus:::212.0,Tomato___Tomato_Yellow_Leaf_Curl_Virus:::379.0,False
8,False,test--validation,Tomato___Tomato_Yellow_Leaf_Curl_Virus,train\Tomato___Tomato_Yellow_Leaf_Curl_Virus\f74a7680-7b4e-47b2-8eef-e5274847ca9c___YLCV_GCREC 2219.JPG,train\Tomato___Tomato_Yellow_Leaf_Curl_Virus\9f41a7d7-d1a1-474e-8a5e-0835bc2e6a0c___YLCV_GCREC 2037.JPG,Tomato___Tomato_Yellow_Leaf_Curl_Virus:::81.0,Tomato___Tomato_Yellow_Leaf_Curl_Virus:::36.0,False
8,False,test--validation,Tomato___Tomato_Yellow_Leaf_Curl_Virus,val\Tomato___Tomato_Yellow_Leaf_Curl_Virus\799290e1-0cb6-49b8-b411-9f76491c0622___YLCV_GCREC 2682.JPG,val\Tomato___Tomato_Yellow_Leaf_Curl_Virus\0e154a66-40e6-4215-9200-853b3752635b___YLCV_GCREC 2133.JPG,Tomato___Tomato_Yellow_Leaf_Curl_Virus:::197.0,Tomato___Tomato_Yellow_Leaf_Curl_Virus:::60.0,False
8,False,test--validation,Tomato___Tomato_Yellow_Leaf_Curl_Virus,val\Tomato___Tomato_Yellow_Leaf_Curl_Virus\a9fb17c5-1fc0-45ec-a215-83cbb5dffa39___YLCV_NREC 2946.JPG,train\Tomato___Tomato_Yellow_Leaf_Curl_Virus\5b40eefa-d914-4cd3-98a1-dd1b7c863169___YLCV_GCREC 5542.JPG,Tomato___Tomato_Yellow_Leaf_Curl_Virus:::674.0,Tomato___Tomato_Yellow_Leaf_Curl_Virus:::368.0,False
8,False,test--validation,Tomato___Tomato_Yellow_Leaf_Curl_Virus,val\Tomato___Tomato_Yellow_Leaf_Curl_Virus\c7934929-5358-4536-983a-50d4cddfd66b___YLCV_GCREC 2676.JPG,val\Tomato___Tomato_Yellow_Leaf_Curl_Virus\8c53833e-df06-4326-adfb-0395949b3c61___YLCV_NREC 0120.JPG,Tomato___Tomato_Yellow_Leaf_Curl_Virus:::195.0,Tomato___Tomato_Yellow_Leaf_Curl_Virus:::385.0,False
8,False,test--validation,Tomato___healthy,train\Tomato___healthy\f62d9b06-1625-4277-9347-0f3097c41fcf___GH_HL Leaf 518.2.JPG,train\Tomato___healthy\ccfba9c3-41a5-40de-b71a-980bc3336ae7___GH_HL Leaf 522.2.JPG,,,True
8,False,train--validation,Apple___healthy,train\Apple___healthy\3df0da99-6c5d-4520-b396-9616e81f8935___RS_HL 6031.JPG,train\Apple___healthy\f52ac76d-ad63-4561-911a-4b5245d4e91a___RS_HL 6133.JPG,Apple___healthy:::65.0,Apple___healthy:::82.0,False
8,False,train--validation,Apple___healthy,train\Apple___healthy\45ec1880-a9d2-4458-bd99-f0a6c01e54c4___RS_HL 6303.JPG,val\Apple___healthy\ae0a8f1e-235b-4fd9-980f-58d486951875___RS_HL 6244.JPG,Apple___healthy:::110.0,Apple___healthy:::100.0,False
8,False,train--validation,Apple___healthy,train\Apple___healthy\53ad510e-0bf0-4366-928b-8d80f1a51b50___RS_HL 5873.JPG,val\Apple___healthy\ae0a8f1e-235b-4fd9-980f-58d486951875___RS_HL 6244.JPG,Apple___healthy:::39.0,Apple___healthy:::100.0,False
8,False,train--validation,Apple___healthy,train\Apple___healthy\567c7469-bee8-4ddc-8ee9-2f14b3fb569e___RS_HL 7817.JPG,train\Apple___healthy\83849d18-49c5-412b-91c5-3fe882335e88___RS_HL 7840.JPG,Apple___healthy:::206.0,Apple___healthy:::209.0,False
8,False,train--validation,Apple___healthy,train\Apple___healthy\9fe1ea92-d106-4bc5-a0da-072a67c3260b___RS_HL 7828.JPG,train\Apple___healthy\b876a8f5-9fee-48fe-817c-f810a55c9ee2___RS_HL 7496.JPG,Apple___healthy:::207.0,Apple___healthy:::162.0,False
8,False,train--validation,Blueberry___healthy,train\Blueberry___healthy\1e5dd6a5-2673-4258-8ca9-829a357119b9___RS_HL 0566.JPG,train\Blueberry___healthy\47cb558d-9755-4743-a226-6c0acfc50b7b___RS_HL 0360.JPG,Blueberry___healthy:::35.0,Blueberry___healthy:::7.0,False
8,False,train--validation,Blueberry___healthy,train\Blueberry___healthy\7ebded63-7349-4ed4-9e3c-488a79d6252e___RS_HL 5169.JPG,train\Blueberry___healthy\76841f84-7f0e-47d4-a3a7-3cdb2e901323___RS_HL 5006.JPG,Blueberry___healthy:::137.0,Blueberry___healthy:::125.0,False
8,False,train--validation,Blueberry___healthy,train\Blueberry___healthy\8991caef-c9b1-4e72-bd8c-07477d860eac___RS_HL 0580.JPG,train\Blueberry___healthy\47cb558d-9755-4743-a226-6c0acfc50b7b___RS_HL 0360.JPG,Blueberry___healthy:::37.0,Blueberry___healthy:::7.0,False
8,False,train--validation,Blueberry___healthy,train\Blueberry___healthy\95db331d-75d9-4fb5-b405-970420d7b984___RS_HL 5114.JPG,train\Blueberry___healthy\f0e3efd8-745f-4592-b9a2-a8fe1d29580a___RS_HL 0599.JPG,Blueberry___healthy:::134.0,Blueberry___healthy:::39.0,False
8,False,train--validation,Blueberry___healthy,val\Blueberry___healthy\8be42030-1507-42f3-a15c-7f4058233a54___RS_HL 2406.JPG,train\Blueberry___healthy\4ed0e1a6-9ad3-477a-a173-633cb9e9bdd0___RS_HL 5086.JPG,Blueberry___healthy:::80.0,Blueberry___healthy:::132.0,False
8,False,train--validation,Blueberry___healthy,val\Blueberry___healthy\c00cfc72-9251-4693-a46a-a6dc10ca79c1___RS_HL 5167.JPG,train\Blueberry___healthy\76841f84-7f0e-47d4-a3a7-3cdb2e901323___RS_HL 5006.JPG,Blueberry___healthy:::137.0,Blueberry___healthy:::125.0,False
8,False,train--validation,Blueberry___healthy,val\Blueberry___healthy\c5307dbb-e262-46e1-a9ca-6e360642070c___RS_HL 2267.JPG,train\Blueberry___healthy\ba2e2df9-df6b-4abf-ba13-1261464c74d4___RS_HL 2442.JPG,Blueberry___healthy:::66.0,Blueberry___healthy:::84.0,False
8,False,train--validation,Cherry_(including_sour)___healthy,train\Cherry_(including_sour)___healthy\11c2887d-1fea-4cf8-8696-325de8aad74a___JR_HL 9890.JPG,train\Cherry_(including_sour)___healthy\b699f89c-87a3-4793-a721-60040fc42c4d___JR_HL 9659.JPG,Cherry_(including_sour)___healthy:::105.0,Cherry_(including_sour)___healthy:::71.0,False
8,False,train--validation,Cherry_(including_sour)___healthy,train\Cherry_(including_sour)___healthy\167f246d-d93a-4a00-bcb0-5b189400a0ee___JR_HL 9547.JPG,train\Cherry_(including_sour)___healthy\3500f3de-9634-48fa-b032-3104b4863619___JR_HL 9661.JPG,Cherry_(including_sour)___healthy:::56.0,Cherry_(including_sour)___healthy:::71.0,False
8,False,train--validation,Cherry_(including_sour)___healthy,train\Cherry_(including_sour)___healthy\265e6ba0-bc39-4766-86ad-953bf1d5567b___JR_HL 9438.JPG,val\Cherry_(including_sour)___healthy\e0f4ea8e-63d9-4440-8330-82ac0e34f881___JR_HL 9799.JPG,Cherry_(including_sour)___healthy:::42.0,Cherry_(including_sour)___healthy:::90.0,False
8,False,train--validation,Cherry_(including_sour)___healthy,train\Cherry_(including_sour)___healthy\2ba65d50-5906-436a-9dee-f23a7e82484f___JR_HL 3991.JPG,val\Cherry_(including_sour)___healthy\b1811d59-98ff-43ef-a618-ad91d3bbaeed___JR_HL 9518.JPG,Cherry_(including_sour)___healthy:::7.0,Cherry_(including_sour)___healthy:::52.0,False
8,False,train--validation,Cherry_(including_sour)___healthy,train\Cherry_(including_sour)___healthy\2e931d34-fb49-4e1b-9f1f-3f20d163c624___JR_HL 9672.JPG,val\Cherry_(including_sour)___healthy\ed682229-adac-4051-87d4-2d8fa45c25c8___JR_HL 9514.JPG,Cherry_(including_sour)___healthy:::73.0,Cherry_(including_sour)___healthy:::52.0,False
8,False,train--validation,Cherry_(including_sour)___healthy,train\Cherry_(including_sour)___healthy\803bd9cd-93bc-4431-9b9b-e8980a45d350___JR_HL 9748.JPG,val\Cherry_(including_sour)___healthy\6ae3fb47-fad5-4167-b106-782bc5ef68d6___JR_HL 9513.JPG,Cherry_(including_sour)___healthy:::83.0,Cherry_(including_sour)___healthy:::52.0,False
8,False,train--validation,Cherry_(including_sour)___healthy,train\Cherry_(including_sour)___healthy\87739566-ed1f-4da7-b465-f1c8d464aa5d___JR_HL 4044.JPG,train\Cherry_(including_sour)___healthy\8ac70f19-6342-48f6-a6f7-06c8723faacf___JR_HL 9515.JPG,Cherry_(including_sour)___healthy:::12.0,Cherry_(including_sour)___healthy:::52.0,False
8,False,train--validation,Cherry_(including_sour)___healthy,train\Cherry_(including_sour)___healthy\a0a86f32-2fa9-4364-b637-5f0a2844a3b3___JR_HL 9819.JPG,train\Cherry_(including_sour)___healthy\3500f3de-9634-48fa-b032-3104b4863619___JR_HL 9661.JPG,Cherry_(including_sour)___healthy:::93.0,Cherry_(including_sour)___healthy:::71.0,False
8,False,train--validation,Cherry_(including_sour)___healthy,train\Cherry_(including_sour)___healthy\a0f50c57-dd13-45a8-b9d3-b8f270e496f0___JR_HL 4314.JPG,train\Cherry_(including_sour)___healthy\9705f45b-e0e3-4d0e-a0f0-ad1c9b3b32a0___JR_HL 4311.JPG,Cherry_(including_sour)___healthy:::39.0,Cherry_(including_sour)___healthy:::38.0,False
8,False,train--validation,Cherry_(including_sour)___healthy,train\Cherry_(including_sour)___healthy\ee42359d-e301-4b46-8256-fba2da76bfd6___JR_HL 9638.JPG,train\Cherry_(including_sour)___healthy\27ab799c-5868-4386-8891-6b4ae53fa725___JR_HL 9794.JPG,Cherry_(including_sour)___healthy:::69.0,Cherry_(including_sour)___healthy:::90.0,False
8,False,train--validation,Cherry_(including_sour)___healthy,train\Cherry_(including_sour)___healthy\fd42f40b-d7f2-467f-a00f-9800d63e0946___JR_HL 9718.JPG,val\Cherry_(including_sour)___healthy\e0f4ea8e-63d9-4440-8330-82ac0e34f881___JR_HL 9799.JPG,Cherry_(including_sour)___healthy:::79.0,Cherry_(including_sour)___healthy:::90.0,False
8,False,train--validation,Corn_(maize)___Common_rust_,train\Corn_(maize)___Common_rust_\RS_Rust 1631.JPG,train\Corn_(maize)___Common_rust_\RS_Rust 2438.JPG,,,True
8,False,train--validation,Corn_(maize)___Common_rust_,train\Corn_(maize)___Common_rust_\RS_Rust 1903.JPG,val\Corn_(maize)___Common_rust_\RS_Rust 2608.JPG,,,True
8,False,train--validation,Corn_(maize)___Common_rust_,train\Corn_(maize)___Common_rust_\RS_Rust 2513.JPG,val\Corn_(maize)___Common_rust_\RS_Rust 2749.JPG,,,True
8,False,train--validation,Corn_(maize)___Common_rust_,train\Corn_(maize)___Common_rust_\RS_Rust 2527.JPG,train\Corn_(maize)___Common_rust_\RS_Rust 2439.JPG,,,True
8,False,train--validation,Corn_(maize)___Common_rust_,train\Corn_(maize)___Common_rust_\RS_Rust 2559.JPG,train\Corn_(maize)___Common_rust_\RS_Rust 2070.JPG,,,True
8,False,train--validation,Corn_(maize)___Common_rust_,train\Corn_(maize)___Common_rust_\RS_Rust 2584.JPG,train\Corn_(maize)___Common_rust_\RS_Rust 2500.JPG,,,True
8,False,train--validation,Corn_(maize)___Common_rust_,train\Corn_(maize)___Common_rust_\RS_Rust 2696.JPG,train\Corn_(maize)___Common_rust_\RS_Rust 2001.JPG,,,True
8,False,train--validation,Corn_(maize)___Common_rust_,train\Corn_(maize)___Common_rust_\RS_Rust 2737.JPG,train\Corn_(maize)___Common_rust_\RS_Rust 2070.JPG,,,True
8,False,train--validation,Corn_(maize)___Common_rust_,val\Corn_(maize)___Common_rust_\RS_Rust 2756.JPG,train\Corn_(maize)___Common_rust_\RS_Rust 2267.JPG,,,True
8,False,train--validation,Corn_(maize)___Northern_Leaf_Blight,train\Corn_(maize)___Northern_Leaf_Blight\c8b11ed7-bf90-4eec-aa68-45c577c30896___RS_NLB 4046 copy 2.jpg,train\Corn_(maize)___Northern_Leaf_Blight\d9b926c7-d24d-4773-b1c6-c6b911984121___RS_NLB 3600.JPG,,,True
8,False,train--validation,Corn_(maize)___Northern_Leaf_Blight,train\Corn_(maize)___Northern_Leaf_Blight\ed966f7f-71e9-4dc2-9689-32654a609956___RS_NLB 4046 copy.jpg,train\Corn_(maize)___Northern_Leaf_Blight\d9b926c7-d24d-4773-b1c6-c6b911984121___RS_NLB 3600.JPG,,,True
8,False,train--validation,Corn_(maize)___Northern_Leaf_Blight,train\Corn_(maize)___Northern_Leaf_Blight\fc1c72a4-1aff-4ebf-83ed-909a7b9dc382___RS_NLB  4670.JPG,train\Corn_(maize)___Northern_Leaf_Blight\505ce513-98a9-4100-b7a0-f0767eb598c8___RS_NLB 4206.JPG,,,True
8,False,train--validation,Corn_(maize)___healthy,train\Corn_(maize)___healthy\086c8cca-951a-4c1d-93b9-e225b628f2fd___R.S_HL 8024 copy.jpg,train\Corn_(maize)___healthy\34074440-8163-4cbb-9c8b-0bb6408670f7___R.S_HL 8069 copy.jpg,,,True
8,False,train--validation,Grape___Black_rot,train\Grape___Black_rot\308ebcde-71d3-4ade-ba8c-1447def723a0___FAM_B.Rot 5045.JPG,val\Grape___Black_rot\e3797a5b-d64a-40fc-bc06-34c6ebb6ced1___FAM_B.Rot 5014.JPG,Grape___Black_rot:::279.0,Grape___Black_rot:::271.0,False
8,False,train--validation,Grape___Black_rot,train\Grape___Black_rot\4ea5f522-3623-4ee9-9a13-4ea63404c500___FAM_B.Rot 5070.JPG,val\Grape___Black_rot\e3797a5b-d64a-40fc-bc06-34c6ebb6ced1___FAM_B.Rot 5014.JPG,Grape___Black_rot:::285.0,Grape___Black_rot:::271.0,False
8,False,train--validation,Grape___Black_rot,train\Grape___Black_rot\51c9650f-6098-45ac-a58a-57d376557db5___FAM_B.Rot 0542.JPG,train\Grape___Black_rot\c01ce5a9-a37d-4698-be6a-335868371a54___FAM_B.Rot 3594.JPG,Grape___Black_rot:::55.0,Grape___Black_rot:::260.0,False
8,False,train--validation,Grape___Black_rot,train\Grape___Black_rot\6a140925-ad57-4690-abc4-0aad99a706e8___FAM_B.Rot 0554.JPG,train\Grape___Black_rot\a76a46f8-8949-4e76-9f88-10b088cc45fd___FAM_B.Rot 3021.JPG,Grape___Black_rot:::58.0,Grape___Black_rot:::118.0,False
8,False,train--validation,Grape___Black_rot,train\Grape___Black_rot\6c3e8837-3eb0-458f-937e-79cbbba40052___FAM_B.Rot 3137.JPG,train\Grape___Black_rot\adffc2b2-9ac4-455f-a41d-70ef68652745___FAM_B.Rot 0434.JPG,Grape___Black_rot:::146.0,Grape___Black_rot:::28.0,False
8,False,train--validation,Grape___Black_rot,train\Grape___Black_rot\6dfbc2f4-6242-47a8-83c4-6197adb8463f___FAM_B.Rot 5044.JPG,train\Grape___Black_rot\7b68f373-bb42-4477-86f6-5c69768180bc___FAM_B.Rot 3538.JPG,Grape___Black_rot:::279.0,Grape___Black_rot:::246.0,False
8,False,train--validation,Grape___Black_rot,train\Grape___Black_rot\720c33de-fbcc-4170-8a06-c81ab8c030ec___FAM_B.Rot 3172.JPG,val\Grape___Black_rot\3b54fead-5d85-40bc-a047-60815cde275e___FAM_B.Rot 5015.JPG,Grape___Black_rot:::155.0,Grape___Black_rot:::271.0,False
8,False,train--validation,Grape___Black_rot,train\Grape___Black_rot\8e6afe37-0b36-4470-bb3a-bf3bf96475d4___FAM_B.Rot 3521.JPG,train\Grape___Black_rot\5092a40d-5a54-4969-ba1b-81021732a6a1___FAM_B.Rot 3477.JPG,Grape___Black_rot:::242.0,Grape___Black_rot:::231.0,False
8,False,train--validation,Grape___Black_rot,train\Grape___Black_rot\cd21d350-3a40-45b8-8c67-c15c2a336545___FAM_B.Rot 3206.JPG,val\Grape___Black_rot\b601108c-5427-48f6-b968-8be988eb41d3___FAM_B.Rot 3350.JPG,Grape___Black_rot:::164.0,Grape___Black_rot:::200.0,False
8,False,train--validation,Grape___Black_rot,train\Grape___Black_rot\e814944a-add2-472b-833e-c707570bf080___FAM_B.Rot 3133.JPG,train\Grape___Black_rot\adffc2b2-9ac4-455f-a41d-70ef68652745___FAM_B.Rot 0434.JPG,Grape___Black_rot:::145.0,Grape___Black_rot:::28.0,False
8,False,train--validation,Grape___Black_rot,train\Grape___Black_rot\fa07010a-ee0b-49a7-909e-4c72cb079a9d___FAM_B.Rot 0336.JPG,train\Grape___Black_rot\2d741855-2ea0-4103-8408-129208ebfb24___FAM_B.Rot 5013.JPG,Grape___Black_rot:::4.0,Grape___Black_rot:::271.0,False
8,False,train--validation,Grape___Black_rot,val\Grape___Black_rot\8af0e9e4-6f60-46ca-8e81-ecf6b8938e27___FAM_B.Rot 5031.JPG,train\Grape___Black_rot\244704b0-04bb-4cf8-aa12-cde3425ecf77___FAM_B.Rot 5079.JPG,Grape___Black_rot:::275.0,Grape___Black_rot:::287.0,False
8,False,train--validation,Grape___Black_rot,val\Grape___Black_rot\8dab24e5-2ad7-4f6a-b093-be86f1c08046___FAM_B.Rot 0494.JPG,train\Grape___Black_rot\12669996-08a8-4ed9-80fb-6f0e1fabca8a___FAM_B.Rot 0386.JPG,Grape___Black_rot:::43.0,Grape___Black_rot:::16.0,False
8,False,train--validation,Grape___Esca_(Black_Measles),train\Grape___Esca_(Black_Measles)\745e8ab5-e315-4357-9145-eec7c2fcf641___FAM_B.Msls 4176.JPG,train\Grape___Esca_(Black_Measles)\a2027312-f55d-4e37-8f96-1dd323ae2336___FAM_B.Msls 4095.JPG,Grape___Esca_(Black_Measles):::267.0,Grape___Esca_(Black_Measles):::247.0,False
8,False,train--validation,Grape___Esca_(Black_Measles),train\Grape___Esca_(Black_Measles)\b5ab4545-ec88-40d1-9616-483d50bb2f3d___FAM_B.Msls 0841.JPG,val\Grape___Esca_(Black_Measles)\97646a5b-7d5d-4b24-9da4-1d00a0961174___FAM_B.Msls 1030.JPG,Grape___Esca_(Black_Measles):::6.0,Grape___Esca_(Black_Measles):::53.0,False
8,False,train--validation,Grape___Esca_(Black_Measles),train\Grape___Esca_(Black_Measles)\c3e9c779-a47b-47fa-9db5-b660d7df82e5___FAM_B.Msls 1324.JPG,train\Grape___Esca_(Black_Measles)\342908ce-8cad-40e9-a422-d7744e079292___FAM_B.Msls 0869.JPG,Grape___Esca_(Black_Measles):::126.0,Grape___Esca_(Black_Measles):::13.0,False
8,False,train--validation,Grape___Esca_(Black_Measles),train\Grape___Esca_(Black_Measles)\c9deaa71-29bf-41f2-8f3b-d88d96911b55___FAM_B.Msls 4154.JPG,train\Grape___Esca_(Black_Measles)\353723ef-2ce8-45a9-8082-16ec157c05b2___FAM_B.Msls 0923.JPG,Grape___Esca_(Black_Measles):::261.0,Grape___Esca_(Black_Measles):::26.0,False
8,False,train--validation,Grape___Esca_(Black_Measles),train\Grape___Esca_(Black_Measles)\fe2a34b4-5689-499c-a608-adb5d7877c77___FAM_B.Msls 4424.JPG,val\Grape___Esca_(Black_Measles)\30efa3ae-f975-43c3-96f7-6eb22d65e07d___FAM_B.Msls 4367.JPG,Grape___Esca_(Black_Measles):::328.0,Grape___Esca_(Black_Measles):::314.0,False
8,False,train--validation,Grape___Esca_(Black_Measles),val\Grape___Esca_(Black_Measles)\14ad3627-cb25-4867-abe0-c6bca7c6a075___FAM_B.Msls 4013.JPG,train\Grape___Esca_(Black_Measles)\d1c14c9d-d5d7-466d-9b86-d7603b981c08___FAM_B.Msls 4123.JPG,Grape___Esca_(Black_Measles):::226.0,Grape___Esca_(Black_Measles):::253.0,False
8,False,train--validation,Grape___Esca_(Black_Measles),val\Grape___Esca_(Black_Measles)\35879ac5-ac50-40ff-a7fd-34740981ee40___FAM_B.Msls 1121.JPG,train\Grape___Esca_(Black_Measles)\c1b12f56-f989-4b9f-b980-77a5d795a322___FAM_B.Msls 1032.JPG,Grape___Esca_(Black_Measles):::75.0,Grape___Esca_(Black_Measles):::53.0,False
8,False,train--validation,Grape___Esca_(Black_Measles),val\Grape___Esca_(Black_Measles)\4eb67c58-2763-46ed-8a2b-9cf59d86585c___FAM_B.Msls 3934.JPG,train\Grape___Esca_(Black_Measles)\a43df234-9dde-408c-a6ad-9d7787b32447___FAM_B.Msls 0848.JPG,Grape___Esca_(Black_Measles):::207.0,Grape___Esca_(Black_Measles):::7.0,False
8,False,train--validation,Grape___Leaf_blight_(Isariopsis_Leaf_Spot),train\Grape___Leaf_blight_(Isariopsis_Leaf_Spot)\54a75837-c1f8-4c1b-be76-2935d6e2a1fa___FAM_L.Blight 1420.JPG,train\Grape___Leaf_blight_(Isariopsis_Leaf_Spot)\12416c11-0fa7-479b-9810-54964096ddcc___FAM_L.Blight 4834.JPG,Grape___Leaf_blight_(Isariopsis_Leaf_Spot):::27.0,Grape___Leaf_blight_(Isariopsis_Leaf_Spot):::227.0,False
8,False,train--validation,Grape___Leaf_blight_(Isariopsis_Leaf_Spot),train\Grape___Leaf_blight_(Isariopsis_Leaf_Spot)\97119aac-1404-4dc7-9f2f-fd1fb1622fbf___FAM_L.Blight 1500.JPG,train\Grape___Leaf_blight_(Isariopsis_Leaf_Spot)\3ddda3cd-d7c3-436d-aecc-11f6d6aeee39___FAM_L.Blight 1711.JPG,Grape___Leaf_blight_(Isariopsis_Leaf_Spot):::47.0,Grape___Leaf_blight_(Isariopsis_Leaf_Spot):::99.0,False
8,False,train--validation,Grape___Leaf_blight_(Isariopsis_Leaf_Spot),train\Grape___Leaf_blight_(Isariopsis_Leaf_Spot)\97119aac-1404-4dc7-9f2f-fd1fb1622fbf___FAM_L.Blight 1500.JPG,val\Grape___Leaf_blight_(Isariopsis_Leaf_Spot)\c40605b6-9ceb-4a9b-b86d-bd211ab0baed___FAM_L.Blight 4617.JPG,Grape___Leaf_blight_(Isariopsis_Leaf_Spot):::47.0,Grape___Leaf_blight_(Isariopsis_Leaf_Spot):::173.0,False
8,False,train--validation,Grape___Leaf_blight_(Isariopsis_Leaf_Spot),train\Grape___Leaf_blight_(Isariopsis_Leaf_Spot)\b2532931-1b49-4c97-8773-63f660fe359f___FAM_L.Blight 1650.JPG,train\Grape___Leaf_blight_(Isariopsis_Leaf_Spot)\215c2541-d7b7-4358-b10d-0eacf448995a___FAM_L.Blight 1646.JPG,Grape___Leaf_blight_(Isariopsis_Leaf_Spot):::84.0,Grape___Leaf_blight_(Isariopsis_Leaf_Spot):::83.0,False
8,False,train--validation,Grape___Leaf_blight_(Isariopsis_Leaf_Spot),train\Grape___Leaf_blight_(Isariopsis_Leaf_Spot)\f05c0a7d-3330-4c78-b13f-f89b9929009f___FAM_L.Blight 1651.JPG,val\Grape___Leaf_blight_(Isariopsis_Leaf_Spot)\0012e1ee-fde3-478f-ab27-18648feb2b05___FAM_L.Blight 1647.JPG,Grape___Leaf_blight_(Isariopsis_Leaf_Spot):::84.0,Grape___Leaf_blight_(Isariopsis_Leaf_Spot):::83.0,False
8,False,train--validation,Grape___healthy,train\Grape___healthy\945a58bf-8495-4319-92c3-72dbf42116c8___Mt.N.V_HL 6082.JPG,val\Grape___healthy\9d1124c3-4be4-4998-b1f8-92b0d0f699a1___Mt.N.V_HL 8917.JPG,,,True
8,False,train--validation,Grape___healthy,train\Grape___healthy\ac6f22f2-1bdf-4bb3-8710-dd964a9f343a___Mt.N.V_HL 8913.JPG,train\Grape___healthy\61c3750a-b90a-4d1b-b907-8683be4faa13___Mt.N.V_HL 9084.JPG,,,True
8,False,train--validation,Orange___Haunglongbing_(Citrus_greening),train\Orange___Haunglongbing_(Citrus_greening)\01c27632-a17a-415d-83b0-4fa8bab06c58___CREC_HLB 4080.JPG,train\Orange___Haunglongbing_(Citrus_greening)\aecd98bd-51ce-4eba-8d8b-6f316abddc16___CREC_HLB 6626.JPG,Orange___Haunglongbing_(Citrus_greening):::OCT_54.0,Orange___Haunglongbing_(Citrus_greening):::OCT_518.0,False
8,False,train--validation,Orange___Haunglongbing_(Citrus_greening),train\Orange___Haunglongbing_(Citrus_greening)\01c27632-a17a-415d-83b0-4fa8bab06c58___CREC_HLB 4080.JPG,train\Orange___Haunglongbing_(Citrus_greening)\afb42570-cd62-42e3-a430-49a4eb9f27ef___CREC_HLB 5332.JPG,Orange___Haunglongbing_(Citrus_greening):::OCT_54.0,Orange___Haunglongbing_(Citrus_greening):::OCT_365.0,False
8,False,train--validation,Orange___Haunglongbing_(Citrus_greening),train\Orange___Haunglongbing_(Citrus_greening)\029ac435-a5e8-423b-b75e-0a56d8960e6c___CREC_HLB 4269.JPG,train\Orange___Haunglongbing_(Citrus_greening)\2bb9b733-61f3-45c1-a456-bf1d716967b9___CREC_HLB 4751.JPG,Orange___Haunglongbing_(Citrus_greening):::OCT_101.0,Orange___Haunglongbing_(Citrus_greening):::OCT_220.0,False
8,False,train--validation,Orange___Haunglongbing_(Citrus_greening),train\Orange___Haunglongbing_(Citrus_greening)\029ac435-a5e8-423b-b75e-0a56d8960e6c___CREC_HLB 4269.JPG,val\Orange___Haunglongbing_(Citrus_greening)\28cb919e-3680-4b7f-ab66-4bfe1c808326___CREC_HLB 4257.JPG,Orange___Haunglongbing_(Citrus_greening):::OCT_101.0,Orange___Haunglongbing_(Citrus_greening):::OCT_98.0,False
8,False,train--validation,Orange___Haunglongbing_(Citrus_greening),train\Orange___Haunglongbing_(Citrus_greening)\0375c0c8-c0c0-43db-8938-faf26d568346___UF.Citrus_HLB_Lab 1242.JPG,train\Orange___Haunglongbing_(Citrus_greening)\949572ca-910e-4006-8e3a-1d0b38ebb586___UF.Citrus_HLB_Lab 9898.JPG,Orange___Haunglongbing_(Citrus_greening):::79.0,Orange___Haunglongbing_(Citrus_greening):::139.0,False
8,False,train--validation,Orange___Haunglongbing_(Citrus_greening),train\Orange___Haunglongbing_(Citrus_greening)\03d15889-0ce7-4324-b788-e5ec2336f3e9___CREC_HLB 4863.JPG,train\Orange___Haunglongbing_(Citrus_greening)\68f39214-a314-4a4a-b59a-962d54b578a0___CREC_HLB 4060.JPG,Orange___Haunglongbing_(Citrus_greening):::OCT_248.0,Orange___Haunglongbing_(Citrus_greening):::OCT_49.0,False
8,False,train--validation,Orange___Haunglongbing_(Citrus_greening),train\Orange___Haunglongbing_(Citrus_greening)\09e263a1-e330-4361-89a8-f8ded6d665d4___UF.Citrus_HLB_Lab 1122.JPG,train\Orange___Haunglongbing_(Citrus_greening)\9ec46719-c752-4007-aedd-352a38a94b74___UF.Citrus_HLB_Lab 1206.JPG,Orange___Haunglongbing_(Citrus_greening):::70.0,Orange___Haunglongbing_(Citrus_greening):::76.0,False
8,False,train--validation,Orange___Haunglongbing_(Citrus_greening),train\Orange___Haunglongbing_(Citrus_greening)\0a39d7e4-ac5e-4fe9-97b8-31c28fbee585___CREC_HLB 7403.JPG,train\Orange___Haunglongbing_(Citrus_greening)\ac23c8e7-5320-4440-acef-04f67d53a8b3___CREC_HLB 7611.JPG,Orange___Haunglongbing_(Citrus_greening):::OCT_711.0,Orange___Haunglongbing_(Citrus_greening):::OCT_762.0,False
8,False,train--validation,Orange___Haunglongbing_(Citrus_greening),train\Orange___Haunglongbing_(Citrus_greening)\0ba4954c-82bf-454b-89e8-110eca861769___CREC_HLB 6885.JPG,val\Orange___Haunglongbing_(Citrus_greening)\f17975dc-89bd-4e4f-a604-15d7440c24e6___CREC_HLB 4663.JPG,Orange___Haunglongbing_(Citrus_greening):::OCT_582.0,Orange___Haunglongbing_(Citrus_greening):::OCT_199.0,False
8,False,train--validation,Orange___Haunglongbing_(Citrus_greening),train\Orange___Haunglongbing_(Citrus_greening)\0c2b8840-bfd0-43e2-83dc-274c9f9545b6___CREC_HLB 5057.JPG,train\Orange___Haunglongbing_(Citrus_greening)\0925d2f3-0417-4e2c-a899-7752369ff75b___CREC_HLB 5302.JPG,Orange___Haunglongbing_(Citrus_greening):::OCT_296.0,Orange___Haunglongbing_(Citrus_greening):::OCT_357.0,False
8,False,train--validation,Orange___Haunglongbing_(Citrus_greening),train\Orange___Haunglongbing_(Citrus_greening)\0e23a57e-d332-48e5-929c-82c6afb7ec15___CREC_HLB 7405.JPG,train\Orange___Haunglongbing_(Citrus_greening)\4bf406d5-11f6-4caa-946c-1ef6f0735a81___CREC_HLB 3941.JPG,Orange___Haunglongbing_(Citrus_greening):::OCT_712.0,Orange___Haunglongbing_(Citrus_greening):::OCT_19.0,False
8,False,train--validation,Orange___Haunglongbing_(Citrus_greening),train\Orange___Haunglongbing_(Citrus_greening)\11fb5063-279f-4128-9017-35cf81989224___CREC_HLB 4398.JPG,train\Orange___Haunglongbing_(Citrus_greening)\782f8420-ef79-487e-b62f-a7225e1c4872___CREC_HLB 4045.JPG,Orange___Haunglongbing_(Citrus_greening):::OCT_133.0,Orange___Haunglongbing_(Citrus_greening):::OCT_45.0,False
8,False,train--validation,Orange___Haunglongbing_(Citrus_greening),train\Orange___Haunglongbing_(Citrus_greening)\13571f74-478b-435a-b4fd-c4bf1fb80ec5___CREC_HLB 5439.JPG,train\Orange___Haunglongbing_(Citrus_greening)\0fe557bf-d9d7-4da8-80c1-14db3359b1f8___CREC_HLB 3940.JPG,Orange___Haunglongbing_(Citrus_greening):::OCT_392.0,Orange___Haunglongbing_(Citrus_greening):::OCT_19.0,False
8,False,train--validation,Orange___Haunglongbing_(Citrus_greening),train\Orange___Haunglongbing_(Citrus_greening)\18928ef7-77c1-48c3-846f-770a1b1b5311___CREC_HLB 4174.JPG,val\Orange___Haunglongbing_(Citrus_greening)\c17f77f4-ac9c-42e7-9da3-6e4760a266f6___CREC_HLB 5578.JPG,Orange___Haunglongbing_(Citrus_greening):::OCT_77.0,Orange___Haunglongbing_(Citrus_greening):::OCT_426.0,False
8,False,train--validation,Orange___Haunglongbing_(Citrus_greening),train\Orange___Haunglongbing_(Citrus_greening)\18dabdb8-19de-476a-9e29-6f4dd681d95b___CREC_HLB 6850.JPG,train\Orange___Haunglongbing_(Citrus_greening)\0a5bd69f-8b7a-495d-96ff-413c83aed4d3___CREC_HLB 4778.JPG,Orange___Haunglongbing_(Citrus_greening):::OCT_574.0,Orange___Haunglongbing_(Citrus_greening):::OCT_227.0,False
8,False,train--validation,Orange___Haunglongbing_(Citrus_greening),train\Orange___Haunglongbing_(Citrus_greening)\1d0a6a45-182d-4a57-b932-04bafdaa7766___CREC_HLB 4117.JPG,train\Orange___Haunglongbing_(Citrus_greening)\9d60bd74-cafd-4e6d-9d7b-2dd65cc0525b___CREC_HLB 6627.JPG,Orange___Haunglongbing_(Citrus_greening):::OCT_63.0,Orange___Haunglongbing_(Citrus_greening):::OCT_518.0,False
8,False,train--validation,Orange___Haunglongbing_(Citrus_greening),train\Orange___Haunglongbing_(Citrus_greening)\22aab004-be4e-4df2-abbe-9a57daaee0d5___CREC_HLB 7267.JPG,train\Orange___Haunglongbing_(Citrus_greening)\d20aa2f7-50d8-482e-b9f6-2bf67a87370d___CREC_HLB 7734.JPG,Orange___Haunglongbing_(Citrus_greening):::OCT_677.0,Orange___Haunglongbing_(Citrus_greening):::OCT_792.0,False
8,False,train--validation,Orange___Haunglongbing_(Citrus_greening),train\Orange___Haunglongbing_(Citrus_greening)\2574fd30-1832-4fcd-8873-456d43d68954___CREC_HLB 4098.JPG,train\Orange___Haunglongbing_(Citrus_greening)\5cbd9f63-1033-4607-84cd-3934f09fd2de___CREC_HLB 5418.JPG,Orange___Haunglongbing_(Citrus_greening):::OCT_58.0,Orange___Haunglongbing_(Citrus_greening):::OCT_386.0,False
8,False,train--validation,Orange___Haunglongbing_(Citrus_greening),train\Orange___Haunglongbing_(Citrus_greening)\27ff7dba-b0a6-4487-8359-02be3ad5e3d6___CREC_HLB 6455.JPG,train\Orange___Haunglongbing_(Citrus_greening)\c4dfb655-344e-457c-8992-1437ce8ed31a___CREC_HLB 4750.JPG,Orange___Haunglongbing_(Citrus_greening):::OCT_475.0,Orange___Haunglongbing_(Citrus_greening):::OCT_220.0,False
8,False,train--validation,Orange___Haunglongbing_(Citrus_greening),train\Orange___Haunglongbing_(Citrus_greening)\2ec74410-10e1-463d-a783-46eac50b7fc3___CREC_HLB 5014.JPG,train\Orange___Haunglongbing_(Citrus_greening)\2cba74b9-b924-4791-87fa-75d35323cfaf___CREC_HLB 5299.JPG,Orange___Haunglongbing_(Citrus_greening):::OCT_286.0,Orange___Haunglongbing_(Citrus_greening):::OCT_357.0,False
8,False,train--validation,Orange___Haunglongbing_(Citrus_greening),train\Orange___Haunglongbing_(Citrus_greening)\2ecb29a5-1d59-421f-8a1b-672a25c5f934___CREC_HLB 3902.JPG,train\Orange___Haunglongbing_(Citrus_greening)\f352d037-b3a3-4b03-8da4-f937775836b6___CREC_HLB 4382.JPG,Orange___Haunglongbing_(Citrus_greening):::OCT_9.0,Orange___Haunglongbing_(Citrus_greening):::OCT_129.0,False
8,False,train--validation,Orange___Haunglongbing_(Citrus_greening),train\Orange___Haunglongbing_(Citrus_greening)\340bb5e0-7b90-4e01-a316-0f55e8bb2030___CREC_HLB 4399.JPG,train\Orange___Haunglongbing_(Citrus_greening)\782f8420-ef79-487e-b62f-a7225e1c4872___CREC_HLB 4045.JPG,Orange___Haunglongbing_(Citrus_greening):::OCT_133.0,Orange___Haunglongbing_(Citrus_greening):::OCT_45.0,False
8,False,train--validation,Orange___Haunglongbing_(Citrus_greening),train\Orange___Haunglongbing_(Citrus_greening)\36883db6-638b-4faf-ae08-c6753910e054___UF.Citrus_HLB_Lab 1355.JPG,train\Orange___Haunglongbing_(Citrus_greening)\6401dfd4-384d-4bd4-a4ba-05320a0147d8___UF.Citrus_HLB_Lab 1349.JPG,Orange___Haunglongbing_(Citrus_greening):::87.0,Orange___Haunglongbing_(Citrus_greening):::86.0,False
8,False,train--validation,Orange___Haunglongbing_(Citrus_greening),train\Orange___Haunglongbing_(Citrus_greening)\36883db6-638b-4faf-ae08-c6753910e054___UF.Citrus_HLB_Lab 1355.JPG,train\Orange___Haunglongbing_(Citrus_greening)\bf2f7b09-ac1b-42ac-b25a-cb29889d8f1a___UF.Citrus_HLB_Lab 1343.JPG,Orange___Haunglongbing_(Citrus_greening):::87.0,Orange___Haunglongbing_(Citrus_greening):::86.0,False
8,False,train--validation,Orange___Haunglongbing_(Citrus_greening),train\Orange___Haunglongbing_(Citrus_greening)\3bd674f0-df5c-483f-89cb-4eeb1f264539___CREC_HLB 4410.JPG,train\Orange___Haunglongbing_(Citrus_greening)\e9ca9e02-0eb2-4886-8ced-ad95725819a4___CREC_HLB 6470.JPG,Orange___Haunglongbing_(Citrus_greening):::OCT_136.0,Orange___Haunglongbing_(Citrus_greening):::OCT_479.0,False
8,False,train--validation,Orange___Haunglongbing_(Citrus_greening),train\Orange___Haunglongbing_(Citrus_greening)\4c3e56f8-a94e-4d33-9c92-2b77d7a9014d___UF.Citrus_HLB_Lab 9978.JPG,train\Orange___Haunglongbing_(Citrus_greening)\2a9dc690-fc4d-4436-bb74-e943f3736078___UF.Citrus_HLB_Lab 1050.JPG,Orange___Haunglongbing_(Citrus_greening):::146.0,Orange___Haunglongbing_(Citrus_greening):::65.0,False
8,False,train--validation,Orange___Haunglongbing_(Citrus_greening),train\Orange___Haunglongbing_(Citrus_greening)\4c3e56f8-a94e-4d33-9c92-2b77d7a9014d___UF.Citrus_HLB_Lab 9978.JPG,val\Orange___Haunglongbing_(Citrus_greening)\09ba7070-776a-482a-8b42-01d7edbca73e___UF.Citrus_HLB_Lab 1212.JPG,Orange___Haunglongbing_(Citrus_greening):::146.0,Orange___Haunglongbing_(Citrus_greening):::77.0,False
8,False,train--validation,Orange___Haunglongbing_(Citrus_greening),train\Orange___Haunglongbing_(Citrus_greening)\4d86882b-9b59-4c28-a7c7-4b6bd43de3f7___UF.Citrus_HLB_Lab 1452.JPG,val\Orange___Haunglongbing_(Citrus_greening)\fc882100-e442-420a-a19d-9e87f215f85f___UF.Citrus_HLB_Lab 1494.JPG,Orange___Haunglongbing_(Citrus_greening):::92.0,Orange___Haunglongbing_(Citrus_greening):::94.0,False
8,False,train--validation,Orange___Haunglongbing_(Citrus_greening),train\Orange___Haunglongbing_(Citrus_greening)\4fd2b622-36f6-454c-ba76-d5e89a2280d1___CREC_HLB 4277.JPG,train\Orange___Haunglongbing_(Citrus_greening)\c7913cc4-8bdd-4c80-88c7-3447ffa5c9df___CREC_HLB 4665.JPG,Orange___Haunglongbing_(Citrus_greening):::OCT_103.0,Orange___Haunglongbing_(Citrus_greening):::OCT_199.0,False
8,False,train--validation,Orange___Haunglongbing_(Citrus_greening),train\Orange___Haunglongbing_(Citrus_greening)\50ea6eb1-ea91-406c-bceb-e3b923d56dbd___CREC_HLB 7849.JPG,train\Orange___Haunglongbing_(Citrus_greening)\51ac236c-10bb-43c6-9607-abba329f9bb7___CREC_HLB 4734.JPG,Orange___Haunglongbing_(Citrus_greening):::OCT_821.0,Orange___Haunglongbing_(Citrus_greening):::OCT_216.0,False
8,False,train--validation,Orange___Haunglongbing_(Citrus_greening),train\Orange___Haunglongbing_(Citrus_greening)\51261d8f-53bd-4c89-8ae6-18b15a32b961___UF.Citrus_HLB_Lab 0197.JPG,val\Orange___Haunglongbing_(Citrus_greening)\14578d3e-c4a7-464b-9b0b-1236fcda4dda___UF.Citrus_HLB_Lab 1223.JPG,Orange___Haunglongbing_(Citrus_greening):::18.0,Orange___Haunglongbing_(Citrus_greening):::77.0,False
8,False,train--validation,Orange___Haunglongbing_(Citrus_greening),train\Orange___Haunglongbing_(Citrus_greening)\52367b7e-890a-4f31-8853-60057a171a82___UF.Citrus_HLB_Lab 9870.JPG,train\Orange___Haunglongbing_(Citrus_greening)\2f1a793b-2e10-4f98-a4d0-a9e1aa955f86___UF.Citrus_HLB_Lab 1221.JPG,Orange___Haunglongbing_(Citrus_greening):::135.0,Orange___Haunglongbing_(Citrus_greening):::77.0,False
8,False,train--validation,Orange___Haunglongbing_(Citrus_greening),train\Orange___Haunglongbing_(Citrus_greening)\525ea3e3-a085-417e-873b-f34bd50b1dcd___UF.Citrus_HLB_Lab 1062.JPG,train\Orange___Haunglongbing_(Citrus_greening)\5fe0a249-6c83-4f23-97bc-f5259ae87bdf___UF.Citrus_HLB_Lab 0281.JPG,Orange___Haunglongbing_(Citrus_greening):::66.0,Orange___Haunglongbing_(Citrus_greening):::23.0,False
8,False,train--validation,Orange___Haunglongbing_(Citrus_greening),train\Orange___Haunglongbing_(Citrus_greening)\536740f8-3c35-43a6-bc42-9ebf8a4edfc1___CREC_HLB 5401.JPG,train\Orange___Haunglongbing_(Citrus_greening)\ec291e22-b93d-4d45-9241-87b66ef44072___CREC_HLB 4779.JPG,Orange___Haunglongbing_(Citrus_greening):::OCT_382.0,Orange___Haunglongbing_(Citrus_greening):::OCT_227.0,False
8,False,train--validation,Orange___Haunglongbing_(Citrus_greening),train\Orange___Haunglongbing_(Citrus_greening)\53abc124-63f8-43d7-9a76-a215f9f29ddb___CREC_HLB 6786.JPG,train\Orange___Haunglongbing_(Citrus_greening)\ae6d9ab6-6c7d-48ee-b85f-8cc2026d79a4___CREC_HLB 6790.JPG,Orange___Haunglongbing_(Citrus_greening):::OCT_558.0,Orange___Haunglongbing_(Citrus_greening):::OCT_559.0,False
8,False,train--validation,Orange___Haunglongbing_(Citrus_greening),train\Orange___Haunglongbing_(Citrus_greening)\57546099-9d43-46ed-907a-8ac0d76d9e71___CREC_HLB 4120.JPG,train\Orange___Haunglongbing_(Citrus_greening)\2c1bbde0-447e-4dd2-baa9-cd870ef415c8___CREC_HLB 4582.JPG,Orange___Haunglongbing_(Citrus_greening):::OCT_64.0,Orange___Haunglongbing_(Citrus_greening):::OCT_179.0,False
8,False,train--validation,Orange___Haunglongbing_(Citrus_greening),train\Orange___Haunglongbing_(Citrus_greening)\57e070eb-1bed-4042-8d16-096a28c36e69___UF.Citrus_HLB_Lab 0816.JPG,train\Orange___Haunglongbing_(Citrus_greening)\5fe0a249-6c83-4f23-97bc-f5259ae87bdf___UF.Citrus_HLB_Lab 0281.JPG,Orange___Haunglongbing_(Citrus_greening):::51.0,Orange___Haunglongbing_(Citrus_greening):::23.0,False
8,False,train--validation,Orange___Haunglongbing_(Citrus_greening),train\Orange___Haunglongbing_(Citrus_greening)\5c1f0d54-7aa3-4481-a5bb-beb749a01014___CREC_HLB 7172.JPG,train\Orange___Haunglongbing_(Citrus_greening)\6fcde7f5-876b-4b8a-87ea-4ff00f82e48e___CREC_HLB 7868.JPG,Orange___Haunglongbing_(Citrus_greening):::OCT_654.0,Orange___Haunglongbing_(Citrus_greening):::OCT_826.0,False
8,False,train--validation,Orange___Haunglongbing_(Citrus_greening),train\Orange___Haunglongbing_(Citrus_greening)\5d8bc662-a4e9-4280-98d4-f0715cb7290c___CREC_HLB 5269.JPG,train\Orange___Haunglongbing_(Citrus_greening)\1e6c9050-90ae-4434-9bbb-8dc135e17e9a___CREC_HLB 5301.JPG,Orange___Haunglongbing_(Citrus_greening):::OCT_349.0,Orange___Haunglongbing_(Citrus_greening):::OCT_357.0,False
8,False,train--validation,Orange___Haunglongbing_(Citrus_greening),train\Orange___Haunglongbing_(Citrus_greening)\5db1682c-5479-4b9c-9b7b-f0af86ebd520___CREC_HLB 4236.JPG,train\Orange___Haunglongbing_(Citrus_greening)\2cba74b9-b924-4791-87fa-75d35323cfaf___CREC_HLB 5299.JPG,Orange___Haunglongbing_(Citrus_greening):::OCT_93.0,Orange___Haunglongbing_(Citrus_greening):::OCT_357.0,False
8,False,train--validation,Orange___Haunglongbing_(Citrus_greening),train\Orange___Haunglongbing_(Citrus_greening)\5db1682c-5479-4b9c-9b7b-f0af86ebd520___CREC_HLB 4236.JPG,val\Orange___Haunglongbing_(Citrus_greening)\92012192-1af1-45f9-92ec-797cae6768cc___CREC_HLB 4664.JPG,Orange___Haunglongbing_(Citrus_greening):::OCT_93.0,Orange___Haunglongbing_(Citrus_greening):::OCT_199.0,False
8,False,train--validation,Orange___Haunglongbing_(Citrus_greening),train\Orange___Haunglongbing_(Citrus_greening)\5fb67cb6-c318-4119-a545-de6fe46afc81___CREC_HLB 4032.JPG,train\Orange___Haunglongbing_(Citrus_greening)\4bf406d5-11f6-4caa-946c-1ef6f0735a81___CREC_HLB 3941.JPG,Orange___Haunglongbing_(Citrus_greening):::OCT_42.0,Orange___Haunglongbing_(Citrus_greening):::OCT_19.0,False
8,False,train--validation,Orange___Haunglongbing_(Citrus_greening),train\Orange___Haunglongbing_(Citrus_greening)\637e1c73-adaa-48f5-bb66-591af98a99db___CREC_HLB 5213.JPG,val\Orange___Haunglongbing_(Citrus_greening)\e069c319-56a1-48f9-80ef-40c73ba59e4e___CREC_HLB 6628.JPG,Orange___Haunglongbing_(Citrus_greening):::OCT_335.0,Orange___Haunglongbing_(Citrus_greening):::OCT_518.0,False
8,False,train--validation,Orange___Haunglongbing_(Citrus_greening),train\Orange___Haunglongbing_(Citrus_greening)\69029a12-10c2-4fcb-a926-7ec040956ca9___UF.Citrus_HLB_Lab 1388.JPG,train\Orange___Haunglongbing_(Citrus_greening)\3da60361-29ba-4237-b165-a3a5d91b2162___UF.Citrus_HLB_Lab 1353.JPG,Orange___Haunglongbing_(Citrus_greening):::89.0,Orange___Haunglongbing_(Citrus_greening):::86.0,False
8,False,train--validation,Orange___Haunglongbing_(Citrus_greening),train\Orange___Haunglongbing_(Citrus_greening)\6c2d9744-d693-492a-9907-ab4a7ac00b23___UF.Citrus_HLB_Lab 1163.JPG,train\Orange___Haunglongbing_(Citrus_greening)\5074d213-ad0a-4cd4-9075-72c69460fd3f___UF.Citrus_HLB_Lab 1200.JPG,Orange___Haunglongbing_(Citrus_greening):::73.0,Orange___Haunglongbing_(Citrus_greening):::76.0,False
8,False,train--validation,Orange___Haunglongbing_(Citrus_greening),train\Orange___Haunglongbing_(Citrus_greening)\6cc74908-516d-4990-93bd-2fefd117c965___UF.Citrus_HLB_Lab 0193.JPG,val\Orange___Haunglongbing_(Citrus_greening)\fdf012b4-2c83-4ed2-b385-821133c34a88___UF.Citrus_HLB_Lab 0285.JPG,Orange___Haunglongbing_(Citrus_greening):::18.0,Orange___Haunglongbing_(Citrus_greening):::23.0,False
8,False,train--validation,Orange___Haunglongbing_(Citrus_greening),train\Orange___Haunglongbing_(Citrus_greening)\7425a4f2-8af1-4a75-bc8d-c646a7768871___UF.Citrus_HLB_Lab 1038.JPG,train\Orange___Haunglongbing_(Citrus_greening)\ca4f0a61-5c1e-4bbf-b0a4-dcc0adfb6b99___UF.Citrus_HLB_Lab 1207.JPG,Orange___Haunglongbing_(Citrus_greening):::64.0,Orange___Haunglongbing_(Citrus_greening):::76.0,False
8,False,train--validation,Orange___Haunglongbing_(Citrus_greening),train\Orange___Haunglongbing_(Citrus_greening)\764b579b-fb83-475b-b941-cbfc8a90eee1___CREC_HLB 6457.JPG,train\Orange___Haunglongbing_(Citrus_greening)\fdcf6e05-d8af-4762-b869-cc54b59aa0d8___CREC_HLB 6697.JPG,Orange___Haunglongbing_(Citrus_greening):::OCT_475.0,Orange___Haunglongbing_(Citrus_greening):::OCT_535.0,False
8,False,train--validation,Orange___Haunglongbing_(Citrus_greening),train\Orange___Haunglongbing_(Citrus_greening)\765036b5-a532-4a8c-ba2d-2a409d4d8254___CREC_HLB 6506.JPG,train\Orange___Haunglongbing_(Citrus_greening)\782f8420-ef79-487e-b62f-a7225e1c4872___CREC_HLB 4045.JPG,Orange___Haunglongbing_(Citrus_greening):::OCT_488.0,Orange___Haunglongbing_(Citrus_greening):::OCT_45.0,False
8,False,train--validation,Orange___Haunglongbing_(Citrus_greening),train\Orange___Haunglongbing_(Citrus_greening)\76dde262-cad0-4474-b6b2-9edac68e36e0___CREC_HLB 3967.JPG,train\Orange___Haunglongbing_(Citrus_greening)\2cba74b9-b924-4791-87fa-75d35323cfaf___CREC_HLB 5299.JPG,Orange___Haunglongbing_(Citrus_greening):::OCT_26.0,Orange___Haunglongbing_(Citrus_greening):::OCT_357.0,False
8,False,train--validation,Orange___Haunglongbing_(Citrus_greening),train\Orange___Haunglongbing_(Citrus_greening)\771e954b-6188-4fe4-9e17-e7f2cd8f9297___CREC_HLB 5310.JPG,train\Orange___Haunglongbing_(Citrus_greening)\fdcf6e05-d8af-4762-b869-cc54b59aa0d8___CREC_HLB 6697.JPG,Orange___Haunglongbing_(Citrus_greening):::OCT_359.0,Orange___Haunglongbing_(Citrus_greening):::OCT_535.0,False
8,False,train--validation,Orange___Haunglongbing_(Citrus_greening),train\Orange___Haunglongbing_(Citrus_greening)\7a8a1391-3735-41f3-9eec-26cc6a441eff___CREC_HLB 4135.JPG,val\Orange___Haunglongbing_(Citrus_greening)\28cb919e-3680-4b7f-ab66-4bfe1c808326___CREC_HLB 4257.JPG,Orange___Haunglongbing_(Citrus_greening):::OCT_68.0,Orange___Haunglongbing_(Citrus_greening):::OCT_98.0,False
8,False,train--validation,Orange___Haunglongbing_(Citrus_greening),train\Orange___Haunglongbing_(Citrus_greening)\7cd1b122-6c28-483d-8be8-59c5704baf8e___CREC_HLB 5192.JPG,train\Orange___Haunglongbing_(Citrus_greening)\7788fe9a-4310-4204-b1c0-8c9eef2db545___CREC_HLB 6763.JPG,Orange___Haunglongbing_(Citrus_greening):::OCT_330.0,Orange___Haunglongbing_(Citrus_greening):::OCT_552.0,False
8,False,train--validation,Orange___Haunglongbing_(Citrus_greening),train\Orange___Haunglongbing_(Citrus_greening)\7f7eb3a0-819f-4c6d-a46c-ba168a664b66___CREC_HLB 4493.JPG,val\Orange___Haunglongbing_(Citrus_greening)\2400d1a1-ff98-40e4-ab16-28f91621cac9___CREC_HLB 7879.JPG,Orange___Haunglongbing_(Citrus_greening):::OCT_156.0,Orange___Haunglongbing_(Citrus_greening):::OCT_828.0,False
8,False,train--validation,Orange___Haunglongbing_(Citrus_greening),train\Orange___Haunglongbing_(Citrus_greening)\7f8b9fad-e270-4ccc-8334-1315a19680ed___UF.Citrus_HLB_Lab 9974.JPG,train\Orange___Haunglongbing_(Citrus_greening)\e9b759dd-7f47-4228-9fcd-e86676665e5b___UF.Citrus_HLB_Lab 1213.JPG,Orange___Haunglongbing_(Citrus_greening):::146.0,Orange___Haunglongbing_(Citrus_greening):::77.0,False
8,False,train--validation,Orange___Haunglongbing_(Citrus_greening),train\Orange___Haunglongbing_(Citrus_greening)\7ff17bb9-66bc-4bbe-b599-63eb4bcc8982___CREC_HLB 5355.JPG,train\Orange___Haunglongbing_(Citrus_greening)\e5e2cdea-35bb-4833-a48a-88bfdf0e9ab0___CREC_HLB 7571.JPG,Orange___Haunglongbing_(Citrus_greening):::OCT_371.0,Orange___Haunglongbing_(Citrus_greening):::OCT_752.0,False
8,False,train--validation,Orange___Haunglongbing_(Citrus_greening),train\Orange___Haunglongbing_(Citrus_greening)\806af371-db34-4750-a8b0-1e03a1fc220c___UF.Citrus_HLB_Lab 0199.JPG,train\Orange___Haunglongbing_(Citrus_greening)\2a9dc690-fc4d-4436-bb74-e943f3736078___UF.Citrus_HLB_Lab 1050.JPG,Orange___Haunglongbing_(Citrus_greening):::18.0,Orange___Haunglongbing_(Citrus_greening):::65.0,False
8,False,train--validation,Orange___Haunglongbing_(Citrus_greening),train\Orange___Haunglongbing_(Citrus_greening)\82a73e58-9b60-4ba9-ad65-4035880a28cc___CREC_HLB 4983.JPG,train\Orange___Haunglongbing_(Citrus_greening)\aee9ae38-8518-4279-bddd-0fea453e4dd9___CREC_HLB 5415.JPG,Orange___Haunglongbing_(Citrus_greening):::OCT_278.0,Orange___Haunglongbing_(Citrus_greening):::OCT_386.0,False
8,False,train--validation,Orange___Haunglongbing_(Citrus_greening),train\Orange___Haunglongbing_(Citrus_greening)\8489a0c2-cedb-430c-8471-e9f0d5fe3cce___UF.Citrus_HLB_Lab 9859.JPG,train\Orange___Haunglongbing_(Citrus_greening)\c4dfb655-344e-457c-8992-1437ce8ed31a___CREC_HLB 4750.JPG,Orange___Haunglongbing_(Citrus_greening):::134.0,Orange___Haunglongbing_(Citrus_greening):::OCT_220.0,False
8,False,train--validation,Orange___Haunglongbing_(Citrus_greening),train\Orange___Haunglongbing_(Citrus_greening)\857a7d3c-b788-4465-89e4-fd87bcab5fa3___CREC_HLB 4320.JPG,val\Orange___Haunglongbing_(Citrus_greening)\73e92a13-59d7-4641-8700-e85b543e74f1___CREC_HLB 6930.JPG,Orange___Haunglongbing_(Citrus_greening):::OCT_113.0,Orange___Haunglongbing_(Citrus_greening):::OCT_593.0,False
8,False,train--validation,Orange___Haunglongbing_(Citrus_greening),train\Orange___Haunglongbing_(Citrus_greening)\8787bebf-5418-4a78-b36d-a01914ae919f___UF.Citrus_HLB_Lab 1068.JPG,train\Orange___Haunglongbing_(Citrus_greening)\379fba2e-2f85-4161-aa68-fbc2038a2394___UF.Citrus_HLB_Lab 9907.JPG,Orange___Haunglongbing_(Citrus_greening):::66.0,Orange___Haunglongbing_(Citrus_greening):::139.0,False
8,False,train--validation,Orange___Haunglongbing_(Citrus_greening),train\Orange___Haunglongbing_(Citrus_greening)\8b60ed4e-c2ca-43a6-9eda-558655091095___CREC_HLB 4415.JPG,train\Orange___Haunglongbing_(Citrus_greening)\ac23c8e7-5320-4440-acef-04f67d53a8b3___CREC_HLB 7611.JPG,Orange___Haunglongbing_(Citrus_greening):::OCT_137.0,Orange___Haunglongbing_(Citrus_greening):::OCT_762.0,False
8,False,train--validation,Orange___Haunglongbing_(Citrus_greening),train\Orange___Haunglongbing_(Citrus_greening)\8e565ff7-ba07-426a-972a-4279c856f6fd___CREC_HLB 5692.JPG,train\Orange___Haunglongbing_(Citrus_greening)\602b8003-bcd2-4c4c-bcae-dd29c0b81408___CREC_HLB 7869.JPG,Orange___Haunglongbing_(Citrus_greening):::OCT_454.0,Orange___Haunglongbing_(Citrus_greening):::OCT_826.0,False
8,False,train--validation,Orange___Haunglongbing_(Citrus_greening),train\Orange___Haunglongbing_(Citrus_greening)\8f7cf927-0d79-41ef-9ac0-a4de8373effa___CREC_HLB 4217.JPG,train\Orange___Haunglongbing_(Citrus_greening)\af19a087-fbf4-45c3-b777-72a15fd245a6___CREC_HLB 5417.JPG,Orange___Haunglongbing_(Citrus_greening):::OCT_88.0,Orange___Haunglongbing_(Citrus_greening):::OCT_386.0,False
8,False,train--validation,Orange___Haunglongbing_(Citrus_greening),train\Orange___Haunglongbing_(Citrus_greening)\902227ce-0661-433d-884b-82578b3ff9a0___CREC_HLB 4171.JPG,train\Orange___Haunglongbing_(Citrus_greening)\35f16024-14f3-43d6-8e35-8acf193f5753___CREC_HLB 6402.JPG,Orange___Haunglongbing_(Citrus_greening):::OCT_77.0,Orange___Haunglongbing_(Citrus_greening):::OCT_462.0,False
8,False,train--validation,Orange___Haunglongbing_(Citrus_greening),train\Orange___Haunglongbing_(Citrus_greening)\92a8c5ea-a129-4b4c-b31b-224a513c1648___CREC_HLB 4097.JPG,train\Orange___Haunglongbing_(Citrus_greening)\bb1b4b11-a741-4dd9-8fcf-d45a0c464e22___CREC_HLB 6472.JPG,Orange___Haunglongbing_(Citrus_greening):::OCT_58.0,Orange___Haunglongbing_(Citrus_greening):::OCT_479.0,False
8,False,train--validation,Orange___Haunglongbing_(Citrus_greening),train\Orange___Haunglongbing_(Citrus_greening)\96d710d7-3fb0-4d25-87df-8b215599000b___UF.Citrus_HLB_Lab 0251.JPG,train\Orange___Haunglongbing_(Citrus_greening)\f4bd9cd4-d1df-4dd7-a12a-c41520b1e079___UF.Citrus_HLB_Lab 9826.JPG,Orange___Haunglongbing_(Citrus_greening):::21.0,Orange___Haunglongbing_(Citrus_greening):::131.0,False
8,False,train--validation,Orange___Haunglongbing_(Citrus_greening),train\Orange___Haunglongbing_(Citrus_greening)\9acd639b-48d2-43ca-b677-e3ce89296be5___CREC_HLB 5552.JPG,train\Orange___Haunglongbing_(Citrus_greening)\9b0a8e84-2627-46f1-b977-6b7fb5132e4a___CREC_HLB 4044.JPG,Orange___Haunglongbing_(Citrus_greening):::OCT_420.0,Orange___Haunglongbing_(Citrus_greening):::OCT_45.0,False
8,False,train--validation,Orange___Haunglongbing_(Citrus_greening),train\Orange___Haunglongbing_(Citrus_greening)\9b92a4a6-e2d9-4de1-bee2-0b78586212a5___UF.Citrus_HLB_Lab 9894.JPG,train\Orange___Haunglongbing_(Citrus_greening)\9a2e0736-7a18-477a-8733-3d26b9fc0f82___UF.Citrus_HLB_Lab 1214.JPG,Orange___Haunglongbing_(Citrus_greening):::138.0,Orange___Haunglongbing_(Citrus_greening):::77.0,False
8,False,train--validation,Orange___Haunglongbing_(Citrus_greening),train\Orange___Haunglongbing_(Citrus_greening)\9b95a55c-1769-4023-a5cd-a5f0b7abb299___CREC_HLB 5526.JPG,train\Orange___Haunglongbing_(Citrus_greening)\46fb743d-4aec-4f15-82b6-0bf558f4fb77___CREC_HLB 4662.JPG,Orange___Haunglongbing_(Citrus_greening):::OCT_413.0,Orange___Haunglongbing_(Citrus_greening):::OCT_199.0,False
8,False,train--validation,Orange___Haunglongbing_(Citrus_greening),train\Orange___Haunglongbing_(Citrus_greening)\9c7ce91d-dce6-4aa4-8330-af5ae3fe945e___CREC_HLB 7802.JPG,train\Orange___Haunglongbing_(Citrus_greening)\836f124c-c420-40d0-9101-f888ce2b6aea___CREC_HLB 4777.JPG,Orange___Haunglongbing_(Citrus_greening):::OCT_809.0,Orange___Haunglongbing_(Citrus_greening):::OCT_227.0,False
8,False,train--validation,Orange___Haunglongbing_(Citrus_greening),train\Orange___Haunglongbing_(Citrus_greening)\9c7ce91d-dce6-4aa4-8330-af5ae3fe945e___CREC_HLB 7802.JPG,train\Orange___Haunglongbing_(Citrus_greening)\e5e2cdea-35bb-4833-a48a-88bfdf0e9ab0___CREC_HLB 7571.JPG,Orange___Haunglongbing_(Citrus_greening):::OCT_809.0,Orange___Haunglongbing_(Citrus_greening):::OCT_752.0,False
8,False,train--validation,Orange___Haunglongbing_(Citrus_greening),train\Orange___Haunglongbing_(Citrus_greening)\9da84c41-f7ba-463a-b268-3c0e2b383f7c___CREC_HLB 4988.JPG,train\Orange___Haunglongbing_(Citrus_greening)\69098935-5378-4a6f-aad0-dc1d67f0350b___CREC_HLB 4616.JPG,Orange___Haunglongbing_(Citrus_greening):::OCT_279.0,Orange___Haunglongbing_(Citrus_greening):::OCT_187.0,False
8,False,train--validation,Orange___Haunglongbing_(Citrus_greening),train\Orange___Haunglongbing_(Citrus_greening)\a28855c0-0d61-4a1e-8ec7-34d9de50e4ad___CREC_HLB 7440.JPG,train\Orange___Haunglongbing_(Citrus_greening)\5e7ff7af-57cb-4140-a5df-2cadc0ebe578___CREC_HLB 7633.JPG,Orange___Haunglongbing_(Citrus_greening):::OCT_720.0,Orange___Haunglongbing_(Citrus_greening):::OCT_767.0,False
8,False,train--validation,Orange___Haunglongbing_(Citrus_greening),train\Orange___Haunglongbing_(Citrus_greening)\a601a68e-9991-4767-b35d-34645b9834e3___CREC_HLB 4569.JPG,train\Orange___Haunglongbing_(Citrus_greening)\e5e2cdea-35bb-4833-a48a-88bfdf0e9ab0___CREC_HLB 7571.JPG,Orange___Haunglongbing_(Citrus_greening):::OCT_175.0,Orange___Haunglongbing_(Citrus_greening):::OCT_752.0,False
8,False,train--validation,Orange___Haunglongbing_(Citrus_greening),train\Orange___Haunglongbing_(Citrus_greening)\a6ede709-c584-4a6c-81fa-34b90704f1a6___UF.Citrus_HLB_Lab 0970.JPG,train\Orange___Haunglongbing_(Citrus_greening)\935b40b1-1a2e-422a-b8bf-ad37b73a66d7___UF.Citrus_HLB_Lab 0104.JPG,Orange___Haunglongbing_(Citrus_greening):::60.0,Orange___Haunglongbing_(Citrus_greening):::11.0,False
8,False,train--validation,Orange___Haunglongbing_(Citrus_greening),train\Orange___Haunglongbing_(Citrus_greening)\a868c3ef-7942-48cf-a8c4-af449e7dfa2d___CREC_HLB 5500.JPG,train\Orange___Haunglongbing_(Citrus_greening)\2be534b7-1fa0-4120-980c-3233be0e1d95___CREC_HLB 4256.JPG,Orange___Haunglongbing_(Citrus_greening):::OCT_407.0,Orange___Haunglongbing_(Citrus_greening):::OCT_98.0,False
8,False,train--validation,Orange___Haunglongbing_(Citrus_greening),train\Orange___Haunglongbing_(Citrus_greening)\a8b7366c-d0f5-4b52-97fc-c0441c61fa22___CREC_HLB 7081.JPG,train\Orange___Haunglongbing_(Citrus_greening)\46fb743d-4aec-4f15-82b6-0bf558f4fb77___CREC_HLB 4662.JPG,Orange___Haunglongbing_(Citrus_greening):::OCT_631.0,Orange___Haunglongbing_(Citrus_greening):::OCT_199.0,False
8,False,train--validation,Orange___Haunglongbing_(Citrus_greening),train\Orange___Haunglongbing_(Citrus_greening)\abcbc826-aa9d-4efa-b3d5-e36216fa3cd7___CREC_HLB 4391.JPG,train\Orange___Haunglongbing_(Citrus_greening)\df407211-3d91-4a05-a158-bb0ad7a27630___CREC_HLB 5576.JPG,Orange___Haunglongbing_(Citrus_greening):::OCT_131.0,Orange___Haunglongbing_(Citrus_greening):::OCT_426.0,False
8,False,train--validation,Orange___Haunglongbing_(Citrus_greening),train\Orange___Haunglongbing_(Citrus_greening)\b648bfd5-f3f7-4849-b3a6-3a6a10c48807___CREC_HLB 4116.JPG,train\Orange___Haunglongbing_(Citrus_greening)\51ac236c-10bb-43c6-9607-abba329f9bb7___CREC_HLB 4734.JPG,Orange___Haunglongbing_(Citrus_greening):::OCT_63.0,Orange___Haunglongbing_(Citrus_greening):::OCT_216.0,False
8,False,train--validation,Orange___Haunglongbing_(Citrus_greening),train\Orange___Haunglongbing_(Citrus_greening)\b861cb0f-3d26-4dfa-9796-1306037a458b___CREC_HLB 5307.JPG,train\Orange___Haunglongbing_(Citrus_greening)\2cba74b9-b924-4791-87fa-75d35323cfaf___CREC_HLB 5299.JPG,Orange___Haunglongbing_(Citrus_greening):::OCT_359.0,Orange___Haunglongbing_(Citrus_greening):::OCT_357.0,False
8,False,train--validation,Orange___Haunglongbing_(Citrus_greening),train\Orange___Haunglongbing_(Citrus_greening)\b8672a7e-6166-4964-ae13-016bc87c794f___CREC_HLB 7804.JPG,train\Orange___Haunglongbing_(Citrus_greening)\1374c925-cc1b-4bd5-b701-47eef6398587___CREC_HLB 5263.JPG,Orange___Haunglongbing_(Citrus_greening):::OCT_810.0,Orange___Haunglongbing_(Citrus_greening):::OCT_348.0,False
8,False,train--validation,Orange___Haunglongbing_(Citrus_greening),train\Orange___Haunglongbing_(Citrus_greening)\c2170b6c-9003-49bc-a3aa-3d9e3a42657b___CREC_HLB 5527.JPG,train\Orange___Haunglongbing_(Citrus_greening)\f0d185ab-2eed-4068-a78b-09a642e87f3b___CREC_HLB 5579.JPG,Orange___Haunglongbing_(Citrus_greening):::OCT_413.0,Orange___Haunglongbing_(Citrus_greening):::OCT_426.0,False
8,False,train--validation,Orange___Haunglongbing_(Citrus_greening),train\Orange___Haunglongbing_(Citrus_greening)\c230f1d9-95ed-420a-bbf5-c8060cdedc4c___CREC_HLB 7709.JPG,train\Orange___Haunglongbing_(Citrus_greening)\caa816c9-496e-42d9-9aa3-74140d107574___CREC_HLB 7077.JPG,Orange___Haunglongbing_(Citrus_greening):::OCT_786.0,Orange___Haunglongbing_(Citrus_greening):::OCT_630.0,False
8,False,train--validation,Orange___Haunglongbing_(Citrus_greening),train\Orange___Haunglongbing_(Citrus_greening)\c29ec99a-367b-424a-890e-5065842d42eb___CREC_HLB 5108.JPG,train\Orange___Haunglongbing_(Citrus_greening)\0fe557bf-d9d7-4da8-80c1-14db3359b1f8___CREC_HLB 3940.JPG,Orange___Haunglongbing_(Citrus_greening):::OCT_309.0,Orange___Haunglongbing_(Citrus_greening):::OCT_19.0,False
8,False,train--validation,Orange___Haunglongbing_(Citrus_greening),train\Orange___Haunglongbing_(Citrus_greening)\c8f5394b-f88f-4e09-bab4-f93a0ad52b3e___CREC_HLB 4226.JPG,train\Orange___Haunglongbing_(Citrus_greening)\11e9d7be-f9db-41f7-8e37-6c90cb4b8de2___CREC_HLB 6694.JPG,Orange___Haunglongbing_(Citrus_greening):::OCT_90.0,Orange___Haunglongbing_(Citrus_greening):::OCT_535.0,False
8,False,train--validation,Orange___Haunglongbing_(Citrus_greening),train\Orange___Haunglongbing_(Citrus_greening)\c8f5394b-f88f-4e09-bab4-f93a0ad52b3e___CREC_HLB 4226.JPG,train\Orange___Haunglongbing_(Citrus_greening)\e5e2cdea-35bb-4833-a48a-88bfdf0e9ab0___CREC_HLB 7571.JPG,Orange___Haunglongbing_(Citrus_greening):::OCT_90.0,Orange___Haunglongbing_(Citrus_greening):::OCT_752.0,False
8,False,train--validation,Orange___Haunglongbing_(Citrus_greening),train\Orange___Haunglongbing_(Citrus_greening)\ce9f0209-2b92-48fc-b74b-f3fe409fdb62___CREC_HLB 3994.JPG,train\Orange___Haunglongbing_(Citrus_greening)\836f124c-c420-40d0-9101-f888ce2b6aea___CREC_HLB 4777.JPG,Orange___Haunglongbing_(Citrus_greening):::OCT_32.0,Orange___Haunglongbing_(Citrus_greening):::OCT_227.0,False
8,False,train--validation,Orange___Haunglongbing_(Citrus_greening),train\Orange___Haunglongbing_(Citrus_greening)\ced70e82-b655-4a0a-822a-8c31d04a7dad___CREC_HLB 6895.JPG,train\Orange___Haunglongbing_(Citrus_greening)\cbf0a6c0-6507-4a6a-8f71-4de639af6858___CREC_HLB 5715.JPG,Orange___Haunglongbing_(Citrus_greening):::OCT_585.0,Orange___Haunglongbing_(Citrus_greening):::OCT_460.0,False
8,False,train--validation,Orange___Haunglongbing_(Citrus_greening),train\Orange___Haunglongbing_(Citrus_greening)\d2a924e3-716d-4752-8702-8840b0731c55___CREC_HLB 5131.JPG,train\Orange___Haunglongbing_(Citrus_greening)\51e56b04-fd16-4fa2-ba8f-78a44a9b8ca4___CREC_HLB 4745.JPG,Orange___Haunglongbing_(Citrus_greening):::OCT_315.0,Orange___Haunglongbing_(Citrus_greening):::OCT_219.0,False
8,False,train--validation,Orange___Haunglongbing_(Citrus_greening),train\Orange___Haunglongbing_(Citrus_greening)\d6bdfaa9-61c1-4bc6-9a02-32e73daa1fcf___CREC_HLB 5564.JPG,train\Orange___Haunglongbing_(Citrus_greening)\ba469ee6-3d38-4e31-aeaf-621bc8fa7dc7___CREC_HLB 4127.JPG,Orange___Haunglongbing_(Citrus_greening):::OCT_423.0,Orange___Haunglongbing_(Citrus_greening):::OCT_66.0,False
8,False,train--validation,Orange___Haunglongbing_(Citrus_greening),train\Orange___Haunglongbing_(Citrus_greening)\dafb2e57-90e4-48a8-8c0a-edc6ed565624___CREC_HLB 4138.JPG,val\Orange___Haunglongbing_(Citrus_greening)\feb42965-29e9-40fa-9a92-4a6238078819___CREC_HLB 4351.JPG,Orange___Haunglongbing_(Citrus_greening):::OCT_68.0,Orange___Haunglongbing_(Citrus_greening):::OCT_121.0,False
8,False,train--validation,Orange___Haunglongbing_(Citrus_greening),train\Orange___Haunglongbing_(Citrus_greening)\dcd87cfa-ba71-4a80-8ca2-a8d8a478f442___UF.Citrus_HLB_Lab 0891.JPG,val\Orange___Haunglongbing_(Citrus_greening)\3b8bc31d-32cf-4e2a-b8df-5faaa157d072___UF.Citrus_HLB_Lab 1202.JPG,Orange___Haunglongbing_(Citrus_greening):::55.0,Orange___Haunglongbing_(Citrus_greening):::76.0,False
8,False,train--validation,Orange___Haunglongbing_(Citrus_greening),train\Orange___Haunglongbing_(Citrus_greening)\dd34b459-ba75-450a-be07-433fc448ee18___UF.Citrus_HLB_Lab 1654.JPG,train\Orange___Haunglongbing_(Citrus_greening)\5074d213-ad0a-4cd4-9075-72c69460fd3f___UF.Citrus_HLB_Lab 1200.JPG,Orange___Haunglongbing_(Citrus_greening):::104.0,Orange___Haunglongbing_(Citrus_greening):::76.0,False
8,False,train--validation,Orange___Haunglongbing_(Citrus_greening),train\Orange___Haunglongbing_(Citrus_greening)\e4ac1069-3054-41fd-8b93-f8e939256d82___UF.Citrus_HLB_Lab 9661.JPG,train\Orange___Haunglongbing_(Citrus_greening)\c99178d9-24cf-453d-8122-fc934efb065d___UF.Citrus_HLB_Lab 1204.JPG,Orange___Haunglongbing_(Citrus_greening):::114.0,Orange___Haunglongbing_(Citrus_greening):::76.0,False
8,False,train--validation,Orange___Haunglongbing_(Citrus_greening),train\Orange___Haunglongbing_(Citrus_greening)\e56cd727-d5b2-415c-8831-6d023e4c64aa___CREC_HLB 7685.JPG,train\Orange___Haunglongbing_(Citrus_greening)\013a85ae-e159-49c2-865d-03079253fc74___CREC_HLB 4518.JPG,Orange___Haunglongbing_(Citrus_greening):::OCT_780.0,Orange___Haunglongbing_(Citrus_greening):::OCT_163.0,False
8,False,train--validation,Orange___Haunglongbing_(Citrus_greening),train\Orange___Haunglongbing_(Citrus_greening)\e56cd727-d5b2-415c-8831-6d023e4c64aa___CREC_HLB 7685.JPG,train\Orange___Haunglongbing_(Citrus_greening)\538b1706-fec8-471c-9581-81a2740c2540___CREC_HLB 4046.JPG,Orange___Haunglongbing_(Citrus_greening):::OCT_780.0,Orange___Haunglongbing_(Citrus_greening):::OCT_45.0,False
8,False,train--validation,Orange___Haunglongbing_(Citrus_greening),train\Orange___Haunglongbing_(Citrus_greening)\e7ed6328-8f15-4122-addd-385be34dc522___CREC_HLB 5170.JPG,train\Orange___Haunglongbing_(Citrus_greening)\8dd1c2af-a379-4e1b-bf1d-6e1b73fc4bbb___CREC_HLB 4723.JPG,Orange___Haunglongbing_(Citrus_greening):::OCT_324.0,Orange___Haunglongbing_(Citrus_greening):::OCT_214.0,False
8,False,train--validation,Orange___Haunglongbing_(Citrus_greening),train\Orange___Haunglongbing_(Citrus_greening)\ebab3649-ce60-4043-9c50-c1c734914bab___CREC_HLB 4200.JPG,train\Orange___Haunglongbing_(Citrus_greening)\c967e866-61ad-4524-97b8-91c0f2cda131___CREC_HLB 4306.JPG,Orange___Haunglongbing_(Citrus_greening):::OCT_84.0,Orange___Haunglongbing_(Citrus_greening):::OCT_110.0,False
8,False,train--validation,Orange___Haunglongbing_(Citrus_greening),train\Orange___Haunglongbing_(Citrus_greening)\effb81ef-6306-4645-8c19-17d12c1e04e3___CREC_HLB 4101.JPG,train\Orange___Haunglongbing_(Citrus_greening)\c7913cc4-8bdd-4c80-88c7-3447ffa5c9df___CREC_HLB 4665.JPG,Orange___Haunglongbing_(Citrus_greening):::OCT_59.0,Orange___Haunglongbing_(Citrus_greening):::OCT_199.0,False
8,False,train--validation,Orange___Haunglongbing_(Citrus_greening),train\Orange___Haunglongbing_(Citrus_greening)\f1f64819-11fb-4916-814b-62a395674550___UF.Citrus_HLB_Lab 1124.JPG,train\Orange___Haunglongbing_(Citrus_greening)\6f0d7489-7122-4e38-bfe4-1bd6a26c2bdc___UF.Citrus_HLB_Lab 1203.JPG,Orange___Haunglongbing_(Citrus_greening):::70.0,Orange___Haunglongbing_(Citrus_greening):::76.0,False
8,False,train--validation,Orange___Haunglongbing_(Citrus_greening),train\Orange___Haunglongbing_(Citrus_greening)\f3dd93be-3e7b-468d-83aa-6f1e48e2a115___CREC_HLB 5514.JPG,train\Orange___Haunglongbing_(Citrus_greening)\66fbc7a4-f095-4d3c-b7d3-c9b962e2ac71___CREC_HLB 7871.JPG,Orange___Haunglongbing_(Citrus_greening):::OCT_410.0,Orange___Haunglongbing_(Citrus_greening):::OCT_826.0,False
8,False,train--validation,Orange___Haunglongbing_(Citrus_greening),train\Orange___Haunglongbing_(Citrus_greening)\f5973acf-c36e-4266-831a-ed00d16176f3___CREC_HLB 3872.JPG,train\Orange___Haunglongbing_(Citrus_greening)\73c4b5b1-a186-4ef3-b408-0b092d198b1e___CREC_HLB 7569.JPG,Orange___Haunglongbing_(Citrus_greening):::OCT_2.0,Orange___Haunglongbing_(Citrus_greening):::OCT_752.0,False
8,False,train--validation,Orange___Haunglongbing_(Citrus_greening),train\Orange___Haunglongbing_(Citrus_greening)\f5a961eb-0879-4622-b568-bd35029c835b___CREC_HLB 5200.JPG,train\Orange___Haunglongbing_(Citrus_greening)\db99d408-6165-431b-959a-9f91d0fda001___CREC_HLB 4144.JPG,Orange___Haunglongbing_(Citrus_greening):::OCT_332.0,Orange___Haunglongbing_(Citrus_greening):::OCT_70.0,False
8,False,train--validation,Orange___Haunglongbing_(Citrus_greening),train\Orange___Haunglongbing_(Citrus_greening)\f5c2a95f-033c-441f-bbbd-193b957092d9___CREC_HLB 5520.JPG,train\Orange___Haunglongbing_(Citrus_greening)\6811bbb2-5b54-432f-8ef3-0141a3d90c20___CREC_HLB 4128.JPG,Orange___Haunglongbing_(Citrus_greening):::OCT_412.0,Orange___Haunglongbing_(Citrus_greening):::OCT_66.0,False
8,False,train--validation,Orange___Haunglongbing_(Citrus_greening),train\Orange___Haunglongbing_(Citrus_greening)\f9203c7a-1fec-4eda-81bd-5321cc4f3e5d___CREC_HLB 4992.JPG,train\Orange___Haunglongbing_(Citrus_greening)\69098935-5378-4a6f-aad0-dc1d67f0350b___CREC_HLB 4616.JPG,Orange___Haunglongbing_(Citrus_greening):::OCT_280.0,Orange___Haunglongbing_(Citrus_greening):::OCT_187.0,False
8,False,train--validation,Orange___Haunglongbing_(Citrus_greening),val\Orange___Haunglongbing_(Citrus_greening)\0d1c81c8-6d72-42f1-9c71-18055e275a50___CREC_HLB 7416.JPG,train\Orange___Haunglongbing_(Citrus_greening)\5e7ff7af-57cb-4140-a5df-2cadc0ebe578___CREC_HLB 7633.JPG,Orange___Haunglongbing_(Citrus_greening):::OCT_714.0,Orange___Haunglongbing_(Citrus_greening):::OCT_767.0,False
8,False,train--validation,Orange___Haunglongbing_(Citrus_greening),val\Orange___Haunglongbing_(Citrus_greening)\15310841-ef09-419f-9fc8-610c945f50eb___UF.Citrus_HLB_Lab 1191.JPG,train\Orange___Haunglongbing_(Citrus_greening)\388fc281-3b05-47d7-8e36-616f05687aec___UF.Citrus_HLB_Lab 1210.JPG,Orange___Haunglongbing_(Citrus_greening):::75.0,Orange___Haunglongbing_(Citrus_greening):::76.0,False
8,False,train--validation,Orange___Haunglongbing_(Citrus_greening),val\Orange___Haunglongbing_(Citrus_greening)\3d80b795-078b-42e0-80dc-b2cec7fdc43a___CREC_HLB 7850.JPG,train\Orange___Haunglongbing_(Citrus_greening)\fdcf6e05-d8af-4762-b869-cc54b59aa0d8___CREC_HLB 6697.JPG,Orange___Haunglongbing_(Citrus_greening):::OCT_821.0,Orange___Haunglongbing_(Citrus_greening):::OCT_535.0,False
8,False,train--validation,Orange___Haunglongbing_(Citrus_greening),val\Orange___Haunglongbing_(Citrus_greening)\3ff533e4-1a70-4f0b-828d-016b2975274b___CREC_HLB 5563.JPG,train\Orange___Haunglongbing_(Citrus_greening)\2392dac9-66a1-4d90-9f75-1e60d6f6ba3e___CREC_HLB 4780.JPG,Orange___Haunglongbing_(Citrus_greening):::OCT_422.0,Orange___Haunglongbing_(Citrus_greening):::OCT_227.0,False
8,False,train--validation,Orange___Haunglongbing_(Citrus_greening),val\Orange___Haunglongbing_(Citrus_greening)\4a3d6de2-a62d-4f1b-8a20-0536cde50fdd___CREC_HLB 5305.JPG,train\Orange___Haunglongbing_(Citrus_greening)\fdcf6e05-d8af-4762-b869-cc54b59aa0d8___CREC_HLB 6697.JPG,Orange___Haunglongbing_(Citrus_greening):::OCT_358.0,Orange___Haunglongbing_(Citrus_greening):::OCT_535.0,False
8,False,train--validation,Orange___Haunglongbing_(Citrus_greening),val\Orange___Haunglongbing_(Citrus_greening)\58c3cda8-7dd0-4ee8-a7de-5a75b8111221___CREC_HLB 6494.JPG,val\Orange___Haunglongbing_(Citrus_greening)\e069c319-56a1-48f9-80ef-40c73ba59e4e___CREC_HLB 6628.JPG,Orange___Haunglongbing_(Citrus_greening):::OCT_485.0,Orange___Haunglongbing_(Citrus_greening):::OCT_518.0,False
8,False,train--validation,Orange___Haunglongbing_(Citrus_greening),val\Orange___Haunglongbing_(Citrus_greening)\789935a3-7e6d-4c80-a44d-6c3bd4477857___CREC_HLB 6515.JPG,val\Orange___Haunglongbing_(Citrus_greening)\92012192-1af1-45f9-92ec-797cae6768cc___CREC_HLB 4664.JPG,Orange___Haunglongbing_(Citrus_greening):::OCT_490.0,Orange___Haunglongbing_(Citrus_greening):::OCT_199.0,False
8,False,train--validation,Orange___Haunglongbing_(Citrus_greening),val\Orange___Haunglongbing_(Citrus_greening)\7fb5dc78-4739-4710-905d-763d93e29351___UF.Citrus_HLB_Lab 0476.JPG,val\Orange___Haunglongbing_(Citrus_greening)\88c71f52-8e0a-4234-a775-6b32e41e69e4___UF.Citrus_HLB_Lab 9731.JPG,Orange___Haunglongbing_(Citrus_greening):::35.0,Orange___Haunglongbing_(Citrus_greening):::121.0,False
8,False,train--validation,Orange___Haunglongbing_(Citrus_greening),val\Orange___Haunglongbing_(Citrus_greening)\800efc63-416d-4dc3-b7fb-07b2e7240748___CREC_HLB 5309.JPG,train\Orange___Haunglongbing_(Citrus_greening)\1e6c9050-90ae-4434-9bbb-8dc135e17e9a___CREC_HLB 5301.JPG,Orange___Haunglongbing_(Citrus_greening):::OCT_359.0,Orange___Haunglongbing_(Citrus_greening):::OCT_357.0,False
8,False,train--validation,Orange___Haunglongbing_(Citrus_greening),val\Orange___Haunglongbing_(Citrus_greening)\821a81aa-11db-49d1-9c56-292221746d05___CREC_HLB 4911.JPG,train\Orange___Haunglongbing_(Citrus_greening)\0fe557bf-d9d7-4da8-80c1-14db3359b1f8___CREC_HLB 3940.JPG,Orange___Haunglongbing_(Citrus_greening):::OCT_260.0,Orange___Haunglongbing_(Citrus_greening):::OCT_19.0,False
8,False,train--validation,Orange___Haunglongbing_(Citrus_greening),val\Orange___Haunglongbing_(Citrus_greening)\97821256-6de6-4cf8-ab71-12958c2a0e05___CREC_HLB 5099.JPG,train\Orange___Haunglongbing_(Citrus_greening)\673368af-725d-4bbb-944f-e338b1aaf96f___CREC_HLB 4305.JPG,Orange___Haunglongbing_(Citrus_greening):::OCT_307.0,Orange___Haunglongbing_(Citrus_greening):::OCT_110.0,False
8,False,train--validation,Orange___Haunglongbing_(Citrus_greening),val\Orange___Haunglongbing_(Citrus_greening)\a35daaea-d35f-44e7-9ca1-97b7aa5cdceb___CREC_HLB 5106.JPG,train\Orange___Haunglongbing_(Citrus_greening)\1374c925-cc1b-4bd5-b701-47eef6398587___CREC_HLB 5263.JPG,Orange___Haunglongbing_(Citrus_greening):::OCT_308.0,Orange___Haunglongbing_(Citrus_greening):::OCT_348.0,False
8,False,train--validation,Orange___Haunglongbing_(Citrus_greening),val\Orange___Haunglongbing_(Citrus_greening)\a5331103-a96f-49fa-b311-0cf7cf5a1460___UF.Citrus_HLB_Lab 1662.JPG,val\Orange___Haunglongbing_(Citrus_greening)\4b53935d-9920-41f4-8654-4634f2aabb93___UF.Citrus_HLB_Lab 1501.JPG,Orange___Haunglongbing_(Citrus_greening):::104.0,Orange___Haunglongbing_(Citrus_greening):::94.0,False
8,False,train--validation,Orange___Haunglongbing_(Citrus_greening),val\Orange___Haunglongbing_(Citrus_greening)\a904d801-11bb-45d3-9ed1-5753eb9b1843___CREC_HLB 5172.JPG,train\Orange___Haunglongbing_(Citrus_greening)\9b2ab42c-0342-4a81-a01b-573b9e366895___CREC_HLB 5364.JPG,Orange___Haunglongbing_(Citrus_greening):::OCT_325.0,Orange___Haunglongbing_(Citrus_greening):::OCT_373.0,False
8,False,train--validation,Orange___Haunglongbing_(Citrus_greening),val\Orange___Haunglongbing_(Citrus_greening)\b986d717-aba8-4448-8e28-78f827c892e1___CREC_HLB 5516.JPG,train\Orange___Haunglongbing_(Citrus_greening)\0fe557bf-d9d7-4da8-80c1-14db3359b1f8___CREC_HLB 3940.JPG,Orange___Haunglongbing_(Citrus_greening):::OCT_411.0,Orange___Haunglongbing_(Citrus_greening):::OCT_19.0,False
8,False,train--validation,Orange___Haunglongbing_(Citrus_greening),val\Orange___Haunglongbing_(Citrus_greening)\c0730a3b-538f-4613-a3f3-6386b8a6a216___CREC_HLB 4092.JPG,train\Orange___Haunglongbing_(Citrus_greening)\9b0a8e84-2627-46f1-b977-6b7fb5132e4a___CREC_HLB 4044.JPG,Orange___Haunglongbing_(Citrus_greening):::OCT_57.0,Orange___Haunglongbing_(Citrus_greening):::OCT_45.0,False
8,False,train--validation,Orange___Haunglongbing_(Citrus_greening),val\Orange___Haunglongbing_(Citrus_greening)\e8649328-94a6-4fdb-a0ba-c9bb005680ba___UF.Citrus_HLB_Lab 1193.JPG,train\Orange___Haunglongbing_(Citrus_greening)\6f0d7489-7122-4e38-bfe4-1bd6a26c2bdc___UF.Citrus_HLB_Lab 1203.JPG,Orange___Haunglongbing_(Citrus_greening):::75.0,Orange___Haunglongbing_(Citrus_greening):::76.0,False
8,False,train--validation,Orange___Haunglongbing_(Citrus_greening),val\Orange___Haunglongbing_(Citrus_greening)\e8649328-94a6-4fdb-a0ba-c9bb005680ba___UF.Citrus_HLB_Lab 1193.JPG,train\Orange___Haunglongbing_(Citrus_greening)\ee2bc92b-b894-4873-ba7f-255274bb3696___UF.Citrus_HLB_Lab 1209.JPG,Orange___Haunglongbing_(Citrus_greening):::75.0,Orange___Haunglongbing_(Citrus_greening):::76.0,False
8,False,train--validation,Orange___Haunglongbing_(Citrus_greening),val\Orange___Haunglongbing_(Citrus_greening)\fb5c934e-43e9-4189-8b41-5b60b3478e47___UF.Citrus_HLB_Lab 1319.JPG,val\Orange___Haunglongbing_(Citrus_greening)\11bdfcfd-efbc-48d1-9623-e3a91da5a3d5___UF.Citrus_HLB_Lab 1216.JPG,Orange___Haunglongbing_(Citrus_greening):::84.0,Orange___Haunglongbing_(Citrus_greening):::77.0,False
8,False,train--validation,Peach___Bacterial_spot,train\Peach___Bacterial_spot\0a6adaa8-0fa2-45b0-ade5-f54dfa9032af___Rut._Bact.S 0841.JPG,train\Peach___Bacterial_spot\6efc9fea-0aac-45d8-b9c8-3f8707e41ad0___Rutg._Bact.S 2214.JPG,Peach___Bacterial_spot:::18.0,Peach___Bacterial_spot:::312.0,False
8,False,train--validation,Peach___Bacterial_spot,train\Peach___Bacterial_spot\1150d1df-5db3-43fe-80fb-47b371ea22b4___Rut._Bact.S 1152.JPG,val\Peach___Bacterial_spot\fc18670e-e9c8-435c-99f6-883d3e812489___Rut._Bact.S 1345.JPG,Peach___Bacterial_spot:::69.0,Peach___Bacterial_spot:::101.0,False
8,False,train--validation,Peach___Bacterial_spot,train\Peach___Bacterial_spot\1a456b62-2c4b-4f09-80f4-78b474348ca7___Rutg._Bact.S 2277.JPG,train\Peach___Bacterial_spot\6c38cb59-a621-4595-8ff7-4d24674606d4___Rut._Bact.S 1342.JPG,Peach___Bacterial_spot:::319.0,Peach___Bacterial_spot:::101.0,False
8,False,train--validation,Peach___Bacterial_spot,train\Peach___Bacterial_spot\2ee33b51-1e8a-425f-8e8d-0fdebfe75bb1___Rut._Bact.S 1248.JPG,val\Peach___Bacterial_spot\fc18670e-e9c8-435c-99f6-883d3e812489___Rut._Bact.S 1345.JPG,Peach___Bacterial_spot:::85.0,Peach___Bacterial_spot:::101.0,False
8,False,train--validation,Peach___Bacterial_spot,train\Peach___Bacterial_spot\66c511a5-be5a-47a7-a7f7-dcec848ad708___Rut._Bact.S 1020.JPG,train\Peach___Bacterial_spot\6efc9fea-0aac-45d8-b9c8-3f8707e41ad0___Rutg._Bact.S 2214.JPG,Peach___Bacterial_spot:::47.0,Peach___Bacterial_spot:::312.0,False
8,False,train--validation,Peach___Bacterial_spot,train\Peach___Bacterial_spot\78fdefa7-7f99-45a6-bc8c-0fc2e1b483a0___Rutg._Bact.S 2090.JPG,val\Peach___Bacterial_spot\fe4de6f6-e446-479e-bdba-a320dbdb8fc6___Rut._Bact.S 0953.JPG,Peach___Bacterial_spot:::297.0,Peach___Bacterial_spot:::36.0,False
8,False,train--validation,Peach___Bacterial_spot,train\Peach___Bacterial_spot\7cf5d168-2cc9-43ad-a273-3d27962e2030___Rut._Bact.S 0915.JPG,train\Peach___Bacterial_spot\f9387df3-a240-43ba-9c75-552f74a3cf85___Rut._Bact.S 1299.JPG,Peach___Bacterial_spot:::30.0,Peach___Bacterial_spot:::94.0,False
8,False,train--validation,Peach___Bacterial_spot,train\Peach___Bacterial_spot\91dcfeed-36f2-41b6-8cd8-7b5b7420c567___Rutg._Bact.S 2258.JPG,val\Peach___Bacterial_spot\6787d73a-01cf-47b9-88f1-31cc04059590___Rut._Bact.S 1415.JPG,Peach___Bacterial_spot:::317.0,Peach___Bacterial_spot:::113.0,False
8,False,train--validation,Peach___Bacterial_spot,train\Peach___Bacterial_spot\b36a3b42-3b37-4744-9f7a-0546bfd2623f___Rutg._Bact.S 2247.JPG,train\Peach___Bacterial_spot\6efc9fea-0aac-45d8-b9c8-3f8707e41ad0___Rutg._Bact.S 2214.JPG,Peach___Bacterial_spot:::316.0,Peach___Bacterial_spot:::312.0,False
8,False,train--validation,Peach___Bacterial_spot,train\Peach___Bacterial_spot\b6c43aaa-4035-4e88-8d12-f904ec9642f1___Rut._Bact.S 0956.JPG,train\Peach___Bacterial_spot\6efc9fea-0aac-45d8-b9c8-3f8707e41ad0___Rutg._Bact.S 2214.JPG,Peach___Bacterial_spot:::37.0,Peach___Bacterial_spot:::312.0,False
8,False,train--validation,Peach___Bacterial_spot,train\Peach___Bacterial_spot\c6ed82a3-bca1-4aa0-9daf-8a6e276ab793___Rut._Bact.S 1558.JPG,train\Peach___Bacterial_spot\6efc9fea-0aac-45d8-b9c8-3f8707e41ad0___Rutg._Bact.S 2214.JPG,Peach___Bacterial_spot:::137.0,Peach___Bacterial_spot:::312.0,False
8,False,train--validation,Peach___Bacterial_spot,train\Peach___Bacterial_spot\c71301df-ba65-4e59-945e-66f8d6ec4d92___Rut._Bact.S 1181.JPG,train\Peach___Bacterial_spot\d956ea20-a1b5-4257-b00f-3834875a92e0___Rut._Bact.S 1335.JPG,Peach___Bacterial_spot:::74.0,Peach___Bacterial_spot:::100.0,False
8,False,train--validation,Peach___Bacterial_spot,train\Peach___Bacterial_spot\d1bd3a84-e542-4ab5-8a78-5cdd1cddfcd7___Rut._Bact.S 1394.JPG,val\Peach___Bacterial_spot\46112a3d-c59a-4360-bb9f-6bf4bce73d3c___Rut._Bact.S 1212.JPG,Peach___Bacterial_spot:::109.0,Peach___Bacterial_spot:::79.0,False
8,False,train--validation,Peach___Bacterial_spot,train\Peach___Bacterial_spot\edb67083-c1e5-410b-a05e-182bd333e1ce___Rutg._Bact.S 2262.JPG,val\Peach___Bacterial_spot\69a3388d-6f13-4a46-8a09-5afc83df9675___Rut._Bact.S 1199.JPG,Peach___Bacterial_spot:::317.0,Peach___Bacterial_spot:::77.0,False
8,False,train--validation,Peach___Bacterial_spot,train\Peach___Bacterial_spot\f3da92fa-2a1e-4f55-9fd9-a8890049275a___Rut._Bact.S 1182.JPG,train\Peach___Bacterial_spot\6efc9fea-0aac-45d8-b9c8-3f8707e41ad0___Rutg._Bact.S 2214.JPG,Peach___Bacterial_spot:::74.0,Peach___Bacterial_spot:::312.0,False
8,False,train--validation,Peach___Bacterial_spot,val\Peach___Bacterial_spot\1118e4f2-a912-4229-938a-396b0f91ea0d___Rutg._Bact.S 1912.JPG,train\Peach___Bacterial_spot\adfe86d9-0029-40f4-ba54-fbd62aaeecca___Rutg._Bact.S 2333.JPG,Peach___Bacterial_spot:::277.0,Peach___Bacterial_spot:::325.0,False
8,False,train--validation,Peach___Bacterial_spot,val\Peach___Bacterial_spot\31aaac25-f85e-42d3-ae30-46e6f5dc76a6___Rutg._Bact.S 1944.JPG,train\Peach___Bacterial_spot\0e055f95-a31d-4f7c-a037-8f028af98673___Rut._Bact.S 1334.JPG,Peach___Bacterial_spot:::281.0,Peach___Bacterial_spot:::100.0,False
8,False,train--validation,Peach___Bacterial_spot,val\Peach___Bacterial_spot\c328baf3-4fe0-457f-8e26-1ebd82143f4a___Rut._Bact.S 1167.JPG,train\Peach___Bacterial_spot\f9387df3-a240-43ba-9c75-552f74a3cf85___Rut._Bact.S 1299.JPG,Peach___Bacterial_spot:::72.0,Peach___Bacterial_spot:::94.0,False
8,False,train--validation,Peach___Bacterial_spot,val\Peach___Bacterial_spot\c6b521f8-a92a-4b0e-9bd4-470539dfaf66___Rut._Bact.S 0803.JPG,train\Peach___Bacterial_spot\ef32ff5c-d480-4b68-941b-821ee2dbcf15___Rutg._Bact.S 2216.JPG,Peach___Bacterial_spot:::11.0,Peach___Bacterial_spot:::312.0,False
8,False,train--validation,Peach___Bacterial_spot,val\Peach___Bacterial_spot\eb8fcf24-80dd-4c52-bd0f-a8254b6abd94___Rut._Bact.S 1155.JPG,train\Peach___Bacterial_spot\a2f81059-9171-41d2-acca-ef3d02d81438___Rut._Bact.S 1209.JPG,Peach___Bacterial_spot:::70.0,Peach___Bacterial_spot:::79.0,False
8,False,train--validation,"Pepper,_bell___healthy","train\Pepper,_bell___healthy\10b46a95-02c6-4a1c-98e5-904b3e3e7e0d___JR_HL 7679.JPG","train\Pepper,_bell___healthy\c8337e7c-809b-4038-98c6-3144d1838c59___JR_HL 7686.JPG","Pepper,_bell___healthy:::43.0","Pepper,_bell___healthy:::44.0",False
8,False,train--validation,"Pepper,_bell___healthy","train\Pepper,_bell___healthy\3da82d3f-34cf-4e0f-9ed4-1a77526dddb4___JR_HL 8611.JPG","val\Pepper,_bell___healthy\433b061f-73ad-430f-9ad8-f6fc4c7577af___JR_HL 7941.JPG","Pepper,_bell___healthy:::135.0","Pepper,_bell___healthy:::66.0",False
8,False,train--validation,"Pepper,_bell___healthy","train\Pepper,_bell___healthy\598dad0c-6cea-40e6-9b83-2e0473cebe9b___JR_HL 8051.JPG","val\Pepper,_bell___healthy\8485a59c-2014-49e9-bed5-7581cb9fcd84___JR_HL 8319.JPG","Pepper,_bell___healthy:::77.0","Pepper,_bell___healthy:::105.0",False
8,False,train--validation,"Pepper,_bell___healthy","train\Pepper,_bell___healthy\8fc82b12-a4a6-4baa-8ba9-76db09c2915f___JR_HL 7876.JPG","train\Pepper,_bell___healthy\f4accacc-f839-4bc4-b365-4a021c00c944___JR_HL 8833.JPG","Pepper,_bell___healthy:::61.0","Pepper,_bell___healthy:::160.0",False
8,False,train--validation,"Pepper,_bell___healthy","train\Pepper,_bell___healthy\f4052038-8f4b-48f2-9427-f69ade61ac7c___JR_HL 8456.JPG","train\Pepper,_bell___healthy\f4accacc-f839-4bc4-b365-4a021c00c944___JR_HL 8833.JPG","Pepper,_bell___healthy:::120.0","Pepper,_bell___healthy:::160.0",False
8,False,train--validation,"Pepper,_bell___healthy","val\Pepper,_bell___healthy\4a2df028-ffb3-4b00-a538-e69473c1101b___JR_HL 7567.JPG","train\Pepper,_bell___healthy\5af6651e-818b-450b-b45a-008fce7096b3___JR_HL 5888.JPG","Pepper,_bell___healthy:::28.0","Pepper,_bell___healthy:::11.0",False
8,False,train--validation,Potato___Early_blight,train\Potato___Early_blight\a3ed964c-36f1-403c-8146-b2a3b79a352d___RS_Early.B 8310.JPG,train\Potato___Early_blight\c2cc82b8-9f74-4e40-9792-c121a89a84c0___RS_Early.B 8524.JPG,Potato___Early_blight:::188.0,Potato___Early_blight:::203.0,False
8,False,train--validation,Potato___Late_blight,train\Potato___Late_blight\ad628434-32ce-4365-90b0-f394d98fbe00___RS_LB 4905.JPG,train\Potato___Late_blight\7e1cd97d-b5a3-4c92-b258-0aa90e6fb806___RS_LB 4826.JPG,Potato___Late_blight:::205.0,Potato___Late_blight:::196.0,False
8,False,train--validation,Raspberry___healthy,train\Raspberry___healthy\b93108ac-bbc8-4fcd-9bae-9514ec2f3127___Mary_HL 6326.JPG,val\Raspberry___healthy\ce22675d-02b8-4fbb-a5bb-3f720091d257___Mary_HL 6217.JPG,Raspberry___healthy:::12.0,Raspberry___healthy:::1.0,False
8,False,train--validation,Soybean___healthy,train\Soybean___healthy\08f5b052-40a8-4bbb-b6c9-0a1d1c338952___RS_HL 4504.JPG,train\Soybean___healthy\7618bec4-8791-433f-a8e0-e082d63f783d___RS_HL 3940.JPG,Soybean___healthy:::202.0,Soybean___healthy:::133.0,False
8,False,train--validation,Soybean___healthy,train\Soybean___healthy\0a207ca3-c17e-4718-aa3f-9629c22279e4___RS_HL 3310.JPG,train\Soybean___healthy\fd7d0d1b-7f3d-4fb9-8f3c-959595e1ece5___RS_HL 5711 1.JPG,Soybean___healthy:::69.0,Soybean___healthy:::348.0,False
8,False,train--validation,Soybean___healthy,train\Soybean___healthy\0a9686bd-a501-4aa4-9574-0105e78f14b7___RS_HL 7175.JPG,train\Soybean___healthy\9e416313-4813-4107-bedc-c8afea09bd55___RS_HL 6212.JPG,Soybean___healthy:::477.0,Soybean___healthy:::395.0,False
8,False,train--validation,Soybean___healthy,train\Soybean___healthy\1374b4dc-6379-4b20-a057-71b415fb8df5___RS_HL 6588.JPG,val\Soybean___healthy\cde9c3a8-740b-4dbd-ac45-2590e5cb6053___RS_HL 6688.JPG,Soybean___healthy:::428.0,Soybean___healthy:::437.0,False
8,False,train--validation,Soybean___healthy,train\Soybean___healthy\137a87d9-5321-4712-9a93-69d6f076c4c5___RS_HL 5367.JPG,train\Soybean___healthy\96ed0cac-7163-49ef-a9b0-26bda3a71ad0___RS_HL 5458.JPG,Soybean___healthy:::298.0,Soybean___healthy:::308.0,False
8,False,train--validation,Soybean___healthy,train\Soybean___healthy\1a047122-3729-4641-887f-ecbeb4baec27___RS_HL 4942.JPG,train\Soybean___healthy\36c737ab-2107-47bf-9f82-dfff7783a655___RS_HL 6764.JPG,Soybean___healthy:::249.0,Soybean___healthy:::444.0,False
8,False,train--validation,Soybean___healthy,train\Soybean___healthy\1ba3231b-301e-423b-b528-3afe5370d771___RS_HL 4527.JPG,train\Soybean___healthy\8369dc32-1554-41bc-bbb4-5466abb99b6e___RS_HL 4357.JPG,Soybean___healthy:::204.0,Soybean___healthy:::185.0,False
8,False,train--validation,Soybean___healthy,train\Soybean___healthy\1dc700ed-063d-45fb-a9e7-51e8c37f83e6___RS_HL 6174.JPG,train\Soybean___healthy\83df65e0-72d2-4d4a-9d7d-056dcb8a22aa___RS_HL 6709.JPG,Soybean___healthy:::392.0,Soybean___healthy:::440.0,False
8,False,train--validation,Soybean___healthy,train\Soybean___healthy\1f1fd324-621f-4cf4-ad27-c5796c3cc23e___RS_HL 4168.JPG,train\Soybean___healthy\0cebd395-f291-4225-b174-fa02dcada2b1___RS_HL 3852.JPG,Soybean___healthy:::160.0,Soybean___healthy:::123.0,False
8,False,train--validation,Soybean___healthy,train\Soybean___healthy\204e38d1-5dde-434e-a7e1-989e7ccd1345___RS_HL 6661.JPG,train\Soybean___healthy\9e416313-4813-4107-bedc-c8afea09bd55___RS_HL 6212.JPG,Soybean___healthy:::435.0,Soybean___healthy:::395.0,False
8,False,train--validation,Soybean___healthy,train\Soybean___healthy\206b64a5-d47f-4ef9-ac4e-b9bf8932c075___RS_HL 5098.JPG,val\Soybean___healthy\114e4945-280e-4acd-821c-73d01552fbf7___RS_HL 7077.JPG,Soybean___healthy:::266.0,Soybean___healthy:::468.0,False
8,False,train--validation,Soybean___healthy,train\Soybean___healthy\2175ba24-2c2f-4ce9-8f4c-6e8ccb9e02aa___RS_HL 6551.JPG,train\Soybean___healthy\4bf93fae-8468-4214-a855-e71c9de50c4e___RS_HL 3773.JPG,Soybean___healthy:::425.0,Soybean___healthy:::114.0,False
8,False,train--validation,Soybean___healthy,train\Soybean___healthy\228550a8-b0bd-412b-800a-7ec9a742d2a8___RS_HL 6727.JPG,val\Soybean___healthy\6a1a22eb-1290-4b1d-969d-f52bc78cc5a9___RS_HL 7074.JPG,Soybean___healthy:::442.0,Soybean___healthy:::468.0,False
8,False,train--validation,Soybean___healthy,train\Soybean___healthy\2dd01b6b-42a3-459d-bd47-334ef7d8c704___RS_HL 4687.JPG,train\Soybean___healthy\308b75e8-49e7-4168-9796-9c49875cc403___RS_HL 6214.JPG,Soybean___healthy:::222.0,Soybean___healthy:::395.0,False
8,False,train--validation,Soybean___healthy,train\Soybean___healthy\2de5c40b-b504-45a1-b952-775b88b11f03___RS_HL 4305.JPG,val\Soybean___healthy\1de56755-4034-4806-8d54-907c3076757a___RS_HL 4361.JPG,Soybean___healthy:::178.0,Soybean___healthy:::185.0,False
8,False,train--validation,Soybean___healthy,train\Soybean___healthy\2f0e30c3-e2fc-4108-bb9a-c0ac42b4bb9a___RS_HL 4551.JPG,train\Soybean___healthy\b62a16da-835b-44f2-9fa1-004ba508985c___RS_HL 5551 1.JPG,Soybean___healthy:::207.0,Soybean___healthy:::320.0,False
8,False,train--validation,Soybean___healthy,train\Soybean___healthy\2fc61ead-735b-4925-911f-efc43309e5d4___RS_HL 4704.JPG,train\Soybean___healthy\fa4a6106-fca8-406c-a865-8a862215ca07___RS_HL 5547 1.JPG,Soybean___healthy:::224.0,Soybean___healthy:::320.0,False
8,False,train--validation,Soybean___healthy,train\Soybean___healthy\307e2931-1231-47f2-9e1e-121d766b9b60___RS_HL 5110.JPG,val\Soybean___healthy\cd191249-bc33-406e-9abe-6a07ff1b9b79___RS_HL 3653.JPG,Soybean___healthy:::268.0,Soybean___healthy:::101.0,False
8,False,train--validation,Soybean___healthy,train\Soybean___healthy\31c59a55-2c52-4a9c-8159-60461b62be3d___RS_HL 6736.JPG,train\Soybean___healthy\39377976-f37e-4eb6-ac0a-d0201ce718c0___RS_HL 7139.JPG,Soybean___healthy:::442.0,Soybean___healthy:::474.0,False
8,False,train--validation,Soybean___healthy,train\Soybean___healthy\31c59a55-2c52-4a9c-8159-60461b62be3d___RS_HL 6736.JPG,train\Soybean___healthy\75abde0a-abca-4a49-ba2d-794f3b61ddc6___RS_HL 6765.JPG,Soybean___healthy:::442.0,Soybean___healthy:::444.0,False
8,False,train--validation,Soybean___healthy,train\Soybean___healthy\31c59a55-2c52-4a9c-8159-60461b62be3d___RS_HL 6736.JPG,train\Soybean___healthy\cc97c816-b895-47ba-818f-b244bba27581___RS_HL 3775.JPG,Soybean___healthy:::442.0,Soybean___healthy:::114.0,False
8,False,train--validation,Soybean___healthy,train\Soybean___healthy\358483b0-338a-47f7-8863-868ca4c9f52f___RS_HL 5536 1.JPG,train\Soybean___healthy\0a4cd545-403e-4ac2-b202-1fd78c5e835d___RS_HL 5425.JPG,Soybean___healthy:::317.0,Soybean___healthy:::304.0,False
8,False,train--validation,Soybean___healthy,train\Soybean___healthy\3a94a7fa-d753-4361-bcfd-672509883038___RS_HL 4670.JPG,train\Soybean___healthy\76bbcc7c-c757-43c5-9659-2e6d941ce5bb___RS_HL 3853.JPG,Soybean___healthy:::220.0,Soybean___healthy:::123.0,False
8,False,train--validation,Soybean___healthy,train\Soybean___healthy\3be6d998-2505-42fe-be85-23feb7e22f3e___RS_HL 5094.JPG,train\Soybean___healthy\d2eab922-d459-4972-8dcd-6d638919c966___RS_HL 4023.JPG,Soybean___healthy:::266.0,Soybean___healthy:::142.0,False
8,False,train--validation,Soybean___healthy,train\Soybean___healthy\422e68ea-cc01-456e-92b6-cc943c2f0eca___RS_HL 5127.JPG,train\Soybean___healthy\e3f5fee2-96b5-4cec-8239-c8433cf0048e___RS_HL 6759.JPG,Soybean___healthy:::270.0,Soybean___healthy:::444.0,False
8,False,train--validation,Soybean___healthy,train\Soybean___healthy\43c04ad9-5f2e-4375-aaeb-96f5b2a6dd61___RS_HL 6393.JPG,train\Soybean___healthy\fdda5699-2dd7-4a3c-a40a-9a2a05f187e7___RS_HL 6562.JPG,Soybean___healthy:::410.0,Soybean___healthy:::426.0,False
8,False,train--validation,Soybean___healthy,train\Soybean___healthy\488f795d-e8b3-4250-b3f4-9538a8cd6830___RS_HL 3997.JPG,train\Soybean___healthy\e7bf17d2-fff8-4ac0-aeed-6226e03d26df___RS_HL 4444.JPG,Soybean___healthy:::140.0,Soybean___healthy:::195.0,False
8,False,train--validation,Soybean___healthy,train\Soybean___healthy\4d57c41c-8278-4694-8174-974df5d33ec6___RS_HL 6067.JPG,train\Soybean___healthy\9e416313-4813-4107-bedc-c8afea09bd55___RS_HL 6212.JPG,Soybean___healthy:::384.0,Soybean___healthy:::395.0,False
8,False,train--validation,Soybean___healthy,train\Soybean___healthy\54c53875-18d5-468c-a0b3-0c554149c215___RS_HL 4959.JPG,train\Soybean___healthy\1edd94a0-0f9d-4bdb-b083-78dfc250a54f___RS_HL 4630.JPG,Soybean___healthy:::251.0,Soybean___healthy:::215.0,False
8,False,train--validation,Soybean___healthy,train\Soybean___healthy\5506bce8-6c42-4abe-a597-b0c850fabbfc___RS_HL 6097.JPG,train\Soybean___healthy\c5a3b010-1df1-4950-938e-8fe62eaf9767___RS_HL 6689.JPG,Soybean___healthy:::386.0,Soybean___healthy:::437.0,False
8,False,train--validation,Soybean___healthy,train\Soybean___healthy\57d7c581-b171-46b3-b608-979da091db1f___RS_HL 2768.JPG,train\Soybean___healthy\1928a850-74bc-4e1a-a666-1a2a855f1340___RS_HL 4085.JPG,Soybean___healthy:::10.0,Soybean___healthy:::149.0,False
8,False,train--validation,Soybean___healthy,train\Soybean___healthy\5913fcc0-0eab-4e0d-9b72-36f134243f1a___RS_HL 7174.JPG,val\Soybean___healthy\114e4945-280e-4acd-821c-73d01552fbf7___RS_HL 7077.JPG,Soybean___healthy:::477.0,Soybean___healthy:::468.0,False
8,False,train--validation,Soybean___healthy,train\Soybean___healthy\5bbfa54b-cc22-48da-ad3f-2dcfcc67b2c2___RS_HL 5741.JPG,train\Soybean___healthy\5977f9eb-f852-4876-93fa-f522211f92a0___RS_HL 6564.JPG,Soybean___healthy:::354.0,Soybean___healthy:::426.0,False
8,False,train--validation,Soybean___healthy,train\Soybean___healthy\5c3bc918-fdf2-4f25-8044-852c9991b40f___RS_HL 5685 1.JPG,train\Soybean___healthy\25cb3356-598d-4253-8eb8-3f6aa8ded46c___RS_HL 6210.JPG,Soybean___healthy:::345.0,Soybean___healthy:::395.0,False
8,False,train--validation,Soybean___healthy,train\Soybean___healthy\5db880da-b8a0-41cf-894c-e14ac19852cf___RS_HL 3413.JPG,train\Soybean___healthy\9285995f-5890-467a-bdd8-2142f329e45d___RS_HL 3623.JPG,Soybean___healthy:::78.0,Soybean___healthy:::98.0,False
8,False,train--validation,Soybean___healthy,train\Soybean___healthy\5ff04585-283b-4384-b67c-fafb0c1c5174___RS_HL 5742.JPG,train\Soybean___healthy\5977f9eb-f852-4876-93fa-f522211f92a0___RS_HL 6564.JPG,Soybean___healthy:::354.0,Soybean___healthy:::426.0,False
8,False,train--validation,Soybean___healthy,train\Soybean___healthy\6375d764-ad2a-4875-afdd-93f548ce214d___RS_HL 7044.JPG,train\Soybean___healthy\3003c722-d655-4c83-a648-0fc494945f13___RS_HL 3658.JPG,Soybean___healthy:::465.0,Soybean___healthy:::101.0,False
8,False,train--validation,Soybean___healthy,train\Soybean___healthy\63a5e362-672a-4dee-a673-d9258bb0ab6c___RS_HL 3560.JPG,val\Soybean___healthy\1c801474-f064-4b50-8d7c-50f32ed242aa___RS_HL 3859.JPG,Soybean___healthy:::93.0,Soybean___healthy:::123.0,False
8,False,train--validation,Soybean___healthy,train\Soybean___healthy\6462530f-de39-4f56-82fe-520d6a53a745___RS_HL 4891.JPG,train\Soybean___healthy\913c1a66-a8e7-47e7-b036-4833063b7ab4___RS_HL 4626.JPG,Soybean___healthy:::244.0,Soybean___healthy:::215.0,False
8,False,train--validation,Soybean___healthy,train\Soybean___healthy\66b185b5-3506-4cfe-8d6a-a4d218fa392b___RS_HL 5440.JPG,train\Soybean___healthy\179ffbc7-5125-4e35-8614-47f5c4cb8e4c___RS_HL 5459.JPG,Soybean___healthy:::306.0,Soybean___healthy:::308.0,False
8,False,train--validation,Soybean___healthy,train\Soybean___healthy\6765c463-ce28-45c3-96c7-a82f6b25246b___RS_HL 5650 1.JPG,train\Soybean___healthy\1edd94a0-0f9d-4bdb-b083-78dfc250a54f___RS_HL 4630.JPG,Soybean___healthy:::337.0,Soybean___healthy:::215.0,False
8,False,train--validation,Soybean___healthy,train\Soybean___healthy\682581b9-eee2-4da1-a50b-879277e1030d___RS_HL 5510.JPG,train\Soybean___healthy\179ffbc7-5125-4e35-8614-47f5c4cb8e4c___RS_HL 5459.JPG,Soybean___healthy:::314.0,Soybean___healthy:::308.0,False
8,False,train--validation,Soybean___healthy,train\Soybean___healthy\68cbf06f-ea44-4b2e-8a8d-485ff82dc351___RS_HL 5527 1.JPG,train\Soybean___healthy\18c51c12-8904-4601-989d-6ea7f8f0fcf0___RS_HL 5457.JPG,Soybean___healthy:::316.0,Soybean___healthy:::308.0,False
8,False,train--validation,Soybean___healthy,train\Soybean___healthy\68cbf06f-ea44-4b2e-8a8d-485ff82dc351___RS_HL 5527 1.JPG,train\Soybean___healthy\f21f5422-6f59-4a2a-b385-b88646b64635___RS_HL 6708.JPG,Soybean___healthy:::316.0,Soybean___healthy:::440.0,False
8,False,train--validation,Soybean___healthy,train\Soybean___healthy\6954e4a3-e83f-4dc1-b3ee-3b04412abbae___RS_HL 4677.JPG,train\Soybean___healthy\7618bec4-8791-433f-a8e0-e082d63f783d___RS_HL 3940.JPG,Soybean___healthy:::221.0,Soybean___healthy:::133.0,False
8,False,train--validation,Soybean___healthy,train\Soybean___healthy\6b8437be-c1ce-4084-b6c5-6cedb52ff91a___RS_HL 3148.JPG,val\Soybean___healthy\fd2bc3c5-7e38-4691-8bbf-458c290334fb___RS_HL 5734.JPG,Soybean___healthy:::52.0,Soybean___healthy:::352.0,False
8,False,train--validation,Soybean___healthy,train\Soybean___healthy\6d45db2d-b635-4253-a95f-dbc0f3e4bb75___RS_HL 6660.JPG,train\Soybean___healthy\25cb3356-598d-4253-8eb8-3f6aa8ded46c___RS_HL 6210.JPG,Soybean___healthy:::435.0,Soybean___healthy:::395.0,False
8,False,train--validation,Soybean___healthy,train\Soybean___healthy\766bbfbc-8c7d-43fe-a501-099d1ecfcf3b___RS_HL 4785.JPG,train\Soybean___healthy\e687436a-e4bb-4b50-a30d-4c9674e754ce___RS_HL 3855.JPG,Soybean___healthy:::232.0,Soybean___healthy:::123.0,False
8,False,train--validation,Soybean___healthy,train\Soybean___healthy\798e1dd6-5517-44d6-8e96-264f684096d6___RS_HL 4528.JPG,train\Soybean___healthy\fe6bec2f-a83c-4635-accd-85537417a3e8___RS_HL 3945.JPG,Soybean___healthy:::204.0,Soybean___healthy:::133.0,False
8,False,train--validation,Soybean___healthy,train\Soybean___healthy\7c8a3f30-52d9-49cb-a694-531861b20abd___RS_HL 7178.JPG,train\Soybean___healthy\179ffbc7-5125-4e35-8614-47f5c4cb8e4c___RS_HL 5459.JPG,Soybean___healthy:::477.0,Soybean___healthy:::308.0,False
8,False,train--validation,Soybean___healthy,train\Soybean___healthy\7c8a3f30-52d9-49cb-a694-531861b20abd___RS_HL 7178.JPG,train\Soybean___healthy\f4adf8bc-a80a-4f74-96ea-7f8f7d4e04ce___RS_HL 5707 1.JPG,Soybean___healthy:::477.0,Soybean___healthy:::348.0,False
8,False,train--validation,Soybean___healthy,train\Soybean___healthy\82dddaee-bc69-4f8e-a5ae-4513dcccadf8___RS_HL 3467.JPG,train\Soybean___healthy\3120ceea-10a1-4cb8-ad5c-265fd364d600___RS_HL 3618.JPG,Soybean___healthy:::84.0,Soybean___healthy:::98.0,False
8,False,train--validation,Soybean___healthy,train\Soybean___healthy\835e8e1c-aba2-475f-a600-ce8693d5bbdc___RS_HL 5466.JPG,train\Soybean___healthy\51937dcc-7647-4226-a7aa-a4121cf514d6___RS_HL 7399.JPG,Soybean___healthy:::309.0,Soybean___healthy:::496.0,False
8,False,train--validation,Soybean___healthy,train\Soybean___healthy\85478cac-7aed-4797-982b-410af928f0dd___RS_HL 3878.JPG,train\Soybean___healthy\9517b201-9852-4456-a2af-ad45944d45cf___RS_HL 3777.JPG,Soybean___healthy:::126.0,Soybean___healthy:::114.0,False
8,False,train--validation,Soybean___healthy,train\Soybean___healthy\8c367dcf-fd47-4017-a60d-730ae2a08e71___RS_HL 4057.JPG,train\Soybean___healthy\292084a9-9028-4db7-b1ef-8e26edb0bfed___RS_HL 4079.JPG,Soybean___healthy:::146.0,Soybean___healthy:::149.0,False
8,False,train--validation,Soybean___healthy,train\Soybean___healthy\8c831001-412b-43a9-963c-b613a0447447___RS_HL 3865.JPG,train\Soybean___healthy\2c01554a-3e89-42e3-9639-63d3e5c47954___RS_HL 7378.JPG,Soybean___healthy:::124.0,Soybean___healthy:::494.0,False
8,False,train--validation,Soybean___healthy,train\Soybean___healthy\8cc2db91-af5f-4e62-b3cd-db8a41d70ab7___RS_HL 3788.JPG,train\Soybean___healthy\9517b201-9852-4456-a2af-ad45944d45cf___RS_HL 3777.JPG,Soybean___healthy:::116.0,Soybean___healthy:::114.0,False
8,False,train--validation,Soybean___healthy,train\Soybean___healthy\8d107a33-dc39-4ae4-aa0d-cf297ba1189a___RS_HL 7509.JPG,train\Soybean___healthy\59819ae1-0210-4fa2-80d9-cce8cde1242a___RS_HL 7396.JPG,Soybean___healthy:::505.0,Soybean___healthy:::496.0,False
8,False,train--validation,Soybean___healthy,train\Soybean___healthy\8e7209a0-c837-4b22-9e6a-fa46bc925bec___RS_HL 5730 1.JPG,train\Soybean___healthy\1edd94a0-0f9d-4bdb-b083-78dfc250a54f___RS_HL 4630.JPG,Soybean___healthy:::351.0,Soybean___healthy:::215.0,False
8,False,train--validation,Soybean___healthy,train\Soybean___healthy\92a69c74-67d1-47fd-8da9-a2b15ef6e089___RS_HL 6984.JPG,train\Soybean___healthy\5ce70964-a66d-4d89-84fa-46febf6cb59c___RS_HL 7140.JPG,Soybean___healthy:::461.0,Soybean___healthy:::474.0,False
8,False,train--validation,Soybean___healthy,train\Soybean___healthy\9397ee53-8539-4197-9b7c-e676e4c1896d___RS_HL 2713.JPG,train\Soybean___healthy\886a62ca-45ca-41bd-aa3b-e77ae7b63ec4___RS_HL 3770.JPG,Soybean___healthy:::4.0,Soybean___healthy:::114.0,False
8,False,train--validation,Soybean___healthy,train\Soybean___healthy\980aeb72-5a02-4312-bf84-0294e5182c8a___RS_HL 7124.JPG,train\Soybean___healthy\ae6fda7d-157f-4d4e-bdd5-317847598b88___RS_HL 3708.JPG,Soybean___healthy:::472.0,Soybean___healthy:::106.0,False
8,False,train--validation,Soybean___healthy,train\Soybean___healthy\a08e9be4-11d6-42e3-8a8e-85e856e9b7be___RS_HL 4348.JPG,train\Soybean___healthy\2773d8ad-5fa3-4b41-91e9-5d47174184be___RS_HL 7061.JPG,Soybean___healthy:::184.0,Soybean___healthy:::468.0,False
8,False,train--validation,Soybean___healthy,train\Soybean___healthy\a45a59c9-cf6a-4614-8fa4-c59d9e95804f___RS_HL 3950.JPG,train\Soybean___healthy\6f3ecbcd-d9c8-4944-bebb-8654e74cdcaf___RS_HL 3495.JPG,Soybean___healthy:::134.0,Soybean___healthy:::87.0,False
8,False,train--validation,Soybean___healthy,train\Soybean___healthy\a6bd3e38-a3d7-490d-8fed-577ba4119b63___RS_HL 6022.JPG,train\Soybean___healthy\c5a3b010-1df1-4950-938e-8fe62eaf9767___RS_HL 6689.JPG,Soybean___healthy:::380.0,Soybean___healthy:::437.0,False
8,False,train--validation,Soybean___healthy,train\Soybean___healthy\a747b147-0ca8-4973-9232-7ca47ea3c1eb___RS_HL 3228.JPG,train\Soybean___healthy\e7bf17d2-fff8-4ac0-aeed-6226e03d26df___RS_HL 4444.JPG,Soybean___healthy:::60.0,Soybean___healthy:::195.0,False
8,False,train--validation,Soybean___healthy,train\Soybean___healthy\a864d9f5-f20b-444f-85ec-69ec145f4f1b___RS_HL 6390.JPG,train\Soybean___healthy\fdda5699-2dd7-4a3c-a40a-9a2a05f187e7___RS_HL 6562.JPG,Soybean___healthy:::410.0,Soybean___healthy:::426.0,False
8,False,train--validation,Soybean___healthy,train\Soybean___healthy\ac0f0429-4b8a-4510-9f96-89c7165e92c2___RS_HL 3380.JPG,val\Soybean___healthy\c55c20a5-c529-43af-949e-cfaad2377481___RS_HL 5454.JPG,Soybean___healthy:::76.0,Soybean___healthy:::308.0,False
8,False,train--validation,Soybean___healthy,train\Soybean___healthy\af4ec708-fa7a-4814-baa9-2cfb5f3b4910___RS_HL 4063.JPG,train\Soybean___healthy\3a06513b-932f-40e6-8eaf-7c6912279af2___RS_HL 3621.JPG,Soybean___healthy:::147.0,Soybean___healthy:::98.0,False
8,False,train--validation,Soybean___healthy,train\Soybean___healthy\b0460047-2280-4d2b-a555-612f7a4f487e___RS_HL 5348.JPG,train\Soybean___healthy\d58b1d15-be6b-4570-ac9b-5983755945fa___RS_HL 5806 1.JPG,Soybean___healthy:::296.0,Soybean___healthy:::363.0,False
8,False,train--validation,Soybean___healthy,train\Soybean___healthy\b2f0f3c4-ade2-4ed0-a7fe-ebd963ad97a8___RS_HL 3866.JPG,train\Soybean___healthy\e7bf17d2-fff8-4ac0-aeed-6226e03d26df___RS_HL 4444.JPG,Soybean___healthy:::124.0,Soybean___healthy:::195.0,False
8,False,train--validation,Soybean___healthy,train\Soybean___healthy\b34e363f-b30f-42a4-9cdd-c2fca9c60f26___RS_HL 3159.JPG,val\Soybean___healthy\ac3cc2ca-1abd-445e-b305-10deef9a5033___RS_HL 5546 1.JPG,Soybean___healthy:::53.0,Soybean___healthy:::320.0,False
8,False,train--validation,Soybean___healthy,train\Soybean___healthy\b5b7ac2c-d8a7-4b26-9ca7-9af420faab35___RS_HL 6020.JPG,train\Soybean___healthy\4b329bd8-d554-411a-95f3-32f3c70aeefc___RS_HL 7064.JPG,Soybean___healthy:::380.0,Soybean___healthy:::468.0,False
8,False,train--validation,Soybean___healthy,train\Soybean___healthy\b5b7ac2c-d8a7-4b26-9ca7-9af420faab35___RS_HL 6020.JPG,val\Soybean___healthy\1703f015-85b6-4ebb-bf91-2f4106a39218___RS_HL 6558.JPG,Soybean___healthy:::380.0,Soybean___healthy:::426.0,False
8,False,train--validation,Soybean___healthy,train\Soybean___healthy\b64ac4df-01a1-4e55-835c-137fbe6ff72c___RS_HL 4915.JPG,train\Soybean___healthy\e357abdf-3d4b-414d-82f6-b676896ae7b8___RS_HL 4633.JPG,Soybean___healthy:::246.0,Soybean___healthy:::215.0,False
8,False,train--validation,Soybean___healthy,train\Soybean___healthy\bc08ebe0-9689-4385-9a06-7d9641de5366___RS_HL 6171.JPG,train\Soybean___healthy\f21f5422-6f59-4a2a-b385-b88646b64635___RS_HL 6708.JPG,Soybean___healthy:::392.0,Soybean___healthy:::440.0,False
8,False,train--validation,Soybean___healthy,train\Soybean___healthy\bcbdcfcb-496b-4cd9-a38c-aa4b19430025___RS_HL 6651.JPG,train\Soybean___healthy\d58b1d15-be6b-4570-ac9b-5983755945fa___RS_HL 5806 1.JPG,Soybean___healthy:::434.0,Soybean___healthy:::363.0,False
8,False,train--validation,Soybean___healthy,train\Soybean___healthy\be965e7f-e52e-45c0-afb0-9ecfd3a3e379___RS_HL 5056.JPG,train\Soybean___healthy\30e4eabc-5e4e-4141-b331-5c1609690356___RS_HL 5418.JPG,Soybean___healthy:::262.0,Soybean___healthy:::304.0,False
8,False,train--validation,Soybean___healthy,train\Soybean___healthy\c07e5e99-6b6c-4ba7-8b6c-7d27e3db2a4a___RS_HL 6515.JPG,train\Soybean___healthy\179ffbc7-5125-4e35-8614-47f5c4cb8e4c___RS_HL 5459.JPG,Soybean___healthy:::421.0,Soybean___healthy:::308.0,False
8,False,train--validation,Soybean___healthy,train\Soybean___healthy\c2c17e57-e00c-4da2-ad1d-45752467e2a1___RS_HL 4417.JPG,train\Soybean___healthy\c3175183-2d42-4478-9a52-967161e168d5___RS_HL 3939.JPG,Soybean___healthy:::192.0,Soybean___healthy:::133.0,False
8,False,train--validation,Soybean___healthy,train\Soybean___healthy\c68e4c1e-be7c-43b9-b004-55ecf88a2d7c___RS_HL 3463.JPG,val\Soybean___healthy\4815c4d9-ab13-434d-a7f6-f281e783d9e4___RS_HL 4446.JPG,Soybean___healthy:::83.0,Soybean___healthy:::195.0,False
8,False,train--validation,Soybean___healthy,train\Soybean___healthy\cb5a7b17-53a2-47c6-9316-749c2d45aef1___RS_HL 7354.JPG,train\Soybean___healthy\c1a95777-4b9e-400c-be6f-11307568982a___RS_HL 3661.JPG,Soybean___healthy:::492.0,Soybean___healthy:::101.0,False
8,False,train--validation,Soybean___healthy,train\Soybean___healthy\d020a15e-d0eb-42d2-a99d-309ad669461c___RS_HL 6907.JPG,train\Soybean___healthy\373688e6-43b8-4a6e-96b8-9be77cb8ed78___RS_HL 5735.JPG,Soybean___healthy:::456.0,Soybean___healthy:::352.0,False
8,False,train--validation,Soybean___healthy,train\Soybean___healthy\d0a3aa6f-b190-442f-91f7-ec5e1fb670a0___RS_HL 4117.JPG,train\Soybean___healthy\6f3ecbcd-d9c8-4944-bebb-8654e74cdcaf___RS_HL 3495.JPG,Soybean___healthy:::154.0,Soybean___healthy:::87.0,False
8,False,train--validation,Soybean___healthy,train\Soybean___healthy\d13756c8-abfa-4e98-bafd-ddb960c09ad6___RS_HL 3384.JPG,train\Soybean___healthy\262fe3df-7a41-4d9c-887d-23d4adfc1190___RS_HL 6712.JPG,Soybean___healthy:::76.0,Soybean___healthy:::440.0,False
8,False,train--validation,Soybean___healthy,train\Soybean___healthy\d25244a6-8c21-4eec-9e18-7ea2fc673eae___RS_HL 4955.JPG,train\Soybean___healthy\996d136f-28c0-45e4-be7f-9b002777959e___RS_HL 3706.JPG,Soybean___healthy:::251.0,Soybean___healthy:::106.0,False
8,False,train--validation,Soybean___healthy,train\Soybean___healthy\d49732ec-b83d-43b2-a935-04ce9ed3b1e6___RS_HL 6663.JPG,train\Soybean___healthy\8c2e9ac1-cab6-4aaf-82a8-d5ac0c7614fa___RS_HL 4651.JPG,Soybean___healthy:::435.0,Soybean___healthy:::217.0,False
8,False,train--validation,Soybean___healthy,train\Soybean___healthy\d6ff7689-cca4-493e-a75a-e56618ea32c1___RS_HL 7191.JPG,train\Soybean___healthy\d62ace36-3aef-4b81-8463-c9c2538bba5f___RS_HL 4491.JPG,Soybean___healthy:::479.0,Soybean___healthy:::200.0,False
8,False,train--validation,Soybean___healthy,train\Soybean___healthy\d7908cc7-6551-4892-be01-7dd4d4f7f7b2___RS_HL 3534.JPG,train\Soybean___healthy\886a62ca-45ca-41bd-aa3b-e77ae7b63ec4___RS_HL 3770.JPG,Soybean___healthy:::91.0,Soybean___healthy:::114.0,False
8,False,train--validation,Soybean___healthy,train\Soybean___healthy\da8c2fd0-c870-4f6d-b036-b0b6a8fbbde3___RS_HL 5762 1.JPG,train\Soybean___healthy\c5a3b010-1df1-4950-938e-8fe62eaf9767___RS_HL 6689.JPG,Soybean___healthy:::358.0,Soybean___healthy:::437.0,False
8,False,train--validation,Soybean___healthy,train\Soybean___healthy\dcce334b-9665-45ea-a7ce-f811ff314344___RS_HL 6105.JPG,train\Soybean___healthy\25cb3356-598d-4253-8eb8-3f6aa8ded46c___RS_HL 6210.JPG,Soybean___healthy:::387.0,Soybean___healthy:::395.0,False
8,False,train--validation,Soybean___healthy,train\Soybean___healthy\dfdd782d-6d05-4ed1-9525-77c1c5f21d17___RS_HL 5495.JPG,train\Soybean___healthy\c27e227c-ce19-40af-8edb-d40f5f73c725___RS_HL 5424.JPG,Soybean___healthy:::312.0,Soybean___healthy:::304.0,False
8,False,train--validation,Soybean___healthy,train\Soybean___healthy\e137cae7-3979-4983-9471-0fe68e00cc06___RS_HL 6667.JPG,train\Soybean___healthy\eb8cfd26-bc41-4a4a-ace8-dac9882ad396___RS_HL 5677.JPG,Soybean___healthy:::436.0,Soybean___healthy:::342.0,False
8,False,train--validation,Soybean___healthy,train\Soybean___healthy\e149856c-5bb5-4482-b3da-a86828f6b339___RS_HL 3325.JPG,train\Soybean___healthy\86700597-9f43-478e-8f70-6ef8212daf74___RS_HL 3284.JPG,Soybean___healthy:::70.0,Soybean___healthy:::66.0,False
8,False,train--validation,Soybean___healthy,train\Soybean___healthy\e257d6a2-5de1-4063-93e9-4ed9630ed260___RS_HL 5717 1.JPG,train\Soybean___healthy\13aa2402-8374-4400-bc58-6aa3b5f2c3e6___RS_HL 3842.JPG,Soybean___healthy:::350.0,Soybean___healthy:::122.0,False
8,False,train--validation,Soybean___healthy,train\Soybean___healthy\e75b624c-b04f-4429-a066-94f11006ee67___RS_HL 4029.JPG,train\Soybean___healthy\30e4eabc-5e4e-4141-b331-5c1609690356___RS_HL 5418.JPG,Soybean___healthy:::143.0,Soybean___healthy:::304.0,False
8,False,train--validation,Soybean___healthy,train\Soybean___healthy\f3e61ff2-2d28-418c-aef2-cc5362eaaa57___RS_HL 5162.JPG,train\Soybean___healthy\de63c919-003e-4666-bdd2-a0d326235c93___RS_HL 3944.JPG,Soybean___healthy:::274.0,Soybean___healthy:::133.0,False
8,False,train--validation,Soybean___healthy,train\Soybean___healthy\f52b54e4-ab04-4b7b-86bc-cd46c34e5aa9___RS_HL 6571.JPG,train\Soybean___healthy\75abde0a-abca-4a49-ba2d-794f3b61ddc6___RS_HL 6765.JPG,Soybean___healthy:::427.0,Soybean___healthy:::444.0,False
8,False,train--validation,Soybean___healthy,train\Soybean___healthy\f6db9c82-e775-4d08-bb9a-53da195013e4___RS_HL 2847.JPG,train\Soybean___healthy\1edd94a0-0f9d-4bdb-b083-78dfc250a54f___RS_HL 4630.JPG,Soybean___healthy:::18.0,Soybean___healthy:::215.0,False
8,False,train--validation,Soybean___healthy,train\Soybean___healthy\f79f6afb-154b-41d6-8a01-42715d03927f___RS_HL 6659.JPG,train\Soybean___healthy\9e416313-4813-4107-bedc-c8afea09bd55___RS_HL 6212.JPG,Soybean___healthy:::435.0,Soybean___healthy:::395.0,False
8,False,train--validation,Soybean___healthy,train\Soybean___healthy\fbbd6e2f-fc81-4b10-9226-c100da7c0c6f___RS_HL 2776.JPG,train\Soybean___healthy\007e5c43-fd08-449e-8313-f2f97a8e062f___RS_HL 4652.JPG,Soybean___healthy:::11.0,Soybean___healthy:::217.0,False
8,False,train--validation,Soybean___healthy,train\Soybean___healthy\fc60273f-9361-41d8-9af5-51aca1e8175a___RS_HL 4170.JPG,train\Soybean___healthy\033724be-ffca-44a6-b97c-abb8852ee628___RS_HL 4237.JPG,Soybean___healthy:::160.0,Soybean___healthy:::169.0,False
8,False,train--validation,Soybean___healthy,val\Soybean___healthy\14de119e-8dfc-4044-9717-124acbcf8e32___RS_HL 6816.JPG,train\Soybean___healthy\28caf694-7838-4426-b611-5b5ee98c9cd3___RS_HL 7071.JPG,Soybean___healthy:::449.0,Soybean___healthy:::468.0,False
8,False,train--validation,Soybean___healthy,val\Soybean___healthy\1e795f88-dd94-460d-ac8c-2676a6c7ecae___RS_HL 3548.JPG,train\Soybean___healthy\1edd94a0-0f9d-4bdb-b083-78dfc250a54f___RS_HL 4630.JPG,Soybean___healthy:::92.0,Soybean___healthy:::215.0,False
8,False,train--validation,Soybean___healthy,val\Soybean___healthy\1f16ceb6-2d72-4d37-abec-edf27f0c8468___RS_HL 4343.JPG,train\Soybean___healthy\bd8d78a5-1c5e-4fc9-ab3e-b281ab21138d___RS_HL 7404.JPG,Soybean___healthy:::183.0,Soybean___healthy:::496.0,False
8,False,train--validation,Soybean___healthy,val\Soybean___healthy\1f437b37-c648-45f3-a5f8-323cbb5bde35___RS_HL 7166.JPG,val\Soybean___healthy\c55c20a5-c529-43af-949e-cfaad2377481___RS_HL 5454.JPG,Soybean___healthy:::477.0,Soybean___healthy:::308.0,False
8,False,train--validation,Soybean___healthy,val\Soybean___healthy\2a958f0b-6725-4d6e-b76c-d407def6a648___RS_HL 4071.JPG,val\Soybean___healthy\2c417e81-d6b6-4401-a831-bc8ce8846fb9___RS_HL 4236.JPG,Soybean___healthy:::148.0,Soybean___healthy:::169.0,False
8,False,train--validation,Soybean___healthy,val\Soybean___healthy\34efa61b-cac1-4fad-8b7b-af512a83147c___RS_HL 5855.JPG,train\Soybean___healthy\fdda5699-2dd7-4a3c-a40a-9a2a05f187e7___RS_HL 6562.JPG,Soybean___healthy:::367.0,Soybean___healthy:::426.0,False
8,False,train--validation,Soybean___healthy,val\Soybean___healthy\35f10596-0a82-4cf6-a4f4-5f3211763bba___RS_HL 5078.JPG,train\Soybean___healthy\b62a16da-835b-44f2-9fa1-004ba508985c___RS_HL 5551 1.JPG,Soybean___healthy:::264.0,Soybean___healthy:::320.0,False
8,False,train--validation,Soybean___healthy,val\Soybean___healthy\385b63d0-82e9-4099-bb46-5e62469b4c65___RS_HL 3749.JPG,train\Soybean___healthy\5bf08cfa-93b1-493e-af11-74144bcdedcc___RS_HL 3942.JPG,Soybean___healthy:::111.0,Soybean___healthy:::133.0,False
8,False,train--validation,Soybean___healthy,val\Soybean___healthy\3a828c70-f671-48a2-8e58-5dbc51d75390___RS_HL 5748 1.JPG,train\Soybean___healthy\5bf08cfa-93b1-493e-af11-74144bcdedcc___RS_HL 3942.JPG,Soybean___healthy:::354.0,Soybean___healthy:::133.0,False
8,False,train--validation,Soybean___healthy,val\Soybean___healthy\3c986940-cd4c-4b1f-9e20-57f5c809172e___RS_HL 6780.JPG,train\Soybean___healthy\7e39beb3-81d1-4c3d-bae1-a4945bd1fcea___RS_HL 6766.JPG,Soybean___healthy:::446.0,Soybean___healthy:::444.0,False
8,False,train--validation,Soybean___healthy,val\Soybean___healthy\459dcdba-1f87-4c2e-8a01-b0a9785bf284___RS_HL 5657 1.JPG,train\Soybean___healthy\46b609ef-1c1b-4844-8981-ae96fdaddf5a___RS_HL 4490.JPG,Soybean___healthy:::338.0,Soybean___healthy:::200.0,False
8,False,train--validation,Soybean___healthy,val\Soybean___healthy\45be688a-32b7-4654-a995-67b46b7dc97b___RS_HL 4784.JPG,train\Soybean___healthy\913c1a66-a8e7-47e7-b036-4833063b7ab4___RS_HL 4626.JPG,Soybean___healthy:::232.0,Soybean___healthy:::215.0,False
8,False,train--validation,Soybean___healthy,val\Soybean___healthy\5a3ee1ad-ab4d-4428-ae0b-7d2881c5f316___RS_HL 6394.JPG,train\Soybean___healthy\308b75e8-49e7-4168-9796-9c49875cc403___RS_HL 6214.JPG,Soybean___healthy:::410.0,Soybean___healthy:::395.0,False
8,False,train--validation,Soybean___healthy,val\Soybean___healthy\5ab639b3-7224-494c-923b-0b1a98a95c7b___RS_HL 5562 1.JPG,val\Soybean___healthy\cd191249-bc33-406e-9abe-6a07ff1b9b79___RS_HL 3653.JPG,Soybean___healthy:::323.0,Soybean___healthy:::101.0,False
8,False,train--validation,Soybean___healthy,val\Soybean___healthy\5ef306df-0c35-444a-a940-7f52b993ede1___RS_HL 6175.JPG,train\Soybean___healthy\f21f5422-6f59-4a2a-b385-b88646b64635___RS_HL 6708.JPG,Soybean___healthy:::392.0,Soybean___healthy:::440.0,False
8,False,train--validation,Soybean___healthy,val\Soybean___healthy\8b7fe407-202b-4513-ba10-53196a055849___RS_HL 6281.JPG,train\Soybean___healthy\a7da66ee-5bb5-4227-a962-61f6bd913005___RS_HL 3771.JPG,Soybean___healthy:::400.0,Soybean___healthy:::114.0,False
8,False,train--validation,Soybean___healthy,val\Soybean___healthy\8da1ecda-9b55-4476-983c-077aeded8fa1___RS_HL 3927.JPG,val\Soybean___healthy\e3f56ae8-ef65-4599-b165-d01f370c3a9f___RS_HL 3709.JPG,Soybean___healthy:::131.0,Soybean___healthy:::106.0,False
8,False,train--validation,Soybean___healthy,val\Soybean___healthy\9f894807-ac4e-4319-91cd-e7c908acb0f8___RS_HL 6915.JPG,train\Soybean___healthy\7e39beb3-81d1-4c3d-bae1-a4945bd1fcea___RS_HL 6766.JPG,Soybean___healthy:::456.0,Soybean___healthy:::444.0,False
8,False,train--validation,Soybean___healthy,val\Soybean___healthy\a70d8343-eded-4d1a-af2d-8a8b7939f6cd___RS_HL 4401.JPG,train\Soybean___healthy\86700597-9f43-478e-8f70-6ef8212daf74___RS_HL 3284.JPG,Soybean___healthy:::190.0,Soybean___healthy:::66.0,False
8,False,train--validation,Soybean___healthy,val\Soybean___healthy\b584a2af-33d7-443e-ada1-242a681cfea3___RS_HL 7158.JPG,train\Soybean___healthy\4b329bd8-d554-411a-95f3-32f3c70aeefc___RS_HL 7064.JPG,Soybean___healthy:::476.0,Soybean___healthy:::468.0,False
8,False,train--validation,Soybean___healthy,val\Soybean___healthy\c3001e80-16b0-474e-a7de-dce7c1271bbc___RS_HL 5018.JPG,train\Soybean___healthy\4bf93fae-8468-4214-a855-e71c9de50c4e___RS_HL 3773.JPG,Soybean___healthy:::258.0,Soybean___healthy:::114.0,False
8,False,train--validation,Soybean___healthy,val\Soybean___healthy\c3001e80-16b0-474e-a7de-dce7c1271bbc___RS_HL 5018.JPG,train\Soybean___healthy\9e416313-4813-4107-bedc-c8afea09bd55___RS_HL 6212.JPG,Soybean___healthy:::258.0,Soybean___healthy:::395.0,False
8,False,train--validation,Soybean___healthy,val\Soybean___healthy\c3e40812-76aa-4c76-8aac-3fcacd1d1bbb___RS_HL 3561.JPG,train\Soybean___healthy\5bf08cfa-93b1-493e-af11-74144bcdedcc___RS_HL 3942.JPG,Soybean___healthy:::93.0,Soybean___healthy:::133.0,False
8,False,train--validation,Soybean___healthy,val\Soybean___healthy\c624f169-c59e-43bf-a48a-67dae1dff160___RS_HL 5851.JPG,train\Soybean___healthy\cc97c816-b895-47ba-818f-b244bba27581___RS_HL 3775.JPG,Soybean___healthy:::367.0,Soybean___healthy:::114.0,False
8,False,train--validation,Soybean___healthy,val\Soybean___healthy\e3cfbded-895c-47bc-9df9-9bc404361460___RS_HL 4506.JPG,train\Soybean___healthy\9da943d4-0434-4323-869f-b822674fbb4d___RS_HL 4439.JPG,Soybean___healthy:::202.0,Soybean___healthy:::195.0,False
8,False,train--validation,Soybean___healthy,val\Soybean___healthy\e7d36e15-55ac-4557-b983-d911b18ccf57___RS_HL 6277.JPG,train\Soybean___healthy\25cb3356-598d-4253-8eb8-3f6aa8ded46c___RS_HL 6210.JPG,Soybean___healthy:::400.0,Soybean___healthy:::395.0,False
8,False,train--validation,Soybean___healthy,val\Soybean___healthy\eca16e5e-770a-480c-80a9-215ee7f6b7d6___RS_HL 3212.JPG,train\Soybean___healthy\36c737ab-2107-47bf-9f82-dfff7783a655___RS_HL 6764.JPG,Soybean___healthy:::59.0,Soybean___healthy:::444.0,False
8,False,train--validation,Soybean___healthy,val\Soybean___healthy\eff24a73-9fb2-4082-9ead-49161f3e858a___RS_HL 6141.JPG,train\Soybean___healthy\5e7795bd-adb3-4ef2-b86f-6cd19cbff894___RS_HL 5680.JPG,Soybean___healthy:::390.0,Soybean___healthy:::342.0,False
8,False,train--validation,Soybean___healthy,val\Soybean___healthy\fee7058e-43c3-404f-a9cc-e23d860cb894___RS_HL 6103.JPG,train\Soybean___healthy\308b75e8-49e7-4168-9796-9c49875cc403___RS_HL 6214.JPG,Soybean___healthy:::387.0,Soybean___healthy:::395.0,False
8,False,train--validation,Soybean___healthy,val\Soybean___healthy\fee7058e-43c3-404f-a9cc-e23d860cb894___RS_HL 6103.JPG,train\Soybean___healthy\9e416313-4813-4107-bedc-c8afea09bd55___RS_HL 6212.JPG,Soybean___healthy:::387.0,Soybean___healthy:::395.0,False
8,False,train--validation,Strawberry___Leaf_scorch,train\Strawberry___Leaf_scorch\7011a44e-fd95-478e-a4b2-4a3f5f8f08e2___RS_L.Scorch 0146.JPG,train\Strawberry___Leaf_scorch\296adf3c-b653-413d-b092-7c68e064a758___RS_L.Scorch 0148.JPG,,,True
8,False,train--validation,Strawberry___healthy,val\Strawberry___healthy\0400adad-86e7-4e42-9141-acc0f226e2e7___RS_HL 2111.JPG,val\Strawberry___healthy\70c3ebc3-9917-4ed7-920b-e83719e6c414___RS_HL 1926.JPG,Strawberry___healthy:::50.0,Strawberry___healthy:::31.0,False
8,False,train--validation,Tomato___Bacterial_spot,train\Tomato___Bacterial_spot\0a64655c-4052-4e5f-a696-2a6cf25d10c9___GCREC_Bact.Sp 6017.JPG,train\Tomato___Bacterial_spot\01375198-62af-4c40-bddf-f3c11107200b___GCREC_Bact.Sp 5914.JPG,Tomato___Bacterial_spot:::346.0,Tomato___Bacterial_spot:::321.0,False
8,False,train--validation,Tomato___Bacterial_spot,train\Tomato___Bacterial_spot\0ab9c705-f29e-45ac-b786-9549b3c38f16___GCREC_Bact.Sp 3223.JPG,train\Tomato___Bacterial_spot\f3254462-bebf-48bc-84ce-93f88fddefe4___GCREC_Bact.Sp 6302.JPG,Tomato___Bacterial_spot:::70.0,Tomato___Bacterial_spot:::417.0,False
8,False,train--validation,Tomato___Bacterial_spot,train\Tomato___Bacterial_spot\1ee0cf88-307d-4c0c-af30-6031c2cbd256___GCREC_Bact.Sp 5840.JPG,val\Tomato___Bacterial_spot\3256b07a-4561-45b8-b3d5-9422c0241c00___GCREC_Bact.Sp 3054.JPG,Tomato___Bacterial_spot:::303.0,Tomato___Bacterial_spot:::28.0,False
8,False,train--validation,Tomato___Bacterial_spot,train\Tomato___Bacterial_spot\1fcebd34-f196-4909-abd1-6d9413d9b4b4___GCREC_Bact.Sp 3304.JPG,train\Tomato___Bacterial_spot\0d227915-443b-402c-8a25-cc43434c4bb0___GCREC_Bact.Sp 5913.JPG,Tomato___Bacterial_spot:::90.0,Tomato___Bacterial_spot:::321.0,False
8,False,train--validation,Tomato___Bacterial_spot,train\Tomato___Bacterial_spot\32d7007e-5830-4675-8e03-06b60287652f___GCREC_Bact.Sp 3344.JPG,val\Tomato___Bacterial_spot\98ebc6ae-4ce1-4332-a55c-f6756edb6459___GCREC_Bact.Sp 3232.JPG,Tomato___Bacterial_spot:::100.0,Tomato___Bacterial_spot:::72.0,False
8,False,train--validation,Tomato___Bacterial_spot,train\Tomato___Bacterial_spot\41ad4c6f-cc69-438e-ac9a-431fc692824b___GCREC_Bact.Sp 3372.JPG,train\Tomato___Bacterial_spot\6dc6ed46-c38b-4ebd-8985-80f83ebd709e___GCREC_Bact.Sp 2954.JPG,Tomato___Bacterial_spot:::107.0,Tomato___Bacterial_spot:::3.0,False
8,False,train--validation,Tomato___Bacterial_spot,train\Tomato___Bacterial_spot\4612d560-762e-4254-8e6d-bc48ee9a94f4___GCREC_Bact.Sp 5716.JPG,train\Tomato___Bacterial_spot\517dac9f-61a6-4e5a-928e-b0009c2d6d47___GCREC_Bact.Sp 3516.JPG,Tomato___Bacterial_spot:::272.0,Tomato___Bacterial_spot:::143.0,False
8,False,train--validation,Tomato___Bacterial_spot,train\Tomato___Bacterial_spot\49c04c82-89d6-480e-96a3-d74a14b717b3___GCREC_Bact.Sp 3274.JPG,train\Tomato___Bacterial_spot\98a33963-bf05-4c93-a217-045c06047616___GCREC_Bact.Sp 5985.JPG,Tomato___Bacterial_spot:::83.0,Tomato___Bacterial_spot:::338.0,False
8,False,train--validation,Tomato___Bacterial_spot,train\Tomato___Bacterial_spot\611c6fa8-d805-4956-a786-2a4522c59f71___GCREC_Bact.Sp 5616.JPG,train\Tomato___Bacterial_spot\517dac9f-61a6-4e5a-928e-b0009c2d6d47___GCREC_Bact.Sp 3516.JPG,Tomato___Bacterial_spot:::247.0,Tomato___Bacterial_spot:::143.0,False
8,False,train--validation,Tomato___Bacterial_spot,train\Tomato___Bacterial_spot\6e66897f-e901-41e2-990b-54f8117b792e___GCREC_Bact.Sp 5761.JPG,train\Tomato___Bacterial_spot\6dc6ed46-c38b-4ebd-8985-80f83ebd709e___GCREC_Bact.Sp 2954.JPG,Tomato___Bacterial_spot:::283.0,Tomato___Bacterial_spot:::3.0,False
8,False,train--validation,Tomato___Bacterial_spot,train\Tomato___Bacterial_spot\71bbf536-8d96-427e-8dd5-1f330b24aff9___GCREC_Bact.Sp 2982.JPG,val\Tomato___Bacterial_spot\eb69cd1d-ab61-44cf-b8d0-2e6317fd3043___GCREC_Bact.Sp 2998.JPG,Tomato___Bacterial_spot:::10.0,Tomato___Bacterial_spot:::14.0,False
8,False,train--validation,Tomato___Bacterial_spot,train\Tomato___Bacterial_spot\885c07cf-7443-4cc6-ba15-cc8e75aa7ebe___GCREC_Bact.Sp 6016.JPG,train\Tomato___Bacterial_spot\bb199ebe-f777-4760-adb1-368291627d3d___GCREC_Bact.Sp 5749.JPG,Tomato___Bacterial_spot:::346.0,Tomato___Bacterial_spot:::280.0,False
8,False,train--validation,Tomato___Bacterial_spot,train\Tomato___Bacterial_spot\8c93a024-3aea-440e-b504-9251758d71e7___GCREC_Bact.Sp 6065.JPG,train\Tomato___Bacterial_spot\4126165c-f9e0-4a17-9d87-d41bf356afb9___GCREC_Bact.Sp 3517.JPG,Tomato___Bacterial_spot:::358.0,Tomato___Bacterial_spot:::143.0,False
8,False,train--validation,Tomato___Bacterial_spot,train\Tomato___Bacterial_spot\8dea4cc9-85a5-412f-b16b-6bd339b9429d___GCREC_Bact.Sp 6069.JPG,train\Tomato___Bacterial_spot\4126165c-f9e0-4a17-9d87-d41bf356afb9___GCREC_Bact.Sp 3517.JPG,Tomato___Bacterial_spot:::359.0,Tomato___Bacterial_spot:::143.0,False
8,False,train--validation,Tomato___Bacterial_spot,train\Tomato___Bacterial_spot\8dea4cc9-85a5-412f-b16b-6bd339b9429d___GCREC_Bact.Sp 6069.JPG,train\Tomato___Bacterial_spot\517dac9f-61a6-4e5a-928e-b0009c2d6d47___GCREC_Bact.Sp 3516.JPG,Tomato___Bacterial_spot:::359.0,Tomato___Bacterial_spot:::143.0,False
8,False,train--validation,Tomato___Bacterial_spot,train\Tomato___Bacterial_spot\8dea4cc9-85a5-412f-b16b-6bd339b9429d___GCREC_Bact.Sp 6069.JPG,val\Tomato___Bacterial_spot\707dc081-60c2-4362-a91e-6c6eacf4d081___GCREC_Bact.Sp 5613.JPG,Tomato___Bacterial_spot:::359.0,Tomato___Bacterial_spot:::246.0,False
8,False,train--validation,Tomato___Bacterial_spot,train\Tomato___Bacterial_spot\8ff85c38-bc88-4bd3-872b-363316b27b5b___GCREC_Bact.Sp 5843.JPG,train\Tomato___Bacterial_spot\0ab54691-ba9f-4c1f-a69b-ec0501df4401___GCREC_Bact.Sp 3170.JPG,Tomato___Bacterial_spot:::303.0,Tomato___Bacterial_spot:::57.0,False
8,False,train--validation,Tomato___Bacterial_spot,train\Tomato___Bacterial_spot\a2ea3cb7-5c9e-4d3c-9e6c-42f7eb5f98a4___GCREC_Bact.Sp 6076.JPG,train\Tomato___Bacterial_spot\bb199ebe-f777-4760-adb1-368291627d3d___GCREC_Bact.Sp 5749.JPG,Tomato___Bacterial_spot:::361.0,Tomato___Bacterial_spot:::280.0,False
8,False,train--validation,Tomato___Bacterial_spot,train\Tomato___Bacterial_spot\a4208fb2-ff57-41f1-bc52-30d69736076c___GCREC_Bact.Sp 3441.JPG,train\Tomato___Bacterial_spot\f332d822-2557-42ee-ba97-c62cafcc5c29___GCREC_Bact.Sp 3172.JPG,Tomato___Bacterial_spot:::124.0,Tomato___Bacterial_spot:::57.0,False
8,False,train--validation,Tomato___Bacterial_spot,train\Tomato___Bacterial_spot\a8c12fae-22eb-46c8-a7dc-374225d050ba___GCREC_Bact.Sp 3122.JPG,train\Tomato___Bacterial_spot\517dac9f-61a6-4e5a-928e-b0009c2d6d47___GCREC_Bact.Sp 3516.JPG,Tomato___Bacterial_spot:::45.0,Tomato___Bacterial_spot:::143.0,False
8,False,train--validation,Tomato___Bacterial_spot,train\Tomato___Bacterial_spot\abf9d7f0-be8e-4294-bf19-d60270e3a50d___GCREC_Bact.Sp 5573.JPG,train\Tomato___Bacterial_spot\2c11cd9f-5a64-49eb-91ba-63a7188c8eb7___GCREC_Bact.Sp 5926.JPG,Tomato___Bacterial_spot:::236.0,Tomato___Bacterial_spot:::324.0,False
8,False,train--validation,Tomato___Bacterial_spot,train\Tomato___Bacterial_spot\bf0ce672-d1b8-49a7-a41e-5026715930e9___GCREC_Bact.Sp 6040.JPG,train\Tomato___Bacterial_spot\7218c0f5-1083-4b2d-b0da-4c32edb279de___GCREC_Bact.Sp 3286.JPG,Tomato___Bacterial_spot:::352.0,Tomato___Bacterial_spot:::86.0,False
8,False,train--validation,Tomato___Bacterial_spot,train\Tomato___Bacterial_spot\cf08a18e-375d-4f92-ac86-bd0e2f8f8dd2___GCREC_Bact.Sp 5808.JPG,val\Tomato___Bacterial_spot\3256b07a-4561-45b8-b3d5-9422c0241c00___GCREC_Bact.Sp 3054.JPG,Tomato___Bacterial_spot:::295.0,Tomato___Bacterial_spot:::28.0,False
8,False,train--validation,Tomato___Bacterial_spot,train\Tomato___Bacterial_spot\dddde2e7-7228-47c6-a263-e1c5003471c0___GCREC_Bact.Sp 3512.JPG,train\Tomato___Bacterial_spot\19a4a07c-5e82-4a4f-bc64-9f7d941cab88___GCREC_Bact.Sp 3515.JPG,Tomato___Bacterial_spot:::142.0,Tomato___Bacterial_spot:::143.0,False
8,False,train--validation,Tomato___Bacterial_spot,train\Tomato___Bacterial_spot\dddde2e7-7228-47c6-a263-e1c5003471c0___GCREC_Bact.Sp 3512.JPG,train\Tomato___Bacterial_spot\4126165c-f9e0-4a17-9d87-d41bf356afb9___GCREC_Bact.Sp 3517.JPG,Tomato___Bacterial_spot:::142.0,Tomato___Bacterial_spot:::143.0,False
8,False,train--validation,Tomato___Bacterial_spot,train\Tomato___Bacterial_spot\e82d7b9f-9e5a-4d2c-9094-4b3961a062bd___GCREC_Bact.Sp 2976.JPG,train\Tomato___Bacterial_spot\d8d2baf6-87de-43e5-bd40-48dfe33841d3___GCREC_Bact.Sp 5747.JPG,Tomato___Bacterial_spot:::8.0,Tomato___Bacterial_spot:::280.0,False
8,False,train--validation,Tomato___Bacterial_spot,train\Tomato___Bacterial_spot\fc6a1ebf-65e5-45f1-be33-1f2bd3dc4d71___GCREC_Bact.Sp 3511.JPG,train\Tomato___Bacterial_spot\19a4a07c-5e82-4a4f-bc64-9f7d941cab88___GCREC_Bact.Sp 3515.JPG,Tomato___Bacterial_spot:::142.0,Tomato___Bacterial_spot:::143.0,False
8,False,train--validation,Tomato___Bacterial_spot,train\Tomato___Bacterial_spot\fc6a1ebf-65e5-45f1-be33-1f2bd3dc4d71___GCREC_Bact.Sp 3511.JPG,train\Tomato___Bacterial_spot\517dac9f-61a6-4e5a-928e-b0009c2d6d47___GCREC_Bact.Sp 3516.JPG,Tomato___Bacterial_spot:::142.0,Tomato___Bacterial_spot:::143.0,False
8,False,train--validation,Tomato___Bacterial_spot,val\Tomato___Bacterial_spot\8a5ddf5c-d342-4729-95cc-e846494d37ed___GCREC_Bact.Sp 3130.JPG,train\Tomato___Bacterial_spot\d8d2baf6-87de-43e5-bd40-48dfe33841d3___GCREC_Bact.Sp 5747.JPG,Tomato___Bacterial_spot:::47.0,Tomato___Bacterial_spot:::280.0,False
8,False,train--validation,Tomato___Early_blight,train\Tomato___Early_blight\467b230b-ca0c-4f44-bf22-3e6e0454d51a___RS_Erly.B 9429.JPG,val\Tomato___Early_blight\b8b9300b-f085-49ce-a052-5c003e493f7e___RS_Erly.B 7507.JPG,Tomato___Early_blight:::203.0,Tomato___Early_blight:::67.0,False
8,False,train--validation,Tomato___Late_blight,train\Tomato___Late_blight\1f200e50-7cb5-4a83-8ecd-dcf133f1f45e___GHLB2 Leaf 8991.JPG,train\Tomato___Late_blight\08a723e4-6b51-4395-8013-b1f3f03709b8___GHLB2 Leaf 8967.JPG,,,True
8,False,train--validation,Tomato___Late_blight,train\Tomato___Late_blight\40ad58d9-f6ab-4487-a150-e2da47f733f1___GHLB2 Leaf 8665.JPG,train\Tomato___Late_blight\fd26b445-5839-4337-858c-a91dfdd812cc___GHLB2 Leaf 8743.JPG,,,True
8,False,train--validation,Tomato___Late_blight,train\Tomato___Late_blight\56c7bdb1-9b7e-40fc-8ec5-97e20770426b___GHLB2 Leaf 8951.JPG,train\Tomato___Late_blight\fd26b445-5839-4337-858c-a91dfdd812cc___GHLB2 Leaf 8743.JPG,,,True
8,False,train--validation,Tomato___Late_blight,train\Tomato___Late_blight\a02557d9-976b-4b21-8318-aecef263f90c___GHLB2 Leaf 8649.JPG,train\Tomato___Late_blight\8b08d651-0fcc-43da-8aec-34389f834d63___GHLB2 Leaf 8644.JPG,,,True
8,False,train--validation,Tomato___Late_blight,train\Tomato___Late_blight\bc21154c-09a0-4428-9afe-be7ea00739d8___GHLB2 Leaf 8656.JPG,train\Tomato___Late_blight\902aed86-4d96-4a9b-9742-f01ae845c22c___GHLB2 Leaf 9037.JPG,,,True
8,False,train--validation,Tomato___Late_blight,train\Tomato___Late_blight\c451aa60-ebde-4dfd-a008-ad6e4cfef3fe___RS_Late.B 6857.JPG,train\Tomato___Late_blight\2dab6657-8b94-41ea-b610-74895532efe0___RS_Late.B 5567.JPG,Tomato___Late_blight:::197.0,Tomato___Late_blight:::110.0,False
8,False,train--validation,Tomato___Late_blight,val\Tomato___Late_blight\46edfbcd-876e-4310-bba7-bae2b8fcc773___GHLB2 Leaf 9069.JPG,train\Tomato___Late_blight\0d7b0e84-1c99-4699-84ed-ca86aec642e5___GHLB2 Leaf 8652.JPG,,,True
8,False,train--validation,Tomato___Late_blight,val\Tomato___Late_blight\5e590575-5588-422f-96a7-5e8c920fc7e2___GHLB2 Leaf 8671.JPG,train\Tomato___Late_blight\92abc2a8-b18b-45f9-bf9a-c774cc040ac7___GHLB2 Leaf 149.2.JPG,,,True
8,False,train--validation,Tomato___Late_blight,val\Tomato___Late_blight\7edf8e92-d212-46f4-843e-0c08bd263f73___GHLB2 Leaf 8944.JPG,train\Tomato___Late_blight\fcd37e39-9a92-4896-8673-af928a380078___GHLB2 Leaf 8733.JPG,,,True
8,False,train--validation,Tomato___Leaf_Mold,val\Tomato___Leaf_Mold\c661bd24-6fcf-4802-9010-68ef6e2e7fa8___Crnl_L.Mold 6644.JPG,train\Tomato___Leaf_Mold\7d40d29e-ba53-49bb-93be-e19d63855f60___Crnl_L.Mold 6994.JPG,Tomato___Leaf_Mold:::29.0,Tomato___Leaf_Mold:::96.0,False
8,False,train--validation,Tomato___Spider_mites Two-spotted_spider_mite,train\Tomato___Spider_mites Two-spotted_spider_mite\03dc4d71-45b6-4845-9f66-3b7aae5375e1___Com.G_SpM_FL 1193.JPG,train\Tomato___Spider_mites Two-spotted_spider_mite\9fd01a9c-be59-4d02-aca8-7d28170ea727___Com.G_SpM_FL 1588.JPG,Tomato___Spider_mites Two-spotted_spider_mite:::16.0,Tomato___Spider_mites Two-spotted_spider_mite:::114.0,False
8,False,train--validation,Tomato___Spider_mites Two-spotted_spider_mite,train\Tomato___Spider_mites Two-spotted_spider_mite\1ba7b39c-c687-42da-b283-edf7a03b17b7___Com.G_SpM_FL 9484.JPG,train\Tomato___Spider_mites Two-spotted_spider_mite\b1cb2b7a-afaf-4876-8fc0-25e9dce591a8___Com.G_SpM_FL 9264.JPG,Tomato___Spider_mites Two-spotted_spider_mite:::376.0,Tomato___Spider_mites Two-spotted_spider_mite:::322.0,False
8,False,train--validation,Tomato___Spider_mites Two-spotted_spider_mite,train\Tomato___Spider_mites Two-spotted_spider_mite\20630492-00f2-4da5-bda0-97c3a0bbdcc8___Com.G_SpM_FL 1150.JPG,train\Tomato___Spider_mites Two-spotted_spider_mite\c614b0c3-79eb-4818-ae01-336c79a27780___Com.G_SpM_FL 1618.JPG,Tomato___Spider_mites Two-spotted_spider_mite:::5.0,Tomato___Spider_mites Two-spotted_spider_mite:::121.0,False
8,False,train--validation,Tomato___Spider_mites Two-spotted_spider_mite,train\Tomato___Spider_mites Two-spotted_spider_mite\473578ed-99da-4f7f-9eff-25b067e6c761___Com.G_SpM_FL 1545.JPG,train\Tomato___Spider_mites Two-spotted_spider_mite\c614b0c3-79eb-4818-ae01-336c79a27780___Com.G_SpM_FL 1618.JPG,Tomato___Spider_mites Two-spotted_spider_mite:::103.0,Tomato___Spider_mites Two-spotted_spider_mite:::121.0,False
8,False,train--validation,Tomato___Spider_mites Two-spotted_spider_mite,train\Tomato___Spider_mites Two-spotted_spider_mite\49d75a64-a635-4ad0-bb8d-09678e63fd02___Com.G_SpM_FL 1736.JPG,train\Tomato___Spider_mites Two-spotted_spider_mite\28bf7171-b342-4e85-95f9-bef10104b93e___Com.G_SpM_FL 1652.JPG,Tomato___Spider_mites Two-spotted_spider_mite:::150.0,Tomato___Spider_mites Two-spotted_spider_mite:::129.0,False
8,False,train--validation,Tomato___Spider_mites Two-spotted_spider_mite,train\Tomato___Spider_mites Two-spotted_spider_mite\54461621-21aa-4ae7-92e1-800c74162441___Com.G_SpM_FL 1721.JPG,train\Tomato___Spider_mites Two-spotted_spider_mite\3181e984-bdb0-403d-9f58-a259535cb4d4___Com.G_SpM_FL 1405.JPG,Tomato___Spider_mites Two-spotted_spider_mite:::147.0,Tomato___Spider_mites Two-spotted_spider_mite:::68.0,False
8,False,train--validation,Tomato___Spider_mites Two-spotted_spider_mite,train\Tomato___Spider_mites Two-spotted_spider_mite\61425a6d-4f24-4306-b085-f91143e04be9___Com.G_SpM_FL 1385.JPG,train\Tomato___Spider_mites Two-spotted_spider_mite\5a227441-a1a8-4538-b79f-c637fa8e25e1___Com.G_SpM_FL 1648.JPG,Tomato___Spider_mites Two-spotted_spider_mite:::63.0,Tomato___Spider_mites Two-spotted_spider_mite:::128.0,False
8,False,train--validation,Tomato___Spider_mites Two-spotted_spider_mite,train\Tomato___Spider_mites Two-spotted_spider_mite\9fb18019-23c3-482e-9cdf-a9520238cf29___Com.G_SpM_FL 9617.JPG,train\Tomato___Spider_mites Two-spotted_spider_mite\28bf7171-b342-4e85-95f9-bef10104b93e___Com.G_SpM_FL 1652.JPG,Tomato___Spider_mites Two-spotted_spider_mite:::409.0,Tomato___Spider_mites Two-spotted_spider_mite:::129.0,False
8,False,train--validation,Tomato___Spider_mites Two-spotted_spider_mite,train\Tomato___Spider_mites Two-spotted_spider_mite\a5bdf9e4-dd03-4328-a0fd-5e269f0929ed___Com.G_SpM_FL 9508.JPG,train\Tomato___Spider_mites Two-spotted_spider_mite\c5fde521-4d6d-4efe-8157-2d0a306f51e4___Com.G_SpM_FL 1482.JPG,Tomato___Spider_mites Two-spotted_spider_mite:::382.0,Tomato___Spider_mites Two-spotted_spider_mite:::87.0,False
8,False,train--validation,Tomato___Spider_mites Two-spotted_spider_mite,train\Tomato___Spider_mites Two-spotted_spider_mite\a75666ed-91d1-4f47-bcf2-554c8a5a3fd5___Com.G_SpM_FL 9551.JPG,train\Tomato___Spider_mites Two-spotted_spider_mite\7fc9f1bc-6fe9-4248-af53-22b41f756ca1___Com.G_SpM_FL 9586.JPG,Tomato___Spider_mites Two-spotted_spider_mite:::393.0,Tomato___Spider_mites Two-spotted_spider_mite:::402.0,False
8,False,train--validation,Tomato___Spider_mites Two-spotted_spider_mite,train\Tomato___Spider_mites Two-spotted_spider_mite\ab555ffb-819e-40fa-b21c-d5a6bde16100___Com.G_SpM_FL 9609.JPG,train\Tomato___Spider_mites Two-spotted_spider_mite\3737ae01-5cc2-4a6a-b373-b1fae745972d___Com.G_SpM_FL 8576.JPG,Tomato___Spider_mites Two-spotted_spider_mite:::407.0,Tomato___Spider_mites Two-spotted_spider_mite:::203.0,False
8,False,train--validation,Tomato___Spider_mites Two-spotted_spider_mite,train\Tomato___Spider_mites Two-spotted_spider_mite\d83e3292-0be8-43b9-8215-4705a452a08a___Com.G_SpM_FL 1642.JPG,train\Tomato___Spider_mites Two-spotted_spider_mite\0a246e71-0551-4603-a017-d1dfc4ea06be___Com.G_SpM_FL 1178.JPG,Tomato___Spider_mites Two-spotted_spider_mite:::127.0,Tomato___Spider_mites Two-spotted_spider_mite:::12.0,False
8,False,train--validation,Tomato___Spider_mites Two-spotted_spider_mite,train\Tomato___Spider_mites Two-spotted_spider_mite\e3154893-0c83-43c8-87ae-18aa09342d51___Com.G_SpM_FL 9362.JPG,train\Tomato___Spider_mites Two-spotted_spider_mite\4db4942d-464a-462e-ba03-306587f0275f___Com.G_SpM_FL 9585.JPG,Tomato___Spider_mites Two-spotted_spider_mite:::346.0,Tomato___Spider_mites Two-spotted_spider_mite:::402.0,False
8,False,train--validation,Tomato___Spider_mites Two-spotted_spider_mite,train\Tomato___Spider_mites Two-spotted_spider_mite\f4e7971e-2b38-49c8-9cd8-7d0a5431ac40___Com.G_SpM_FL 1567.JPG,train\Tomato___Spider_mites Two-spotted_spider_mite\5a227441-a1a8-4538-b79f-c637fa8e25e1___Com.G_SpM_FL 1648.JPG,Tomato___Spider_mites Two-spotted_spider_mite:::108.0,Tomato___Spider_mites Two-spotted_spider_mite:::128.0,False
8,False,train--validation,Tomato___Spider_mites Two-spotted_spider_mite,train\Tomato___Spider_mites Two-spotted_spider_mite\f5eec0e2-699a-484e-91dd-c91f6c03a2c5___Com.G_SpM_FL 8547.JPG,train\Tomato___Spider_mites Two-spotted_spider_mite\e2aa2f14-9b4e-4b25-aa44-797be70717f4___Com.G_SpM_FL 1620.JPG,Tomato___Spider_mites Two-spotted_spider_mite:::195.0,Tomato___Spider_mites Two-spotted_spider_mite:::121.0,False
8,False,train--validation,Tomato___Spider_mites Two-spotted_spider_mite,val\Tomato___Spider_mites Two-spotted_spider_mite\5f8b820c-70d5-42b9-8844-a1b3dc4aecd1___Com.G_SpM_FL 9426.JPG,train\Tomato___Spider_mites Two-spotted_spider_mite\91d12160-d389-43de-a3f5-d885d049b81a___Com.G_SpM_FL 9332.JPG,Tomato___Spider_mites Two-spotted_spider_mite:::362.0,Tomato___Spider_mites Two-spotted_spider_mite:::339.0,False
8,False,train--validation,Tomato___Spider_mites Two-spotted_spider_mite,val\Tomato___Spider_mites Two-spotted_spider_mite\6199353f-27d9-4f9f-be4c-cf6ce1bdbb08___Com.G_SpM_FL 1152.JPG,train\Tomato___Spider_mites Two-spotted_spider_mite\5a227441-a1a8-4538-b79f-c637fa8e25e1___Com.G_SpM_FL 1648.JPG,Tomato___Spider_mites Two-spotted_spider_mite:::5.0,Tomato___Spider_mites Two-spotted_spider_mite:::128.0,False
8,False,train--validation,Tomato___Spider_mites Two-spotted_spider_mite,val\Tomato___Spider_mites Two-spotted_spider_mite\afd11a59-5ed8-4f8d-8e6e-280f6a4deced___Com.G_SpM_FL 8989.JPG,val\Tomato___Spider_mites Two-spotted_spider_mite\a0900c57-a463-4412-a3bc-83b413d3eae3___Com.G_SpM_FL 1395.JPG,Tomato___Spider_mites Two-spotted_spider_mite:::306.0,Tomato___Spider_mites Two-spotted_spider_mite:::66.0,False
8,False,train--validation,Tomato___Spider_mites Two-spotted_spider_mite,val\Tomato___Spider_mites Two-spotted_spider_mite\b63e58c3-8c7a-4009-ab29-8524ce4d704b___Com.G_SpM_FL 8680.JPG,train\Tomato___Spider_mites Two-spotted_spider_mite\bda626c4-8c66-439e-8106-73b716c238dc___Com.G_SpM_FL 9494.JPG,Tomato___Spider_mites Two-spotted_spider_mite:::229.0,Tomato___Spider_mites Two-spotted_spider_mite:::379.0,False
8,False,train--validation,Tomato___Spider_mites Two-spotted_spider_mite,val\Tomato___Spider_mites Two-spotted_spider_mite\d7621b7d-0d8c-4208-a796-049b3ef7a92b___Com.G_SpM_FL 1363.JPG,train\Tomato___Spider_mites Two-spotted_spider_mite\c614b0c3-79eb-4818-ae01-336c79a27780___Com.G_SpM_FL 1618.JPG,Tomato___Spider_mites Two-spotted_spider_mite:::58.0,Tomato___Spider_mites Two-spotted_spider_mite:::121.0,False
8,False,train--validation,Tomato___Target_Spot,train\Tomato___Target_Spot\0044d10f-7062-4655-8abd-9fffc5b2f152___Com.G_TgS_FL 7908.JPG,train\Tomato___Target_Spot\320a66eb-2f38-4db4-bd2f-3fbb298a43bf___Com.G_TgS_FL 8025.JPG,,,True
8,False,train--validation,Tomato___Target_Spot,train\Tomato___Target_Spot\bcf39621-3b6e-4211-8676-011dae6c529e___Com.G_TgS_FL 0990.JPG,train\Tomato___Target_Spot\242cf310-927e-4933-85b6-d4d019ae6db1___Com.G_TgS_FL 0017.JPG,,,True
8,False,train--validation,Tomato___Target_Spot,train\Tomato___Target_Spot\c101b725-66bb-4444-b06a-823d0bfa7acc___Com.G_TgS_FL 0867.JPG,val\Tomato___Target_Spot\87a68b92-1fd4-4cb8-abb2-1e5be151d6c3___Com.G_TgS_FL 0939.JPG,,,True
8,False,train--validation,Tomato___Tomato_Yellow_Leaf_Curl_Virus,train\Tomato___Tomato_Yellow_Leaf_Curl_Virus\042b346a-35b3-4c4c-986c-658f77a2c82c___UF.GRC_YLCV_Lab 01565.JPG,train\Tomato___Tomato_Yellow_Leaf_Curl_Virus\8a71a0ad-8b79-4ad8-9ef7-e18c4f523285___UF.GRC_YLCV_Lab 01560.JPG,,,True
8,False,train--validation,Tomato___Tomato_Yellow_Leaf_Curl_Virus,train\Tomato___Tomato_Yellow_Leaf_Curl_Virus\2a3a60a3-cfe0-4202-a6ec-2d7f5df29866___YLCV_GCREC 5258.JPG,val\Tomato___Tomato_Yellow_Leaf_Curl_Virus\8c53833e-df06-4326-adfb-0395949b3c61___YLCV_NREC 0120.JPG,Tomato___Tomato_Yellow_Leaf_Curl_Virus:::299.0,Tomato___Tomato_Yellow_Leaf_Curl_Virus:::385.0,False
8,False,train--validation,Tomato___Tomato_Yellow_Leaf_Curl_Virus,train\Tomato___Tomato_Yellow_Leaf_Curl_Virus\2a433ab0-4ff3-4991-8a34-c0536ba5ba5f___YLCV_GCREC 5383.JPG,train\Tomato___Tomato_Yellow_Leaf_Curl_Virus\114aede5-a632-4623-8c0e-5517a4a207e7___YLCV_GCREC 2702.JPG,Tomato___Tomato_Yellow_Leaf_Curl_Virus:::329.0,Tomato___Tomato_Yellow_Leaf_Curl_Virus:::202.0,False
8,False,train--validation,Tomato___Tomato_Yellow_Leaf_Curl_Virus,train\Tomato___Tomato_Yellow_Leaf_Curl_Virus\2df37e4f-7960-42a2-8b23-c8d9bde0d5b0___YLCV_NREC 2813.JPG,train\Tomato___Tomato_Yellow_Leaf_Curl_Virus\6e131ddb-647b-4d51-8709-8538a3de6182___YLCV_NREC 2592.JPG,Tomato___Tomato_Yellow_Leaf_Curl_Virus:::641.0,Tomato___Tomato_Yellow_Leaf_Curl_Virus:::586.0,False
8,False,train--validation,Tomato___Tomato_Yellow_Leaf_Curl_Virus,train\Tomato___Tomato_Yellow_Leaf_Curl_Virus\3234e386-f564-46ef-a060-37270bb8a329___YLCV_GCREC 5259.JPG,train\Tomato___Tomato_Yellow_Leaf_Curl_Virus\93e49a6e-2920-4cf5-bb45-75364a2692d8___YLCV_GCREC 2035.JPG,Tomato___Tomato_Yellow_Leaf_Curl_Virus:::299.0,Tomato___Tomato_Yellow_Leaf_Curl_Virus:::36.0,False
8,False,train--validation,Tomato___Tomato_Yellow_Leaf_Curl_Virus,train\Tomato___Tomato_Yellow_Leaf_Curl_Virus\33453878-e554-4566-ac50-4a0956548533___UF.GRC_YLCV_Lab 01916.JPG,train\Tomato___Tomato_Yellow_Leaf_Curl_Virus\e03a6b15-f236-4b0a-a1bc-a61f02f959ed___UF.GRC_YLCV_Lab 01915.JPG,,,True
8,False,train--validation,Tomato___Tomato_Yellow_Leaf_Curl_Virus,train\Tomato___Tomato_Yellow_Leaf_Curl_Virus\36fe1ff2-b5a0-45c4-9920-0c5825713e48___UF.GRC_YLCV_Lab 02873.JPG,train\Tomato___Tomato_Yellow_Leaf_Curl_Virus\3a389749-e245-4308-a1c6-a4d872e2833c___UF.GRC_YLCV_Lab 02871.JPG,,,True
8,False,train--validation,Tomato___Tomato_Yellow_Leaf_Curl_Virus,train\Tomato___Tomato_Yellow_Leaf_Curl_Virus\37338a4a-c04f-4cc7-bc36-d3deb78c95a9___UF.GRC_YLCV_Lab 03336.JPG,train\Tomato___Tomato_Yellow_Leaf_Curl_Virus\6dce29d9-72d5-4acb-8cb0-2e252ad40f69___UF.GRC_YLCV_Lab 03349.JPG,,,True
8,False,train--validation,Tomato___Tomato_Yellow_Leaf_Curl_Virus,train\Tomato___Tomato_Yellow_Leaf_Curl_Virus\40a35c35-7e27-44bb-8a94-ce0bd642a12c___UF.GRC_YLCV_Lab 09473.JPG,val\Tomato___Tomato_Yellow_Leaf_Curl_Virus\2970df15-12d6-4ca2-b445-78a7b2cdba0a___UF.GRC_YLCV_Lab 09465.JPG,,,True
8,False,train--validation,Tomato___Tomato_Yellow_Leaf_Curl_Virus,train\Tomato___Tomato_Yellow_Leaf_Curl_Virus\47744ad1-e745-46f0-811b-ea825c79d664___YLCV_GCREC 5518.JPG,train\Tomato___Tomato_Yellow_Leaf_Curl_Virus\5a816018-0569-4981-9d9f-5142638a950f___YLCV_GCREC 2704.JPG,Tomato___Tomato_Yellow_Leaf_Curl_Virus:::362.0,Tomato___Tomato_Yellow_Leaf_Curl_Virus:::202.0,False
8,False,train--validation,Tomato___Tomato_Yellow_Leaf_Curl_Virus,train\Tomato___Tomato_Yellow_Leaf_Curl_Virus\4f7c7918-df06-4a88-a48d-f06609e7b138___YLCV_NREC 2626.JPG,train\Tomato___Tomato_Yellow_Leaf_Curl_Virus\3bc21ee2-593d-4bf8-a9dc-1d090bae66a3___YLCV_NREC 2421.JPG,Tomato___Tomato_Yellow_Leaf_Curl_Virus:::594.0,Tomato___Tomato_Yellow_Leaf_Curl_Virus:::543.0,False
8,False,train--validation,Tomato___Tomato_Yellow_Leaf_Curl_Virus,train\Tomato___Tomato_Yellow_Leaf_Curl_Virus\57b31c9e-51bb-49c9-8950-91a4e27eca5f___YLCV_GCREC 2764.JPG,train\Tomato___Tomato_Yellow_Leaf_Curl_Virus\9f41a7d7-d1a1-474e-8a5e-0835bc2e6a0c___YLCV_GCREC 2037.JPG,Tomato___Tomato_Yellow_Leaf_Curl_Virus:::217.0,Tomato___Tomato_Yellow_Leaf_Curl_Virus:::36.0,False
8,False,train--validation,Tomato___Tomato_Yellow_Leaf_Curl_Virus,train\Tomato___Tomato_Yellow_Leaf_Curl_Virus\5dc0f3b8-50d7-4843-9cc2-3c7e6d94a66f___YLCV_NREC 2951.JPG,train\Tomato___Tomato_Yellow_Leaf_Curl_Virus\af9edb4a-f956-4ae5-8d87-a5fbf5899bc2___YLCV_GCREC 2047.JPG,Tomato___Tomato_Yellow_Leaf_Curl_Virus:::675.0,Tomato___Tomato_Yellow_Leaf_Curl_Virus:::39.0,False
8,False,train--validation,Tomato___Tomato_Yellow_Leaf_Curl_Virus,train\Tomato___Tomato_Yellow_Leaf_Curl_Virus\66b2d54c-6e19-4162-aec4-5246a80da463___UF.GRC_YLCV_Lab 02310.JPG,train\Tomato___Tomato_Yellow_Leaf_Curl_Virus\16c545e2-7dd7-45bb-b4c4-5f5587856bc3___UF.GRC_YLCV_Lab 02311.JPG,,,True
8,False,train--validation,Tomato___Tomato_Yellow_Leaf_Curl_Virus,train\Tomato___Tomato_Yellow_Leaf_Curl_Virus\6a34e6d5-2acf-4d90-9e06-40368b092223___YLCV_NREC 2206.JPG,train\Tomato___Tomato_Yellow_Leaf_Curl_Virus\9f41a7d7-d1a1-474e-8a5e-0835bc2e6a0c___YLCV_GCREC 2037.JPG,Tomato___Tomato_Yellow_Leaf_Curl_Virus:::489.0,Tomato___Tomato_Yellow_Leaf_Curl_Virus:::36.0,False
8,False,train--validation,Tomato___Tomato_Yellow_Leaf_Curl_Virus,train\Tomato___Tomato_Yellow_Leaf_Curl_Virus\82bfedaf-02ec-47df-b93d-86afa55ed895___YLCV_GCREC 2752.JPG,train\Tomato___Tomato_Yellow_Leaf_Curl_Virus\bbb32822-fa9c-418a-8ec9-b84dd8da65ca___YLCV_GCREC 2808.JPG,Tomato___Tomato_Yellow_Leaf_Curl_Virus:::214.0,Tomato___Tomato_Yellow_Leaf_Curl_Virus:::228.0,False
8,False,train--validation,Tomato___Tomato_Yellow_Leaf_Curl_Virus,train\Tomato___Tomato_Yellow_Leaf_Curl_Virus\8ef68219-39f1-4d0c-9f1c-8fb07e920cbf___YLCV_GCREC 2580.JPG,train\Tomato___Tomato_Yellow_Leaf_Curl_Virus\3ae09e5f-7e7f-4e4c-8035-406142e322db___YLCV_GCREC 2924.JPG,Tomato___Tomato_Yellow_Leaf_Curl_Virus:::171.0,Tomato___Tomato_Yellow_Leaf_Curl_Virus:::257.0,False
8,False,train--validation,Tomato___Tomato_Yellow_Leaf_Curl_Virus,train\Tomato___Tomato_Yellow_Leaf_Curl_Virus\9da69a97-4b54-42df-b7f3-e6e48a7de84a___YLCV_GCREC 2788.JPG,train\Tomato___Tomato_Yellow_Leaf_Curl_Virus\45415a6c-ce63-417e-8f3f-28ee9681e336___YLCV_GCREC 5504.JPG,Tomato___Tomato_Yellow_Leaf_Curl_Virus:::223.0,Tomato___Tomato_Yellow_Leaf_Curl_Virus:::359.0,False
8,False,train--validation,Tomato___Tomato_Yellow_Leaf_Curl_Virus,train\Tomato___Tomato_Yellow_Leaf_Curl_Virus\a8af4da3-a9e0-480a-8a79-781c91cdaa62___UF.GRC_YLCV_Lab 01951.JPG,train\Tomato___Tomato_Yellow_Leaf_Curl_Virus\89e92214-c321-4acb-b62c-09e5790aa212___UF.GRC_YLCV_Lab 01962.JPG,,,True
8,False,train--validation,Tomato___Tomato_Yellow_Leaf_Curl_Virus,train\Tomato___Tomato_Yellow_Leaf_Curl_Virus\df63c0a1-0a40-41c0-81a9-a838b42aa337___YLCV_NREC 2580.JPG,train\Tomato___Tomato_Yellow_Leaf_Curl_Virus\c1f0842d-52b9-4abd-aac1-2986510a2c8e___YLCV_GCREC 2570.JPG,Tomato___Tomato_Yellow_Leaf_Curl_Virus:::583.0,Tomato___Tomato_Yellow_Leaf_Curl_Virus:::169.0,False
8,False,train--validation,Tomato___Tomato_Yellow_Leaf_Curl_Virus,train\Tomato___Tomato_Yellow_Leaf_Curl_Virus\ec757bc6-336d-4e29-89ab-23cdfb922d17___UF.GRC_YLCV_Lab 01837.JPG,train\Tomato___Tomato_Yellow_Leaf_Curl_Virus\93481e98-0be9-4898-9ec6-2a9b01d83f6d___UF.GRC_YLCV_Lab 01838.JPG,,,True
8,False,train--validation,Tomato___Tomato_Yellow_Leaf_Curl_Virus,train\Tomato___Tomato_Yellow_Leaf_Curl_Virus\edc3eaab-62d1-43f8-a772-58f435972eb1___UF.GRC_YLCV_Lab 03296.JPG,train\Tomato___Tomato_Yellow_Leaf_Curl_Virus\d7e92f44-d414-4201-83f7-40663d5e57c2___UF.GRC_YLCV_Lab 03295.JPG,,,True
8,False,train--validation,Tomato___Tomato_Yellow_Leaf_Curl_Virus,train\Tomato___Tomato_Yellow_Leaf_Curl_Virus\eff002e3-b722-44b4-b2b4-965b367cdca4___YLCV_NREC 2610.JPG,train\Tomato___Tomato_Yellow_Leaf_Curl_Virus\4e33d562-0e40-45ca-adb1-4a7fb4999078___YLCV_NREC 0095.JPG,Tomato___Tomato_Yellow_Leaf_Curl_Virus:::590.0,Tomato___Tomato_Yellow_Leaf_Curl_Virus:::379.0,False
8,False,train--validation,Tomato___Tomato_Yellow_Leaf_Curl_Virus,val\Tomato___Tomato_Yellow_Leaf_Curl_Virus\22062fea-5f67-45d8-b795-7f7dae68e32f___YLCV_GCREC 5367.JPG,val\Tomato___Tomato_Yellow_Leaf_Curl_Virus\fdc25575-1570-4353-bcf3-e219ab8324ad___YLCV_GCREC 2572.JPG,Tomato___Tomato_Yellow_Leaf_Curl_Virus:::325.0,Tomato___Tomato_Yellow_Leaf_Curl_Virus:::169.0,False
8,False,train--validation,Tomato___Tomato_Yellow_Leaf_Curl_Virus,val\Tomato___Tomato_Yellow_Leaf_Curl_Virus\7fe579f7-f356-41b7-97d0-bbc341eaae66___UF.GRC_YLCV_Lab 02808.JPG,val\Tomato___Tomato_Yellow_Leaf_Curl_Virus\8d6df373-91b8-4ae8-b358-e9d57a6f3d54___UF.GRC_YLCV_Lab 02828.JPG,,,True
8,False,train--validation,Tomato___Tomato_Yellow_Leaf_Curl_Virus,val\Tomato___Tomato_Yellow_Leaf_Curl_Virus\8c5d2176-74cd-443e-a1a3-3077b397463b___UF.GRC_YLCV_Lab 01929.JPG,train\Tomato___Tomato_Yellow_Leaf_Curl_Virus\e03a6b15-f236-4b0a-a1bc-a61f02f959ed___UF.GRC_YLCV_Lab 01915.JPG,,,True
8,False,train--validation,Tomato___Tomato_Yellow_Leaf_Curl_Virus,val\Tomato___Tomato_Yellow_Leaf_Curl_Virus\a23f2da9-ef84-4eba-b8b8-eda5fa9abb6d___UF.GRC_YLCV_Lab 08426.JPG,val\Tomato___Tomato_Yellow_Leaf_Curl_Virus\2654f769-b775-4904-8a9d-056cfe8f885c___UF.GRC_YLCV_Lab 08425.JPG,,,True
8,False,train--validation,Tomato___Tomato_Yellow_Leaf_Curl_Virus,val\Tomato___Tomato_Yellow_Leaf_Curl_Virus\c1fd6c41-2c00-498d-bb46-0ebb172b02e6___YLCV_NREC 2364.JPG,train\Tomato___Tomato_Yellow_Leaf_Curl_Virus\114aede5-a632-4623-8c0e-5517a4a207e7___YLCV_GCREC 2702.JPG,Tomato___Tomato_Yellow_Leaf_Curl_Virus:::529.0,Tomato___Tomato_Yellow_Leaf_Curl_Virus:::202.0,False
8,False,train--validation,Tomato___Tomato_Yellow_Leaf_Curl_Virus,val\Tomato___Tomato_Yellow_Leaf_Curl_Virus\e41cf05c-3cb8-47b0-81b4-67248d43b3e0___UF.GRC_YLCV_Lab 02479.JPG,train\Tomato___Tomato_Yellow_Leaf_Curl_Virus\09b590da-39d7-43fc-8bf8-1d27633afa7d___UF.GRC_YLCV_Lab 02476.JPG,,,True
8,False,train--validation,Tomato___Tomato_mosaic_virus,train\Tomato___Tomato_mosaic_virus\23987cfe-9866-46ce-b4ec-49ad82ede267___PSU_CG 2224.JPG,train\Tomato___Tomato_mosaic_virus\c03d1596-7911-42f1-bbf3-3f3c052b3e76___PSU_CG 2223.JPG,,,True
8,False,train--validation,Tomato___healthy,train\Tomato___healthy\06704d9f-3bbc-40cd-a5eb-258ed55e172b___GH_HL Leaf 491.1.JPG,train\Tomato___healthy\8db2e3c6-c5d9-41ec-9977-7b1a71964f24___GH_HL Leaf 501.2.JPG,,,True
8,False,train--validation,Tomato___healthy,train\Tomato___healthy\3f1ce663-3715-4220-bbce-93bcc9f0c478___GH_HL Leaf 311.JPG,train\Tomato___healthy\f7d044c0-6900-4624-9c20-fa27aa0911ff___GH_HL Leaf 275.JPG,,,True
8,False,train--validation,Tomato___healthy,train\Tomato___healthy\48b9e2a8-d24f-4dda-a3b9-a8705a6ffd4c___RS_HL 9990.JPG,train\Tomato___healthy\776714ac-7a89-4449-bde9-9b9911f1a371___RS_HL 9886.JPG,Tomato___healthy:::249.0,Tomato___healthy:::225.0,False
8,False,train--validation,Tomato___healthy,train\Tomato___healthy\4f334ff5-0f0a-4d15-8760-448bebddd4f2___GH_HL Leaf 527.JPG,train\Tomato___healthy\264a08a7-74a4-4492-aff1-8a3ab8b35c46___GH_HL Leaf 314.1.JPG,,,True
8,False,train--validation,Tomato___healthy,train\Tomato___healthy\67fb6b30-9542-4606-9438-da3e96b6a2d7___GH_HL Leaf 213.2.JPG,train\Tomato___healthy\7627db62-eca7-44fd-8b81-b818575821aa___GH_HL Leaf 356.1.JPG,,,True
8,False,train--validation,Tomato___healthy,train\Tomato___healthy\6c125a79-9b14-4a91-8f03-342910c7fe57___GH_HL Leaf 433.JPG,train\Tomato___healthy\5216e02b-891f-4b00-9768-73f13e6d8ebf___GH_HL Leaf 433.1.JPG,,,True
8,False,train--validation,Tomato___healthy,train\Tomato___healthy\a4dea30d-6551-4107-bba6-1390e74b6b0b___GH_HL Leaf 261.1.JPG,train\Tomato___healthy\264a08a7-74a4-4492-aff1-8a3ab8b35c46___GH_HL Leaf 314.1.JPG,,,True
8,False,train--validation,Tomato___healthy,train\Tomato___healthy\ec1137c0-ec94-4d00-aabd-97bb603f94c4___GH_HL Leaf 407.JPG,val\Tomato___healthy\6ddb8b0b-5d74-4381-8787-6229de8d51fc___GH_HL Leaf 378.JPG,,,True
8,False,train--validation,Tomato___healthy,train\Tomato___healthy\fd09836b-96be-498a-a720-e17a54522de7___RS_HL 9687.JPG,train\Tomato___healthy\aadb9f92-d885-4a69-a498-437b1edeab90___RS_HL 9959.JPG,Tomato___healthy:::175.0,Tomato___healthy:::242.0,False
